measurement_id,experiment_id,campaign_id,experiment_number,method,training_seed,dtype,metric_mode,workload_name,context_tokens,generated_tokens,batch_size,repetition_index,is_warmup,prefill_milliseconds,prefill_tokens_per_second,decode_seconds,decode_tokens_per_second,allocated_memory_mib,reserved_memory_mib,prefill_kv_cache_memory_mb,incremental_kv_cache_memory_mb,correctness_passed,max_logit_absolute_error,evaluator_git_commit,evaluator_sha256
1,4,baseline-a40-seed0,2,baseline,1,bf16,cached_decode,headline,,,1,0,1,,,,,,,,,,,c1af0ef8ec22a2e9338d021f48aae9137aae4576,dfa298c4f1eb0ff5514738cd5e0305aa25284bd32b37dcc5471df71ee5cbbcf9
2,4,baseline-a40-seed0,2,baseline,1,bf16,cached_decode,headline,,,1,1,1,,,,,,,,,,,c1af0ef8ec22a2e9338d021f48aae9137aae4576,dfa298c4f1eb0ff5514738cd5e0305aa25284bd32b37dcc5471df71ee5cbbcf9
3,4,baseline-a40-seed0,2,baseline,1,bf16,cached_decode,headline,,,1,0,0,7.00034946203232,36569.6029017498,1.59796351194382,159.578111824224,249.879943847656,352.0,4.0,3.984375,1,0.0764281749725342,c1af0ef8ec22a2e9338d021f48aae9137aae4576,dfa298c4f1eb0ff5514738cd5e0305aa25284bd32b37dcc5471df71ee5cbbcf9
4,4,baseline-a40-seed0,2,baseline,1,bf16,cached_decode,headline,,,1,1,0,6.08105584979057,42097.9524483099,1.58787915296853,160.591566129752,249.883850097656,352.0,4.0,3.984375,1,0.0764281749725342,c1af0ef8ec22a2e9338d021f48aae9137aae4576,dfa298c4f1eb0ff5514738cd5e0305aa25284bd32b37dcc5471df71ee5cbbcf9
5,4,baseline-a40-seed0,2,baseline,1,bf16,cached_decode,headline,,,1,2,0,6.38595782220364,40087.9565959395,1.59103246033192,160.273285654274,249.883850097656,352.0,4.0,3.984375,1,0.0764281749725342,c1af0ef8ec22a2e9338d021f48aae9137aae4576,dfa298c4f1eb0ff5514738cd5e0305aa25284bd32b37dcc5471df71ee5cbbcf9
6,4,baseline-a40-seed0,2,baseline,1,bf16,cached_decode,headline,,,1,3,0,8.17022658884525,31333.2803216884,1.6057798769325,158.801342365258,249.883850097656,352.0,4.0,3.984375,1,0.0764281749725342,c1af0ef8ec22a2e9338d021f48aae9137aae4576,dfa298c4f1eb0ff5514738cd5e0305aa25284bd32b37dcc5471df71ee5cbbcf9
7,4,baseline-a40-seed0,2,baseline,1,bf16,cached_decode,headline,,,1,4,0,6.24576024711132,40987.8045060088,1.64909589849412,154.630182655147,249.883850097656,352.0,4.0,3.984375,1,0.0764281749725342,c1af0ef8ec22a2e9338d021f48aae9137aae4576,dfa298c4f1eb0ff5514738cd5e0305aa25284bd32b37dcc5471df71ee5cbbcf9
8,4,baseline-a40-seed0,2,baseline,1,bf16,cached_decode,headline,,,1,5,0,6.20745681226254,41240.7218837647,1.66347514279187,153.293544003324,249.883850097656,352.0,4.0,3.984375,1,0.0764281749725342,c1af0ef8ec22a2e9338d021f48aae9137aae4576,dfa298c4f1eb0ff5514738cd5e0305aa25284bd32b37dcc5471df71ee5cbbcf9
9,4,baseline-a40-seed0,2,baseline,1,bf16,cached_decode,headline,,,1,6,0,11.5939378738403,22080.5047245957,1.61566815897822,157.829439531238,249.883850097656,352.0,4.0,3.984375,1,0.0764281749725342,c1af0ef8ec22a2e9338d021f48aae9137aae4576,dfa298c4f1eb0ff5514738cd5e0305aa25284bd32b37dcc5471df71ee5cbbcf9
10,4,baseline-a40-seed0,2,baseline,1,bf16,cached_decode,headline,,,1,7,0,7.36627168953419,34752.9945662632,1.64468626864254,155.044767419665,249.883850097656,352.0,4.0,3.984375,1,0.0764281749725342,c1af0ef8ec22a2e9338d021f48aae9137aae4576,dfa298c4f1eb0ff5514738cd5e0305aa25284bd32b37dcc5471df71ee5cbbcf9
11,4,baseline-a40-seed0,2,baseline,1,bf16,cached_decode,headline,,,1,8,0,6.23943656682968,41029.345720246,1.64852732978761,154.683513820091,249.883850097656,352.0,4.0,3.984375,1,0.0764281749725342,c1af0ef8ec22a2e9338d021f48aae9137aae4576,dfa298c4f1eb0ff5514738cd5e0305aa25284bd32b37dcc5471df71ee5cbbcf9
12,4,baseline-a40-seed0,2,baseline,1,bf16,cached_decode,headline,,,1,9,0,6.17180392146111,41478.9587060301,1.59642826206982,159.731574577228,249.883850097656,352.0,4.0,3.984375,1,0.0764281749725342,c1af0ef8ec22a2e9338d021f48aae9137aae4576,dfa298c4f1eb0ff5514738cd5e0305aa25284bd32b37dcc5471df71ee5cbbcf9
13,5,baseline-a40-seed0,3,baseline,2,bf16,cached_decode,headline,,,1,0,1,,,,,,,,,,,c1af0ef8ec22a2e9338d021f48aae9137aae4576,dfa298c4f1eb0ff5514738cd5e0305aa25284bd32b37dcc5471df71ee5cbbcf9
14,5,baseline-a40-seed0,3,baseline,2,bf16,cached_decode,headline,,,1,1,1,,,,,,,,,,,c1af0ef8ec22a2e9338d021f48aae9137aae4576,dfa298c4f1eb0ff5514738cd5e0305aa25284bd32b37dcc5471df71ee5cbbcf9
15,5,baseline-a40-seed0,3,baseline,2,bf16,cached_decode,headline,,,1,0,0,6.77079521119595,37809.4436494974,1.61568375304341,157.827916211737,249.879943847656,352.0,4.0,3.984375,1,0.0784673690795898,c1af0ef8ec22a2e9338d021f48aae9137aae4576,dfa298c4f1eb0ff5514738cd5e0305aa25284bd32b37dcc5471df71ee5cbbcf9
16,5,baseline-a40-seed0,3,baseline,2,bf16,cached_decode,headline,,,1,1,0,6.44818693399429,39701.0822763822,1.64176118373871,155.321006810077,249.883850097656,352.0,4.0,3.984375,1,0.0784673690795898,c1af0ef8ec22a2e9338d021f48aae9137aae4576,dfa298c4f1eb0ff5514738cd5e0305aa25284bd32b37dcc5471df71ee5cbbcf9
17,5,baseline-a40-seed0,3,baseline,2,bf16,cached_decode,headline,,,1,2,0,6.21113553643227,41216.2958767196,1.6726826839149,152.449715927694,249.883850097656,352.0,4.0,3.984375,1,0.0784673690795898,c1af0ef8ec22a2e9338d021f48aae9137aae4576,dfa298c4f1eb0ff5514738cd5e0305aa25284bd32b37dcc5471df71ee5cbbcf9
18,5,baseline-a40-seed0,3,baseline,2,bf16,cached_decode,headline,,,1,3,0,6.41149096190929,39928.3102044279,1.64141245931387,155.354005358649,249.883850097656,352.0,4.0,3.984375,1,0.0784673690795898,c1af0ef8ec22a2e9338d021f48aae9137aae4576,dfa298c4f1eb0ff5514738cd5e0305aa25284bd32b37dcc5471df71ee5cbbcf9
19,5,baseline-a40-seed0,3,baseline,2,bf16,cached_decode,headline,,,1,4,0,6.38402812182903,40100.0739837994,1.65865628235042,153.738904626249,249.883850097656,352.0,4.0,3.984375,1,0.0784673690795898,c1af0ef8ec22a2e9338d021f48aae9137aae4576,dfa298c4f1eb0ff5514738cd5e0305aa25284bd32b37dcc5471df71ee5cbbcf9
20,5,baseline-a40-seed0,3,baseline,2,bf16,cached_decode,headline,,,1,5,0,8.43862444162369,30336.6978553133,1.70103023201227,149.909152230847,249.883850097656,352.0,4.0,3.984375,1,0.0784673690795898,c1af0ef8ec22a2e9338d021f48aae9137aae4576,dfa298c4f1eb0ff5514738cd5e0305aa25284bd32b37dcc5471df71ee5cbbcf9
21,5,baseline-a40-seed0,3,baseline,2,bf16,cached_decode,headline,,,1,6,0,6.15878589451313,41566.6341361324,1.63703034818172,155.769867237484,249.883850097656,352.0,4.0,3.984375,1,0.0784673690795898,c1af0ef8ec22a2e9338d021f48aae9137aae4576,dfa298c4f1eb0ff5514738cd5e0305aa25284bd32b37dcc5471df71ee5cbbcf9
22,5,baseline-a40-seed0,3,baseline,2,bf16,cached_decode,headline,,,1,7,0,6.10497035086155,41933.0455820924,1.57701995223761,161.69738349739,249.883850097656,352.0,4.0,3.984375,1,0.0784673690795898,c1af0ef8ec22a2e9338d021f48aae9137aae4576,dfa298c4f1eb0ff5514738cd5e0305aa25284bd32b37dcc5471df71ee5cbbcf9
23,5,baseline-a40-seed0,3,baseline,2,bf16,cached_decode,headline,,,1,8,0,6.20797649025917,41237.2695678995,1.57146071642637,162.269407904698,249.883850097656,352.0,4.0,3.984375,1,0.0784673690795898,c1af0ef8ec22a2e9338d021f48aae9137aae4576,dfa298c4f1eb0ff5514738cd5e0305aa25284bd32b37dcc5471df71ee5cbbcf9
24,5,baseline-a40-seed0,3,baseline,2,bf16,cached_decode,headline,,,1,9,0,6.85777887701988,37329.8708795999,1.6625228729099,153.381348404353,249.883850097656,352.0,4.0,3.984375,1,0.0784673690795898,c1af0ef8ec22a2e9338d021f48aae9137aae4576,dfa298c4f1eb0ff5514738cd5e0305aa25284bd32b37dcc5471df71ee5cbbcf9
25,6,baseline-a40-seed0,4,baseline,3,bf16,cached_decode,headline,,,1,0,1,,,,,,,,,,,c1af0ef8ec22a2e9338d021f48aae9137aae4576,dfa298c4f1eb0ff5514738cd5e0305aa25284bd32b37dcc5471df71ee5cbbcf9
26,6,baseline-a40-seed0,4,baseline,3,bf16,cached_decode,headline,,,1,1,1,,,,,,,,,,,c1af0ef8ec22a2e9338d021f48aae9137aae4576,dfa298c4f1eb0ff5514738cd5e0305aa25284bd32b37dcc5471df71ee5cbbcf9
27,6,baseline-a40-seed0,4,baseline,3,bf16,cached_decode,headline,,,1,0,0,7.25581869482994,35282.0282268643,1.62882490456104,156.554580720093,249.879943847656,352.0,4.0,3.984375,1,0.086855411529541,c1af0ef8ec22a2e9338d021f48aae9137aae4576,dfa298c4f1eb0ff5514738cd5e0305aa25284bd32b37dcc5471df71ee5cbbcf9
28,6,baseline-a40-seed0,4,baseline,3,bf16,cached_decode,headline,,,1,1,0,6.34731538593769,40332.0119506211,1.60162409208715,159.213389246473,249.883850097656,352.0,4.0,3.984375,1,0.086855411529541,c1af0ef8ec22a2e9338d021f48aae9137aae4576,dfa298c4f1eb0ff5514738cd5e0305aa25284bd32b37dcc5471df71ee5cbbcf9
29,6,baseline-a40-seed0,4,baseline,3,bf16,cached_decode,headline,,,1,2,0,6.52928836643696,39207.9481917108,1.57904653251171,161.48985780323,249.883850097656,352.0,4.0,3.984375,1,0.086855411529541,c1af0ef8ec22a2e9338d021f48aae9137aae4576,dfa298c4f1eb0ff5514738cd5e0305aa25284bd32b37dcc5471df71ee5cbbcf9
30,6,baseline-a40-seed0,4,baseline,3,bf16,cached_decode,headline,,,1,3,0,6.2816496938467,40753.625636076,1.64506315439939,155.009246494916,249.883850097656,352.0,4.0,3.984375,1,0.086855411529541,c1af0ef8ec22a2e9338d021f48aae9137aae4576,dfa298c4f1eb0ff5514738cd5e0305aa25284bd32b37dcc5471df71ee5cbbcf9
31,6,baseline-a40-seed0,4,baseline,3,bf16,cached_decode,headline,,,1,4,0,6.2865074723959,40722.1340504402,1.63550103642046,155.915523329845,249.883850097656,352.0,4.0,3.984375,1,0.086855411529541,c1af0ef8ec22a2e9338d021f48aae9137aae4576,dfa298c4f1eb0ff5514738cd5e0305aa25284bd32b37dcc5471df71ee5cbbcf9
32,6,baseline-a40-seed0,4,baseline,3,bf16,cached_decode,headline,,,1,5,0,6.24793954193592,40973.5078711531,1.59883923642337,159.490706877096,249.883850097656,352.0,4.0,3.984375,1,0.086855411529541,c1af0ef8ec22a2e9338d021f48aae9137aae4576,dfa298c4f1eb0ff5514738cd5e0305aa25284bd32b37dcc5471df71ee5cbbcf9
33,6,baseline-a40-seed0,4,baseline,3,bf16,cached_decode,headline,,,1,6,0,6.25753216445446,40910.6966248121,1.59603162296116,159.771270400577,249.883850097656,352.0,4.0,3.984375,1,0.086855411529541,c1af0ef8ec22a2e9338d021f48aae9137aae4576,dfa298c4f1eb0ff5514738cd5e0305aa25284bd32b37dcc5471df71ee5cbbcf9
34,6,baseline-a40-seed0,4,baseline,3,bf16,cached_decode,headline,,,1,7,0,6.2751080840826,40796.1100541627,1.62158658728004,157.253397382698,249.883850097656,352.0,4.0,3.984375,1,0.086855411529541,c1af0ef8ec22a2e9338d021f48aae9137aae4576,dfa298c4f1eb0ff5514738cd5e0305aa25284bd32b37dcc5471df71ee5cbbcf9
35,6,baseline-a40-seed0,4,baseline,3,bf16,cached_decode,headline,,,1,8,0,7.11759738624096,35967.1931563415,1.64732688479125,154.79623525498,249.883850097656,352.0,4.0,3.984375,1,0.086855411529541,c1af0ef8ec22a2e9338d021f48aae9137aae4576,dfa298c4f1eb0ff5514738cd5e0305aa25284bd32b37dcc5471df71ee5cbbcf9
36,6,baseline-a40-seed0,4,baseline,3,bf16,cached_decode,headline,,,1,9,0,6.38261437416077,40108.9561412929,1.63608275912702,155.860086280759,249.883850097656,352.0,4.0,3.984375,1,0.086855411529541,c1af0ef8ec22a2e9338d021f48aae9137aae4576,dfa298c4f1eb0ff5514738cd5e0305aa25284bd32b37dcc5471df71ee5cbbcf9
37,7,baseline-a40-seed0,5,baseline,4,bf16,cached_decode,headline,,,1,0,1,,,,,,,,,,,c1af0ef8ec22a2e9338d021f48aae9137aae4576,dfa298c4f1eb0ff5514738cd5e0305aa25284bd32b37dcc5471df71ee5cbbcf9
38,7,baseline-a40-seed0,5,baseline,4,bf16,cached_decode,headline,,,1,1,1,,,,,,,,,,,c1af0ef8ec22a2e9338d021f48aae9137aae4576,dfa298c4f1eb0ff5514738cd5e0305aa25284bd32b37dcc5471df71ee5cbbcf9
39,7,baseline-a40-seed0,5,baseline,4,bf16,cached_decode,headline,,,1,0,0,6.66054338216782,38435.3025438413,1.66950266063213,152.740098002268,249.879943847656,352.0,4.0,3.984375,1,0.0765209197998047,c1af0ef8ec22a2e9338d021f48aae9137aae4576,dfa298c4f1eb0ff5514738cd5e0305aa25284bd32b37dcc5471df71ee5cbbcf9
40,7,baseline-a40-seed0,5,baseline,4,bf16,cached_decode,headline,,,1,1,0,6.72593899071217,38061.6000759908,1.61822152324021,157.580403138754,249.883850097656,352.0,4.0,3.984375,1,0.0765209197998047,c1af0ef8ec22a2e9338d021f48aae9137aae4576,dfa298c4f1eb0ff5514738cd5e0305aa25284bd32b37dcc5471df71ee5cbbcf9
41,7,baseline-a40-seed0,5,baseline,4,bf16,cached_decode,headline,,,1,2,0,6.43915683031082,39756.7580269112,1.58441980741918,160.94219398542,249.883850097656,352.0,4.0,3.984375,1,0.0765209197998047,c1af0ef8ec22a2e9338d021f48aae9137aae4576,dfa298c4f1eb0ff5514738cd5e0305aa25284bd32b37dcc5471df71ee5cbbcf9
42,7,baseline-a40-seed0,5,baseline,4,bf16,cached_decode,headline,,,1,3,0,6.35676831007004,40272.0356496963,1.60782229714096,158.599616669979,249.883850097656,352.0,4.0,3.984375,1,0.0765209197998047,c1af0ef8ec22a2e9338d021f48aae9137aae4576,dfa298c4f1eb0ff5514738cd5e0305aa25284bd32b37dcc5471df71ee5cbbcf9
43,7,baseline-a40-seed0,5,baseline,4,bf16,cached_decode,headline,,,1,4,0,7.2117205709219,35497.7702591817,1.57324687950313,162.085177680781,249.883850097656,352.0,4.0,3.984375,1,0.0765209197998047,c1af0ef8ec22a2e9338d021f48aae9137aae4576,dfa298c4f1eb0ff5514738cd5e0305aa25284bd32b37dcc5471df71ee5cbbcf9
44,7,baseline-a40-seed0,5,baseline,4,bf16,cached_decode,headline,,,1,5,0,6.38710334897041,40080.7668222977,1.59912299737334,159.462405592849,249.883850097656,352.0,4.0,3.984375,1,0.0765209197998047,c1af0ef8ec22a2e9338d021f48aae9137aae4576,dfa298c4f1eb0ff5514738cd5e0305aa25284bd32b37dcc5471df71ee5cbbcf9
45,7,baseline-a40-seed0,5,baseline,4,bf16,cached_decode,headline,,,1,6,0,8.26721638441086,30965.6827759738,1.57868053764105,161.527296954604,249.883850097656,352.0,4.0,3.984375,1,0.0765209197998047,c1af0ef8ec22a2e9338d021f48aae9137aae4576,dfa298c4f1eb0ff5514738cd5e0305aa25284bd32b37dcc5471df71ee5cbbcf9
46,7,baseline-a40-seed0,5,baseline,4,bf16,cached_decode,headline,,,1,7,0,6.20140880346298,41280.9424621458,1.56254364922643,163.195441052955,249.883850097656,352.0,4.0,3.984375,1,0.0765209197998047,c1af0ef8ec22a2e9338d021f48aae9137aae4576,dfa298c4f1eb0ff5514738cd5e0305aa25284bd32b37dcc5471df71ee5cbbcf9
47,7,baseline-a40-seed0,5,baseline,4,bf16,cached_decode,headline,,,1,8,0,6.76510855555534,37841.2257390576,1.57693739794195,161.705848521824,249.883850097656,352.0,4.0,3.984375,1,0.0765209197998047,c1af0ef8ec22a2e9338d021f48aae9137aae4576,dfa298c4f1eb0ff5514738cd5e0305aa25284bd32b37dcc5471df71ee5cbbcf9
48,7,baseline-a40-seed0,5,baseline,4,bf16,cached_decode,headline,,,1,9,0,6.15593232214451,41585.9022814628,1.57692567259073,161.707050898005,249.883850097656,352.0,4.0,3.984375,1,0.0765209197998047,c1af0ef8ec22a2e9338d021f48aae9137aae4576,dfa298c4f1eb0ff5514738cd5e0305aa25284bd32b37dcc5471df71ee5cbbcf9
49,8,baseline-a40-cached-fresh-20260722,1,baseline,0,bf16,cached_decode,headline,,,1,0,1,,,,,,,,,,,cc029fdb4381b32012d01bb4df25c08183f03cf7,dfa298c4f1eb0ff5514738cd5e0305aa25284bd32b37dcc5471df71ee5cbbcf9
50,8,baseline-a40-cached-fresh-20260722,1,baseline,0,bf16,cached_decode,headline,,,1,1,1,,,,,,,,,,,cc029fdb4381b32012d01bb4df25c08183f03cf7,dfa298c4f1eb0ff5514738cd5e0305aa25284bd32b37dcc5471df71ee5cbbcf9
51,8,baseline-a40-cached-fresh-20260722,1,baseline,0,bf16,cached_decode,headline,,,1,0,0,6.86691328883171,37280.2144474951,1.55714079365134,163.761684903296,249.879943847656,352.0,4.0,3.984375,1,0.0777167081832886,cc029fdb4381b32012d01bb4df25c08183f03cf7,dfa298c4f1eb0ff5514738cd5e0305aa25284bd32b37dcc5471df71ee5cbbcf9
52,8,baseline-a40-cached-fresh-20260722,1,baseline,0,bf16,cached_decode,headline,,,1,1,0,6.33873045444489,40386.6360685027,1.54206734150648,165.36242817443,249.883850097656,352.0,4.0,3.984375,1,0.0777167081832886,cc029fdb4381b32012d01bb4df25c08183f03cf7,dfa298c4f1eb0ff5514738cd5e0305aa25284bd32b37dcc5471df71ee5cbbcf9
53,8,baseline-a40-cached-fresh-20260722,1,baseline,0,bf16,cached_decode,headline,,,1,2,0,6.19512237608433,41322.8318117271,1.5559887830168,163.882929480763,249.883850097656,352.0,4.0,3.984375,1,0.0777167081832886,cc029fdb4381b32012d01bb4df25c08183f03cf7,dfa298c4f1eb0ff5514738cd5e0305aa25284bd32b37dcc5471df71ee5cbbcf9
54,8,baseline-a40-cached-fresh-20260722,1,baseline,0,bf16,cached_decode,headline,,,1,3,0,6.2859021127224,40726.0557688079,1.55730072781444,163.744866643628,249.883850097656,352.0,4.0,3.984375,1,0.0777167081832886,cc029fdb4381b32012d01bb4df25c08183f03cf7,dfa298c4f1eb0ff5514738cd5e0305aa25284bd32b37dcc5471df71ee5cbbcf9
55,8,baseline-a40-cached-fresh-20260722,1,baseline,0,bf16,cached_decode,headline,,,1,4,0,6.43793679773808,39764.2922014928,1.55204295925796,164.299575909881,249.883850097656,352.0,4.0,3.984375,1,0.0777167081832886,cc029fdb4381b32012d01bb4df25c08183f03cf7,dfa298c4f1eb0ff5514738cd5e0305aa25284bd32b37dcc5471df71ee5cbbcf9
56,8,baseline-a40-cached-fresh-20260722,1,baseline,0,bf16,cached_decode,headline,,,1,5,0,6.02017529308796,42523.6787197751,1.54655677080154,164.882405104236,249.883850097656,352.0,4.0,3.984375,1,0.0777167081832886,cc029fdb4381b32012d01bb4df25c08183f03cf7,dfa298c4f1eb0ff5514738cd5e0305aa25284bd32b37dcc5471df71ee5cbbcf9
57,8,baseline-a40-cached-fresh-20260722,1,baseline,0,bf16,cached_decode,headline,,,1,6,0,6.18847273290157,41367.234057436,1.539515953511,165.636477763319,249.883850097656,352.0,4.0,3.984375,1,0.0777167081832886,cc029fdb4381b32012d01bb4df25c08183f03cf7,dfa298c4f1eb0ff5514738cd5e0305aa25284bd32b37dcc5471df71ee5cbbcf9
58,8,baseline-a40-cached-fresh-20260722,1,baseline,0,bf16,cached_decode,headline,,,1,7,0,6.0490146279335,42320.9424585994,1.59374353848398,160.00064868816,249.883850097656,352.0,4.0,3.984375,1,0.0777167081832886,cc029fdb4381b32012d01bb4df25c08183f03cf7,dfa298c4f1eb0ff5514738cd5e0305aa25284bd32b37dcc5471df71ee5cbbcf9
59,8,baseline-a40-cached-fresh-20260722,1,baseline,0,bf16,cached_decode,headline,,,1,8,0,6.00320845842361,42643.8631563401,1.52310512401164,167.421142493676,249.883850097656,352.0,4.0,3.984375,1,0.0777167081832886,cc029fdb4381b32012d01bb4df25c08183f03cf7,dfa298c4f1eb0ff5514738cd5e0305aa25284bd32b37dcc5471df71ee5cbbcf9
60,8,baseline-a40-cached-fresh-20260722,1,baseline,0,bf16,cached_decode,headline,,,1,9,0,6.19246251881123,41340.5812667147,1.55558294244111,163.925685376724,249.883850097656,352.0,4.0,3.984375,1,0.0777167081832886,cc029fdb4381b32012d01bb4df25c08183f03cf7,dfa298c4f1eb0ff5514738cd5e0305aa25284bd32b37dcc5471df71ee5cbbcf9
61,9,baseline-a40-cached-fresh-20260722,2,baseline,1,bf16,cached_decode,headline,,,1,0,1,,,,,,,,,,,cc029fdb4381b32012d01bb4df25c08183f03cf7,dfa298c4f1eb0ff5514738cd5e0305aa25284bd32b37dcc5471df71ee5cbbcf9
62,9,baseline-a40-cached-fresh-20260722,2,baseline,1,bf16,cached_decode,headline,,,1,1,1,,,,,,,,,,,cc029fdb4381b32012d01bb4df25c08183f03cf7,dfa298c4f1eb0ff5514738cd5e0305aa25284bd32b37dcc5471df71ee5cbbcf9
63,9,baseline-a40-cached-fresh-20260722,2,baseline,1,bf16,cached_decode,headline,,,1,0,0,8.17292369902134,31322.940165299,1.73442631587386,147.022676989032,249.879943847656,352.0,4.0,3.984375,1,0.0871479511260986,cc029fdb4381b32012d01bb4df25c08183f03cf7,dfa298c4f1eb0ff5514738cd5e0305aa25284bd32b37dcc5471df71ee5cbbcf9
64,9,baseline-a40-cached-fresh-20260722,2,baseline,1,bf16,cached_decode,headline,,,1,1,0,6.67346455156803,38360.8840688078,1.68766267225146,151.096545650211,249.883850097656,352.0,4.0,3.984375,1,0.0871479511260986,cc029fdb4381b32012d01bb4df25c08183f03cf7,dfa298c4f1eb0ff5514738cd5e0305aa25284bd32b37dcc5471df71ee5cbbcf9
65,9,baseline-a40-cached-fresh-20260722,2,baseline,1,bf16,cached_decode,headline,,,1,2,0,6.66188448667526,38427.5651299624,1.67253505066037,152.463172535199,249.883850097656,352.0,4.0,3.984375,1,0.0871479511260986,cc029fdb4381b32012d01bb4df25c08183f03cf7,dfa298c4f1eb0ff5514738cd5e0305aa25284bd32b37dcc5471df71ee5cbbcf9
66,9,baseline-a40-cached-fresh-20260722,2,baseline,1,bf16,cached_decode,headline,,,1,3,0,6.42488338053226,39845.0812003364,1.68951836414635,150.930587918671,249.883850097656,352.0,4.0,3.984375,1,0.0871479511260986,cc029fdb4381b32012d01bb4df25c08183f03cf7,dfa298c4f1eb0ff5514738cd5e0305aa25284bd32b37dcc5471df71ee5cbbcf9
67,9,baseline-a40-cached-fresh-20260722,2,baseline,1,bf16,cached_decode,headline,,,1,4,0,6.47608004510403,39530.0858261532,1.70813769847155,149.285388542256,249.883850097656,352.0,4.0,3.984375,1,0.0871479511260986,cc029fdb4381b32012d01bb4df25c08183f03cf7,dfa298c4f1eb0ff5514738cd5e0305aa25284bd32b37dcc5471df71ee5cbbcf9
68,9,baseline-a40-cached-fresh-20260722,2,baseline,1,bf16,cached_decode,headline,,,1,5,0,7.72982649505138,33118.4665223586,1.67530037090182,152.211510502282,249.883850097656,352.0,4.0,3.984375,1,0.0871479511260986,cc029fdb4381b32012d01bb4df25c08183f03cf7,dfa298c4f1eb0ff5514738cd5e0305aa25284bd32b37dcc5471df71ee5cbbcf9
69,9,baseline-a40-cached-fresh-20260722,2,baseline,1,bf16,cached_decode,headline,,,1,6,0,6.47036358714104,39565.009995538,1.62728160060942,156.703056130237,249.883850097656,352.0,4.0,3.984375,1,0.0871479511260986,cc029fdb4381b32012d01bb4df25c08183f03cf7,dfa298c4f1eb0ff5514738cd5e0305aa25284bd32b37dcc5471df71ee5cbbcf9
70,9,baseline-a40-cached-fresh-20260722,2,baseline,1,bf16,cached_decode,headline,,,1,7,0,6.73405267298222,38015.7406589796,1.64171625673771,155.325257305252,249.883850097656,352.0,4.0,3.984375,1,0.0871479511260986,cc029fdb4381b32012d01bb4df25c08183f03cf7,dfa298c4f1eb0ff5514738cd5e0305aa25284bd32b37dcc5471df71ee5cbbcf9
71,9,baseline-a40-cached-fresh-20260722,2,baseline,1,bf16,cached_decode,headline,,,1,8,0,6.3713937997818,40179.5914747519,1.68215940520167,151.590865414701,249.883850097656,352.0,4.0,3.984375,1,0.0871479511260986,cc029fdb4381b32012d01bb4df25c08183f03cf7,dfa298c4f1eb0ff5514738cd5e0305aa25284bd32b37dcc5471df71ee5cbbcf9
72,9,baseline-a40-cached-fresh-20260722,2,baseline,1,bf16,cached_decode,headline,,,1,9,0,7.62531347572803,33572.3902781004,1.67587777040899,152.159068222361,249.883850097656,352.0,4.0,3.984375,1,0.0871479511260986,cc029fdb4381b32012d01bb4df25c08183f03cf7,dfa298c4f1eb0ff5514738cd5e0305aa25284bd32b37dcc5471df71ee5cbbcf9
73,10,baseline-a40-cached-fresh-20260722,3,baseline,2,bf16,cached_decode,headline,,,1,0,1,,,,,,,,,,,cc029fdb4381b32012d01bb4df25c08183f03cf7,dfa298c4f1eb0ff5514738cd5e0305aa25284bd32b37dcc5471df71ee5cbbcf9
74,10,baseline-a40-cached-fresh-20260722,3,baseline,2,bf16,cached_decode,headline,,,1,1,1,,,,,,,,,,,cc029fdb4381b32012d01bb4df25c08183f03cf7,dfa298c4f1eb0ff5514738cd5e0305aa25284bd32b37dcc5471df71ee5cbbcf9
75,10,baseline-a40-cached-fresh-20260722,3,baseline,2,bf16,cached_decode,headline,,,1,0,0,7.21977278590202,35458.1795842507,1.66610890440643,153.051219716545,249.879943847656,352.0,4.0,3.984375,1,0.0921158790588379,cc029fdb4381b32012d01bb4df25c08183f03cf7,dfa298c4f1eb0ff5514738cd5e0305aa25284bd32b37dcc5471df71ee5cbbcf9
76,10,baseline-a40-cached-fresh-20260722,3,baseline,2,bf16,cached_decode,headline,,,1,1,0,6.24206475913525,41012.0705052514,1.59243982471526,160.131639539721,249.883850097656,352.0,4.0,3.984375,1,0.0921158790588379,cc029fdb4381b32012d01bb4df25c08183f03cf7,dfa298c4f1eb0ff5514738cd5e0305aa25284bd32b37dcc5471df71ee5cbbcf9
77,10,baseline-a40-cached-fresh-20260722,3,baseline,2,bf16,cached_decode,headline,,,1,2,0,6.16833008825779,41502.3185103743,1.56663490831852,162.769256988977,249.883850097656,352.0,4.0,3.984375,1,0.0921158790588379,cc029fdb4381b32012d01bb4df25c08183f03cf7,dfa298c4f1eb0ff5514738cd5e0305aa25284bd32b37dcc5471df71ee5cbbcf9
78,10,baseline-a40-cached-fresh-20260722,3,baseline,2,bf16,cached_decode,headline,,,1,3,0,6.1972364783287,41308.7350942979,1.55892690643668,163.5740578645,249.883850097656,352.0,4.0,3.984375,1,0.0921158790588379,cc029fdb4381b32012d01bb4df25c08183f03cf7,dfa298c4f1eb0ff5514738cd5e0305aa25284bd32b37dcc5471df71ee5cbbcf9
79,10,baseline-a40-cached-fresh-20260722,3,baseline,2,bf16,cached_decode,headline,,,1,4,0,6.56717829406261,38981.7343974732,1.56258783303201,163.190826531142,249.883850097656,352.0,4.0,3.984375,1,0.0921158790588379,cc029fdb4381b32012d01bb4df25c08183f03cf7,dfa298c4f1eb0ff5514738cd5e0305aa25284bd32b37dcc5471df71ee5cbbcf9
80,10,baseline-a40-cached-fresh-20260722,3,baseline,2,bf16,cached_decode,headline,,,1,5,0,8.41328129172325,30428.0804508279,1.57272022776306,162.139454620417,249.883850097656,352.0,4.0,3.984375,1,0.0921158790588379,cc029fdb4381b32012d01bb4df25c08183f03cf7,dfa298c4f1eb0ff5514738cd5e0305aa25284bd32b37dcc5471df71ee5cbbcf9
81,10,baseline-a40-cached-fresh-20260722,3,baseline,2,bf16,cached_decode,headline,,,1,6,0,6.20077364146709,41285.1709806054,1.57034869305789,162.384317016526,249.883850097656,352.0,4.0,3.984375,1,0.0921158790588379,cc029fdb4381b32012d01bb4df25c08183f03cf7,dfa298c4f1eb0ff5514738cd5e0305aa25284bd32b37dcc5471df71ee5cbbcf9
82,10,baseline-a40-cached-fresh-20260722,3,baseline,2,bf16,cached_decode,headline,,,1,7,0,6.08338974416256,42081.801555728,1.5977697391063,159.597464990564,249.883850097656,352.0,4.0,3.984375,1,0.0921158790588379,cc029fdb4381b32012d01bb4df25c08183f03cf7,dfa298c4f1eb0ff5514738cd5e0305aa25284bd32b37dcc5471df71ee5cbbcf9
83,10,baseline-a40-cached-fresh-20260722,3,baseline,2,bf16,cached_decode,headline,,,1,8,0,6.10983185470104,41899.680071069,1.62130253389478,157.280948292498,249.883850097656,352.0,4.0,3.984375,1,0.0921158790588379,cc029fdb4381b32012d01bb4df25c08183f03cf7,dfa298c4f1eb0ff5514738cd5e0305aa25284bd32b37dcc5471df71ee5cbbcf9
84,10,baseline-a40-cached-fresh-20260722,3,baseline,2,bf16,cached_decode,headline,,,1,9,0,6.40245713293552,39984.6488128885,1.57558165490627,161.844991788235,249.883850097656,352.0,4.0,3.984375,1,0.0921158790588379,cc029fdb4381b32012d01bb4df25c08183f03cf7,dfa298c4f1eb0ff5514738cd5e0305aa25284bd32b37dcc5471df71ee5cbbcf9
85,11,baseline-a40-cached-fresh-20260722,4,baseline,3,bf16,cached_decode,headline,,,1,0,1,,,,,,,,,,,cc029fdb4381b32012d01bb4df25c08183f03cf7,dfa298c4f1eb0ff5514738cd5e0305aa25284bd32b37dcc5471df71ee5cbbcf9
86,11,baseline-a40-cached-fresh-20260722,4,baseline,3,bf16,cached_decode,headline,,,1,1,1,,,,,,,,,,,cc029fdb4381b32012d01bb4df25c08183f03cf7,dfa298c4f1eb0ff5514738cd5e0305aa25284bd32b37dcc5471df71ee5cbbcf9
87,11,baseline-a40-cached-fresh-20260722,4,baseline,3,bf16,cached_decode,headline,,,1,0,0,6.67108409106731,38374.5724840717,1.58359478786588,161.026041481009,249.879943847656,352.0,4.0,3.984375,1,0.0826129913330078,cc029fdb4381b32012d01bb4df25c08183f03cf7,dfa298c4f1eb0ff5514738cd5e0305aa25284bd32b37dcc5471df71ee5cbbcf9
88,11,baseline-a40-cached-fresh-20260722,4,baseline,3,bf16,cached_decode,headline,,,1,1,0,6.18449971079826,41393.8090340628,1.54246921278536,165.319345038677,249.883850097656,352.0,4.0,3.984375,1,0.0826129913330078,cc029fdb4381b32012d01bb4df25c08183f03cf7,dfa298c4f1eb0ff5514738cd5e0305aa25284bd32b37dcc5471df71ee5cbbcf9
89,11,baseline-a40-cached-fresh-20260722,4,baseline,3,bf16,cached_decode,headline,,,1,2,0,6.20902143418789,41230.3295637574,1.58974048122764,160.403539452605,249.883850097656,352.0,4.0,3.984375,1,0.0826129913330078,cc029fdb4381b32012d01bb4df25c08183f03cf7,dfa298c4f1eb0ff5514738cd5e0305aa25284bd32b37dcc5471df71ee5cbbcf9
90,11,baseline-a40-cached-fresh-20260722,4,baseline,3,bf16,cached_decode,headline,,,1,3,0,6.58940523862839,38850.2437973123,1.56954176723957,162.467801317885,249.883850097656,352.0,4.0,3.984375,1,0.0826129913330078,cc029fdb4381b32012d01bb4df25c08183f03cf7,dfa298c4f1eb0ff5514738cd5e0305aa25284bd32b37dcc5471df71ee5cbbcf9
91,11,baseline-a40-cached-fresh-20260722,4,baseline,3,bf16,cached_decode,headline,,,1,4,0,7.65333138406277,33449.4858713543,1.85176658816636,137.70634032905,249.883850097656,352.0,4.0,3.984375,1,0.0826129913330078,cc029fdb4381b32012d01bb4df25c08183f03cf7,dfa298c4f1eb0ff5514738cd5e0305aa25284bd32b37dcc5471df71ee5cbbcf9
92,11,baseline-a40-cached-fresh-20260722,4,baseline,3,bf16,cached_decode,headline,,,1,5,0,8.21577198803425,31159.5794494842,1.58337231911719,161.048666142007,249.883850097656,352.0,4.0,3.984375,1,0.0826129913330078,cc029fdb4381b32012d01bb4df25c08183f03cf7,dfa298c4f1eb0ff5514738cd5e0305aa25284bd32b37dcc5471df71ee5cbbcf9
93,11,baseline-a40-cached-fresh-20260722,4,baseline,3,bf16,cached_decode,headline,,,1,6,0,9.70828533172607,26369.2290917128,2.03689361549914,125.190632470765,249.883850097656,352.0,4.0,3.984375,1,0.0826129913330078,cc029fdb4381b32012d01bb4df25c08183f03cf7,dfa298c4f1eb0ff5514738cd5e0305aa25284bd32b37dcc5471df71ee5cbbcf9
94,11,baseline-a40-cached-fresh-20260722,4,baseline,3,bf16,cached_decode,headline,,,1,7,0,8.85048508644104,28924.9682361696,1.9575127903372,130.267348064721,249.883850097656,352.0,4.0,3.984375,1,0.0826129913330078,cc029fdb4381b32012d01bb4df25c08183f03cf7,dfa298c4f1eb0ff5514738cd5e0305aa25284bd32b37dcc5471df71ee5cbbcf9
95,11,baseline-a40-cached-fresh-20260722,4,baseline,3,bf16,cached_decode,headline,,,1,8,0,6.13525696098804,41726.0436894191,1.58767432533205,160.612284226911,249.883850097656,352.0,4.0,3.984375,1,0.0826129913330078,cc029fdb4381b32012d01bb4df25c08183f03cf7,dfa298c4f1eb0ff5514738cd5e0305aa25284bd32b37dcc5471df71ee5cbbcf9
96,11,baseline-a40-cached-fresh-20260722,4,baseline,3,bf16,cached_decode,headline,,,1,9,0,6.32264465093613,40489.3860296414,1.57031506113708,162.387794851405,249.883850097656,352.0,4.0,3.984375,1,0.0826129913330078,cc029fdb4381b32012d01bb4df25c08183f03cf7,dfa298c4f1eb0ff5514738cd5e0305aa25284bd32b37dcc5471df71ee5cbbcf9
97,12,baseline-a40-cached-fresh-20260722,5,baseline,4,bf16,cached_decode,headline,,,1,0,1,,,,,,,,,,,cc029fdb4381b32012d01bb4df25c08183f03cf7,dfa298c4f1eb0ff5514738cd5e0305aa25284bd32b37dcc5471df71ee5cbbcf9
98,12,baseline-a40-cached-fresh-20260722,5,baseline,4,bf16,cached_decode,headline,,,1,1,1,,,,,,,,,,,cc029fdb4381b32012d01bb4df25c08183f03cf7,dfa298c4f1eb0ff5514738cd5e0305aa25284bd32b37dcc5471df71ee5cbbcf9
99,12,baseline-a40-cached-fresh-20260722,5,baseline,4,bf16,cached_decode,headline,,,1,0,0,6.93380460143089,36920.5673818917,1.66006440483034,153.608498114904,249.879943847656,352.0,4.0,3.984375,1,0.0845249891281128,cc029fdb4381b32012d01bb4df25c08183f03cf7,dfa298c4f1eb0ff5514738cd5e0305aa25284bd32b37dcc5471df71ee5cbbcf9
100,12,baseline-a40-cached-fresh-20260722,5,baseline,4,bf16,cached_decode,headline,,,1,1,0,6.15028850734234,41624.0636019566,1.64209126867354,155.289784961822,249.883850097656,352.0,4.0,3.984375,1,0.0845249891281128,cc029fdb4381b32012d01bb4df25c08183f03cf7,dfa298c4f1eb0ff5514738cd5e0305aa25284bd32b37dcc5471df71ee5cbbcf9
101,12,baseline-a40-cached-fresh-20260722,5,baseline,4,bf16,cached_decode,headline,,,1,2,0,8.84039513766766,28957.9816301673,1.63962785713375,155.523095616202,249.883850097656,352.0,4.0,3.984375,1,0.0845249891281128,cc029fdb4381b32012d01bb4df25c08183f03cf7,dfa298c4f1eb0ff5514738cd5e0305aa25284bd32b37dcc5471df71ee5cbbcf9
102,12,baseline-a40-cached-fresh-20260722,5,baseline,4,bf16,cached_decode,headline,,,1,3,0,6.52626901865005,39226.0875652584,1.61515973694623,157.879121282535,249.883850097656,352.0,4.0,3.984375,1,0.0845249891281128,cc029fdb4381b32012d01bb4df25c08183f03cf7,dfa298c4f1eb0ff5514738cd5e0305aa25284bd32b37dcc5471df71ee5cbbcf9
103,12,baseline-a40-cached-fresh-20260722,5,baseline,4,bf16,cached_decode,headline,,,1,4,0,7.93430395424366,32264.9600363594,1.69653486460447,150.306371722841,249.883850097656,352.0,4.0,3.984375,1,0.0845249891281128,cc029fdb4381b32012d01bb4df25c08183f03cf7,dfa298c4f1eb0ff5514738cd5e0305aa25284bd32b37dcc5471df71ee5cbbcf9
104,12,baseline-a40-cached-fresh-20260722,5,baseline,4,bf16,cached_decode,headline,,,1,5,0,6.88290968537331,37193.5724427736,1.74372345581651,146.238785255426,249.883850097656,352.0,4.0,3.984375,1,0.0845249891281128,cc029fdb4381b32012d01bb4df25c08183f03cf7,dfa298c4f1eb0ff5514738cd5e0305aa25284bd32b37dcc5471df71ee5cbbcf9
105,12,baseline-a40-cached-fresh-20260722,5,baseline,4,bf16,cached_decode,headline,,,1,6,0,6.43198750913143,39801.0723180913,1.65820032916963,153.781178012246,249.883850097656,352.0,4.0,3.984375,1,0.0845249891281128,cc029fdb4381b32012d01bb4df25c08183f03cf7,dfa298c4f1eb0ff5514738cd5e0305aa25284bd32b37dcc5471df71ee5cbbcf9
106,12,baseline-a40-cached-fresh-20260722,5,baseline,4,bf16,cached_decode,headline,,,1,7,0,7.24711455404758,35324.4036769119,1.68334999866784,151.483648796626,249.883850097656,352.0,4.0,3.984375,1,0.0845249891281128,cc029fdb4381b32012d01bb4df25c08183f03cf7,dfa298c4f1eb0ff5514738cd5e0305aa25284bd32b37dcc5471df71ee5cbbcf9
107,12,baseline-a40-cached-fresh-20260722,5,baseline,4,bf16,cached_decode,headline,,,1,8,0,6.31103850901127,40563.8469222567,1.65551339276135,154.030768409954,249.883850097656,352.0,4.0,3.984375,1,0.0845249891281128,cc029fdb4381b32012d01bb4df25c08183f03cf7,dfa298c4f1eb0ff5514738cd5e0305aa25284bd32b37dcc5471df71ee5cbbcf9
108,12,baseline-a40-cached-fresh-20260722,5,baseline,4,bf16,cached_decode,headline,,,1,9,0,6.82150945067406,37528.350851248,1.64102490805089,155.390694406262,249.883850097656,352.0,4.0,3.984375,1,0.0845249891281128,cc029fdb4381b32012d01bb4df25c08183f03cf7,dfa298c4f1eb0ff5514738cd5e0305aa25284bd32b37dcc5471df71ee5cbbcf9
109,13,discovery-reference-seed42-20260722,1,baseline,42,bf16,cached_decode,headline,,,1,0,1,,,,,,,,,,,e657a6739e3e9bbb268a84d8de47c0682250d380,dfa298c4f1eb0ff5514738cd5e0305aa25284bd32b37dcc5471df71ee5cbbcf9
110,13,discovery-reference-seed42-20260722,1,baseline,42,bf16,cached_decode,headline,,,1,1,1,,,,,,,,,,,e657a6739e3e9bbb268a84d8de47c0682250d380,dfa298c4f1eb0ff5514738cd5e0305aa25284bd32b37dcc5471df71ee5cbbcf9
111,13,discovery-reference-seed42-20260722,1,baseline,42,bf16,cached_decode,headline,,,1,0,0,7.0395115762949,36366.1593883961,1.63429963216186,156.030139750252,249.879943847656,352.0,4.0,3.984375,1,0.0622228980064392,e657a6739e3e9bbb268a84d8de47c0682250d380,dfa298c4f1eb0ff5514738cd5e0305aa25284bd32b37dcc5471df71ee5cbbcf9
112,13,discovery-reference-seed42-20260722,1,baseline,42,bf16,cached_decode,headline,,,1,1,0,6.84241019189358,37413.7172166748,1.61988612450659,157.418472905107,249.883850097656,352.0,4.0,3.984375,1,0.0622228980064392,e657a6739e3e9bbb268a84d8de47c0682250d380,dfa298c4f1eb0ff5514738cd5e0305aa25284bd32b37dcc5471df71ee5cbbcf9
113,13,discovery-reference-seed42-20260722,1,baseline,42,bf16,cached_decode,headline,,,1,2,0,6.43988884985447,39752.2388924127,1.63943557627499,155.541336109951,249.883850097656,352.0,4.0,3.984375,1,0.0622228980064392,e657a6739e3e9bbb268a84d8de47c0682250d380,dfa298c4f1eb0ff5514738cd5e0305aa25284bd32b37dcc5471df71ee5cbbcf9
114,13,discovery-reference-seed42-20260722,1,baseline,42,bf16,cached_decode,headline,,,1,3,0,6.66476599872112,38410.9509694898,1.59545313939452,159.829200685125,249.883850097656,352.0,4.0,3.984375,1,0.0622228980064392,e657a6739e3e9bbb268a84d8de47c0682250d380,dfa298c4f1eb0ff5514738cd5e0305aa25284bd32b37dcc5471df71ee5cbbcf9
115,13,discovery-reference-seed42-20260722,1,baseline,42,bf16,cached_decode,headline,,,1,4,0,6.38135336339474,40116.8820188659,1.59423934109509,159.950889070922,249.883850097656,352.0,4.0,3.984375,1,0.0622228980064392,e657a6739e3e9bbb268a84d8de47c0682250d380,dfa298c4f1eb0ff5514738cd5e0305aa25284bd32b37dcc5471df71ee5cbbcf9
116,13,discovery-reference-seed42-20260722,1,baseline,42,bf16,cached_decode,headline,,,1,5,0,6.34003430604935,40378.330406783,1.62144835479558,157.266803623942,249.883850097656,352.0,4.0,3.984375,1,0.0622228980064392,e657a6739e3e9bbb268a84d8de47c0682250d380,dfa298c4f1eb0ff5514738cd5e0305aa25284bd32b37dcc5471df71ee5cbbcf9
117,13,discovery-reference-seed42-20260722,1,baseline,42,bf16,cached_decode,headline,,,1,6,0,7.58428499102592,33754.0058559127,1.88363713771105,135.376392243928,249.883850097656,352.0,4.0,3.984375,1,0.0622228980064392,e657a6739e3e9bbb268a84d8de47c0682250d380,dfa298c4f1eb0ff5514738cd5e0305aa25284bd32b37dcc5471df71ee5cbbcf9
118,13,discovery-reference-seed42-20260722,1,baseline,42,bf16,cached_decode,headline,,,1,7,0,7.34364241361618,34860.0851704515,1.62702256254852,156.728004804418,249.883850097656,352.0,4.0,3.984375,1,0.0622228980064392,e657a6739e3e9bbb268a84d8de47c0682250d380,dfa298c4f1eb0ff5514738cd5e0305aa25284bd32b37dcc5471df71ee5cbbcf9
119,13,discovery-reference-seed42-20260722,1,baseline,42,bf16,cached_decode,headline,,,1,8,0,6.17511384189129,41456.7255850936,1.58259580470622,161.127686072273,249.883850097656,352.0,4.0,3.984375,1,0.0622228980064392,e657a6739e3e9bbb268a84d8de47c0682250d380,dfa298c4f1eb0ff5514738cd5e0305aa25284bd32b37dcc5471df71ee5cbbcf9
120,13,discovery-reference-seed42-20260722,1,baseline,42,bf16,cached_decode,headline,,,1,9,0,6.54214806854725,39130.8783166761,1.58490012213588,160.893419363456,249.883850097656,352.0,4.0,3.984375,1,0.0622228980064392,e657a6739e3e9bbb268a84d8de47c0682250d380,dfa298c4f1eb0ff5514738cd5e0305aa25284bd32b37dcc5471df71ee5cbbcf9
121,15,autoresearch-seed42-20260723,2,autoresearch,42,bf16,cached_decode,headline,,,1,0,1,,,,,,,,,,,4c302e500dc8431598ab2d5e8d5899b96b908d4d,dfa298c4f1eb0ff5514738cd5e0305aa25284bd32b37dcc5471df71ee5cbbcf9
122,15,autoresearch-seed42-20260723,2,autoresearch,42,bf16,cached_decode,headline,,,1,1,1,,,,,,,,,,,4c302e500dc8431598ab2d5e8d5899b96b908d4d,dfa298c4f1eb0ff5514738cd5e0305aa25284bd32b37dcc5471df71ee5cbbcf9
123,15,autoresearch-seed42-20260723,2,autoresearch,42,bf16,cached_decode,headline,,,1,0,0,8.25837254524231,30998.8437307158,1.5937483664602,160.000163994752,249.879943847656,352.0,4.0,3.984375,1,0.0858454704284668,4c302e500dc8431598ab2d5e8d5899b96b908d4d,dfa298c4f1eb0ff5514738cd5e0305aa25284bd32b37dcc5471df71ee5cbbcf9
124,15,autoresearch-seed42-20260723,2,autoresearch,42,bf16,cached_decode,headline,,,1,1,0,6.27855584025383,40773.7076030609,1.57132533565164,162.283388560174,249.883850097656,352.0,4.0,3.984375,1,0.0858454704284668,4c302e500dc8431598ab2d5e8d5899b96b908d4d,dfa298c4f1eb0ff5514738cd5e0305aa25284bd32b37dcc5471df71ee5cbbcf9
125,15,autoresearch-seed42-20260723,2,autoresearch,42,bf16,cached_decode,headline,,,1,2,0,6.38426840305328,40098.5647592084,1.56183344498277,163.269650050818,249.883850097656,352.0,4.0,3.984375,1,0.0858454704284668,4c302e500dc8431598ab2d5e8d5899b96b908d4d,dfa298c4f1eb0ff5514738cd5e0305aa25284bd32b37dcc5471df71ee5cbbcf9
126,15,autoresearch-seed42-20260723,2,autoresearch,42,bf16,cached_decode,headline,,,1,3,0,6.7797563970089,37759.4687786928,1.60314612276852,159.062231682058,249.883850097656,352.0,4.0,3.984375,1,0.0858454704284668,4c302e500dc8431598ab2d5e8d5899b96b908d4d,dfa298c4f1eb0ff5514738cd5e0305aa25284bd32b37dcc5471df71ee5cbbcf9
127,15,autoresearch-seed42-20260723,2,autoresearch,42,bf16,cached_decode,headline,,,1,4,0,6.48416392505169,39480.8032244434,1.56098794005811,163.358084618198,249.883850097656,352.0,4.0,3.984375,1,0.0858454704284668,4c302e500dc8431598ab2d5e8d5899b96b908d4d,dfa298c4f1eb0ff5514738cd5e0305aa25284bd32b37dcc5471df71ee5cbbcf9
128,15,autoresearch-seed42-20260723,2,autoresearch,42,bf16,cached_decode,headline,,,1,5,0,6.47090747952461,39561.6844793471,1.57352302782238,162.056732244268,249.883850097656,352.0,4.0,3.984375,1,0.0858454704284668,4c302e500dc8431598ab2d5e8d5899b96b908d4d,dfa298c4f1eb0ff5514738cd5e0305aa25284bd32b37dcc5471df71ee5cbbcf9
129,15,autoresearch-seed42-20260723,2,autoresearch,42,bf16,cached_decode,headline,,,1,6,0,6.59859739243984,38796.1235964032,1.58600902929902,160.780925763521,249.883850097656,352.0,4.0,3.984375,1,0.0858454704284668,4c302e500dc8431598ab2d5e8d5899b96b908d4d,dfa298c4f1eb0ff5514738cd5e0305aa25284bd32b37dcc5471df71ee5cbbcf9
130,15,autoresearch-seed42-20260723,2,autoresearch,42,bf16,cached_decode,headline,,,1,7,0,6.7682359367609,37823.7405421352,1.59017000719905,160.360212332995,249.883850097656,352.0,4.0,3.984375,1,0.0858454704284668,4c302e500dc8431598ab2d5e8d5899b96b908d4d,dfa298c4f1eb0ff5514738cd5e0305aa25284bd32b37dcc5471df71ee5cbbcf9
131,15,autoresearch-seed42-20260723,2,autoresearch,42,bf16,cached_decode,headline,,,1,8,0,6.4089298248291,39944.2663591384,1.56897302530706,162.52669477864,249.883850097656,352.0,4.0,3.984375,1,0.0858454704284668,4c302e500dc8431598ab2d5e8d5899b96b908d4d,dfa298c4f1eb0ff5514738cd5e0305aa25284bd32b37dcc5471df71ee5cbbcf9
132,15,autoresearch-seed42-20260723,2,autoresearch,42,bf16,cached_decode,headline,,,1,9,0,6.42911903560162,39818.8303222238,1.56943307444453,162.479053202222,249.883850097656,352.0,4.0,3.984375,1,0.0858454704284668,4c302e500dc8431598ab2d5e8d5899b96b908d4d,dfa298c4f1eb0ff5514738cd5e0305aa25284bd32b37dcc5471df71ee5cbbcf9
133,16,autoresearch-seed42-20260723,3,autoresearch,42,bf16,cached_decode,headline,,,1,0,1,,,,,,,,,,,4c302e500dc8431598ab2d5e8d5899b96b908d4d,dfa298c4f1eb0ff5514738cd5e0305aa25284bd32b37dcc5471df71ee5cbbcf9
134,16,autoresearch-seed42-20260723,3,autoresearch,42,bf16,cached_decode,headline,,,1,1,1,,,,,,,,,,,4c302e500dc8431598ab2d5e8d5899b96b908d4d,dfa298c4f1eb0ff5514738cd5e0305aa25284bd32b37dcc5471df71ee5cbbcf9
135,16,autoresearch-seed42-20260723,3,autoresearch,42,bf16,cached_decode,headline,,,1,0,0,6.92907907068729,36945.7466697097,1.60355456918478,159.021716441891,249.879943847656,352.0,4.0,3.984375,1,0.0693930387496948,4c302e500dc8431598ab2d5e8d5899b96b908d4d,dfa298c4f1eb0ff5514738cd5e0305aa25284bd32b37dcc5471df71ee5cbbcf9
136,16,autoresearch-seed42-20260723,3,autoresearch,42,bf16,cached_decode,headline,,,1,1,0,6.49308413267136,39426.5644444495,1.58181207254529,161.207519164827,249.883850097656,352.0,4.0,3.984375,1,0.0693930387496948,4c302e500dc8431598ab2d5e8d5899b96b908d4d,dfa298c4f1eb0ff5514738cd5e0305aa25284bd32b37dcc5471df71ee5cbbcf9
137,16,autoresearch-seed42-20260723,3,autoresearch,42,bf16,cached_decode,headline,,,1,2,0,6.49481825530529,39416.0375143502,1.59474153257906,159.900519796212,249.883850097656,352.0,4.0,3.984375,1,0.0693930387496948,4c302e500dc8431598ab2d5e8d5899b96b908d4d,dfa298c4f1eb0ff5514738cd5e0305aa25284bd32b37dcc5471df71ee5cbbcf9
138,16,autoresearch-seed42-20260723,3,autoresearch,42,bf16,cached_decode,headline,,,1,3,0,6.49761222302914,39399.0886517778,1.59729509986937,159.644889676838,249.883850097656,352.0,4.0,3.984375,1,0.0693930387496948,4c302e500dc8431598ab2d5e8d5899b96b908d4d,dfa298c4f1eb0ff5514738cd5e0305aa25284bd32b37dcc5471df71ee5cbbcf9
139,16,autoresearch-seed42-20260723,3,autoresearch,42,bf16,cached_decode,headline,,,1,4,0,6.83214887976646,37469.9094684761,1.61950036138296,157.455969804319,249.883850097656,352.0,4.0,3.984375,1,0.0693930387496948,4c302e500dc8431598ab2d5e8d5899b96b908d4d,dfa298c4f1eb0ff5514738cd5e0305aa25284bd32b37dcc5471df71ee5cbbcf9
140,16,autoresearch-seed42-20260723,3,autoresearch,42,bf16,cached_decode,headline,,,1,5,0,6.71048648655415,38149.2460364758,1.60251112096012,159.125260764007,249.883850097656,352.0,4.0,3.984375,1,0.0693930387496948,4c302e500dc8431598ab2d5e8d5899b96b908d4d,dfa298c4f1eb0ff5514738cd5e0305aa25284bd32b37dcc5471df71ee5cbbcf9
141,16,autoresearch-seed42-20260723,3,autoresearch,42,bf16,cached_decode,headline,,,1,6,0,6.24745525419712,40976.6840391559,1.57958000339568,161.435317902112,249.883850097656,352.0,4.0,3.984375,1,0.0693930387496948,4c302e500dc8431598ab2d5e8d5899b96b908d4d,dfa298c4f1eb0ff5514738cd5e0305aa25284bd32b37dcc5471df71ee5cbbcf9
142,16,autoresearch-seed42-20260723,3,autoresearch,42,bf16,cached_decode,headline,,,1,7,0,6.18030875921249,41421.8787400227,1.58154117688537,161.235131735355,249.883850097656,352.0,4.0,3.984375,1,0.0693930387496948,4c302e500dc8431598ab2d5e8d5899b96b908d4d,dfa298c4f1eb0ff5514738cd5e0305aa25284bd32b37dcc5471df71ee5cbbcf9
143,16,autoresearch-seed42-20260723,3,autoresearch,42,bf16,cached_decode,headline,,,1,8,0,6.29996135830879,40635.1698748709,1.58527838997543,160.855028121561,249.883850097656,352.0,4.0,3.984375,1,0.0693930387496948,4c302e500dc8431598ab2d5e8d5899b96b908d4d,dfa298c4f1eb0ff5514738cd5e0305aa25284bd32b37dcc5471df71ee5cbbcf9
144,16,autoresearch-seed42-20260723,3,autoresearch,42,bf16,cached_decode,headline,,,1,9,0,6.31138868629932,40561.5963022086,1.57658764719963,161.741721402509,249.883850097656,352.0,4.0,3.984375,1,0.0693930387496948,4c302e500dc8431598ab2d5e8d5899b96b908d4d,dfa298c4f1eb0ff5514738cd5e0305aa25284bd32b37dcc5471df71ee5cbbcf9
145,17,autoresearch-seed42-20260723,4,autoresearch,42,bf16,cached_decode,headline,,,1,0,1,,,,,,,,,,,4c302e500dc8431598ab2d5e8d5899b96b908d4d,dfa298c4f1eb0ff5514738cd5e0305aa25284bd32b37dcc5471df71ee5cbbcf9
146,17,autoresearch-seed42-20260723,4,autoresearch,42,bf16,cached_decode,headline,,,1,1,1,,,,,,,,,,,4c302e500dc8431598ab2d5e8d5899b96b908d4d,dfa298c4f1eb0ff5514738cd5e0305aa25284bd32b37dcc5471df71ee5cbbcf9
147,17,autoresearch-seed42-20260723,4,autoresearch,42,bf16,cached_decode,headline,,,1,0,0,8.34065489470959,30693.0334885788,1.58108761534095,161.281384741611,249.879943847656,352.0,4.0,3.984375,1,0.0857415199279785,4c302e500dc8431598ab2d5e8d5899b96b908d4d,dfa298c4f1eb0ff5514738cd5e0305aa25284bd32b37dcc5471df71ee5cbbcf9
148,17,autoresearch-seed42-20260723,4,autoresearch,42,bf16,cached_decode,headline,,,1,1,0,22.0038928091526,11634.3049941379,1.67380855605006,152.34717200978,249.883850097656,352.0,4.0,3.984375,1,0.0857415199279785,4c302e500dc8431598ab2d5e8d5899b96b908d4d,dfa298c4f1eb0ff5514738cd5e0305aa25284bd32b37dcc5471df71ee5cbbcf9
149,17,autoresearch-seed42-20260723,4,autoresearch,42,bf16,cached_decode,headline,,,1,2,0,6.69475458562374,38238.8923635427,1.71321176365018,148.843246007543,249.883850097656,352.0,4.0,3.984375,1,0.0857415199279785,4c302e500dc8431598ab2d5e8d5899b96b908d4d,dfa298c4f1eb0ff5514738cd5e0305aa25284bd32b37dcc5471df71ee5cbbcf9
150,17,autoresearch-seed42-20260723,4,autoresearch,42,bf16,cached_decode,headline,,,1,3,0,6.57356902956963,38943.8368789383,1.58644704706967,160.736534176171,249.883850097656,352.0,4.0,3.984375,1,0.0857415199279785,4c302e500dc8431598ab2d5e8d5899b96b908d4d,dfa298c4f1eb0ff5514738cd5e0305aa25284bd32b37dcc5471df71ee5cbbcf9
151,17,autoresearch-seed42-20260723,4,autoresearch,42,bf16,cached_decode,headline,,,1,4,0,6.61581754684448,38695.1420874814,1.61172124557197,158.215945034282,249.883850097656,352.0,4.0,3.984375,1,0.0857415199279785,4c302e500dc8431598ab2d5e8d5899b96b908d4d,dfa298c4f1eb0ff5514738cd5e0305aa25284bd32b37dcc5471df71ee5cbbcf9
152,17,autoresearch-seed42-20260723,4,autoresearch,42,bf16,cached_decode,headline,,,1,5,0,8.10741633176804,31576.027371,1.87858692742884,135.740324962769,249.883850097656,352.0,4.0,3.984375,1,0.0857415199279785,4c302e500dc8431598ab2d5e8d5899b96b908d4d,dfa298c4f1eb0ff5514738cd5e0305aa25284bd32b37dcc5471df71ee5cbbcf9
153,17,autoresearch-seed42-20260723,4,autoresearch,42,bf16,cached_decode,headline,,,1,6,0,9.56599973142147,26761.4475420814,1.88304660096765,135.418847238811,249.883850097656,352.0,4.0,3.984375,1,0.0857415199279785,4c302e500dc8431598ab2d5e8d5899b96b908d4d,dfa298c4f1eb0ff5514738cd5e0305aa25284bd32b37dcc5471df71ee5cbbcf9
154,17,autoresearch-seed42-20260723,4,autoresearch,42,bf16,cached_decode,headline,,,1,7,0,7.83995166420937,32653.2625409773,1.60593866184354,158.785641107409,249.883850097656,352.0,4.0,3.984375,1,0.0857415199279785,4c302e500dc8431598ab2d5e8d5899b96b908d4d,dfa298c4f1eb0ff5514738cd5e0305aa25284bd32b37dcc5471df71ee5cbbcf9
155,17,autoresearch-seed42-20260723,4,autoresearch,42,bf16,cached_decode,headline,,,1,8,0,7.83932395279408,32655.8771574629,1.60209323465824,159.166766629781,249.883850097656,352.0,4.0,3.984375,1,0.0857415199279785,4c302e500dc8431598ab2d5e8d5899b96b908d4d,dfa298c4f1eb0ff5514738cd5e0305aa25284bd32b37dcc5471df71ee5cbbcf9
156,17,autoresearch-seed42-20260723,4,autoresearch,42,bf16,cached_decode,headline,,,1,9,0,6.59253634512424,38831.791983875,1.5763012394309,161.771109240556,249.883850097656,352.0,4.0,3.984375,1,0.0857415199279785,4c302e500dc8431598ab2d5e8d5899b96b908d4d,dfa298c4f1eb0ff5514738cd5e0305aa25284bd32b37dcc5471df71ee5cbbcf9
157,18,autoresearch-seed42-20260723,5,autoresearch,42,bf16,cached_decode,headline,,,1,0,1,,,,,,,,,,,4c302e500dc8431598ab2d5e8d5899b96b908d4d,dfa298c4f1eb0ff5514738cd5e0305aa25284bd32b37dcc5471df71ee5cbbcf9
158,18,autoresearch-seed42-20260723,5,autoresearch,42,bf16,cached_decode,headline,,,1,1,1,,,,,,,,,,,4c302e500dc8431598ab2d5e8d5899b96b908d4d,dfa298c4f1eb0ff5514738cd5e0305aa25284bd32b37dcc5471df71ee5cbbcf9
159,18,autoresearch-seed42-20260723,5,autoresearch,42,bf16,cached_decode,headline,,,1,0,0,8.02319496870041,31907.4883507993,1.59834859147668,159.539665727369,249.879943847656,352.0,4.0,3.984375,1,0.0905361175537109,4c302e500dc8431598ab2d5e8d5899b96b908d4d,dfa298c4f1eb0ff5514738cd5e0305aa25284bd32b37dcc5471df71ee5cbbcf9
160,18,autoresearch-seed42-20260723,5,autoresearch,42,bf16,cached_decode,headline,,,1,1,0,6.33469223976135,40412.381582352,1.63975382782519,155.511147876512,249.883850097656,352.0,4.0,3.984375,1,0.0905361175537109,4c302e500dc8431598ab2d5e8d5899b96b908d4d,dfa298c4f1eb0ff5514738cd5e0305aa25284bd32b37dcc5471df71ee5cbbcf9
161,18,autoresearch-seed42-20260723,5,autoresearch,42,bf16,cached_decode,headline,,,1,2,0,6.53822161257267,39154.3779286595,1.6392991412431,155.55428145142,249.883850097656,352.0,4.0,3.984375,1,0.0905361175537109,4c302e500dc8431598ab2d5e8d5899b96b908d4d,dfa298c4f1eb0ff5514738cd5e0305aa25284bd32b37dcc5471df71ee5cbbcf9
162,18,autoresearch-seed42-20260723,5,autoresearch,42,bf16,cached_decode,headline,,,1,3,0,7.32943974435329,34927.6355259249,1.60586661286652,158.792765200353,249.883850097656,352.0,4.0,3.984375,1,0.0905361175537109,4c302e500dc8431598ab2d5e8d5899b96b908d4d,dfa298c4f1eb0ff5514738cd5e0305aa25284bd32b37dcc5471df71ee5cbbcf9
163,18,autoresearch-seed42-20260723,5,autoresearch,42,bf16,cached_decode,headline,,,1,4,0,6.48879632353783,39452.617594325,1.58324340358377,161.061779523472,249.883850097656,352.0,4.0,3.984375,1,0.0905361175537109,4c302e500dc8431598ab2d5e8d5899b96b908d4d,dfa298c4f1eb0ff5514738cd5e0305aa25284bd32b37dcc5471df71ee5cbbcf9
164,18,autoresearch-seed42-20260723,5,autoresearch,42,bf16,cached_decode,headline,,,1,5,0,6.46989420056343,39567.8804110439,1.59701580926776,159.672808822675,249.883850097656,352.0,4.0,3.984375,1,0.0905361175537109,4c302e500dc8431598ab2d5e8d5899b96b908d4d,dfa298c4f1eb0ff5514738cd5e0305aa25284bd32b37dcc5471df71ee5cbbcf9
165,18,autoresearch-seed42-20260723,5,autoresearch,42,bf16,cached_decode,headline,,,1,6,0,6.41350820660591,39915.7515283632,1.58481622487307,160.901936765838,249.883850097656,352.0,4.0,3.984375,1,0.0905361175537109,4c302e500dc8431598ab2d5e8d5899b96b908d4d,dfa298c4f1eb0ff5514738cd5e0305aa25284bd32b37dcc5471df71ee5cbbcf9
166,18,autoresearch-seed42-20260723,5,autoresearch,42,bf16,cached_decode,headline,,,1,7,0,6.59607909619808,38810.9354461131,1.58589254505932,160.792735166342,249.883850097656,352.0,4.0,3.984375,1,0.0905361175537109,4c302e500dc8431598ab2d5e8d5899b96b908d4d,dfa298c4f1eb0ff5514738cd5e0305aa25284bd32b37dcc5471df71ee5cbbcf9
167,18,autoresearch-seed42-20260723,5,autoresearch,42,bf16,cached_decode,headline,,,1,8,0,6.37432560324669,40161.1112977362,1.59716263227165,159.658130516936,249.883850097656,352.0,4.0,3.984375,1,0.0905361175537109,4c302e500dc8431598ab2d5e8d5899b96b908d4d,dfa298c4f1eb0ff5514738cd5e0305aa25284bd32b37dcc5471df71ee5cbbcf9
168,18,autoresearch-seed42-20260723,5,autoresearch,42,bf16,cached_decode,headline,,,1,9,0,6.51088356971741,39318.7802022255,1.5901897456497,160.358221839631,249.883850097656,352.0,4.0,3.984375,1,0.0905361175537109,4c302e500dc8431598ab2d5e8d5899b96b908d4d,dfa298c4f1eb0ff5514738cd5e0305aa25284bd32b37dcc5471df71ee5cbbcf9
169,19,autoresearch-seed42-20260723,6,autoresearch,42,bf16,cached_decode,headline,,,1,0,1,,,,,,,,,,,a2680be0096698894f54a22d60f0dc2d4eeff104,dfa298c4f1eb0ff5514738cd5e0305aa25284bd32b37dcc5471df71ee5cbbcf9
170,19,autoresearch-seed42-20260723,6,autoresearch,42,bf16,cached_decode,headline,,,1,1,1,,,,,,,,,,,a2680be0096698894f54a22d60f0dc2d4eeff104,dfa298c4f1eb0ff5514738cd5e0305aa25284bd32b37dcc5471df71ee5cbbcf9
171,19,autoresearch-seed42-20260723,6,autoresearch,42,bf16,cached_decode,headline,,,1,0,0,6.71874731779099,38102.3407923262,1.53583552502096,166.033403867592,249.879943847656,352.0,4.0,3.984375,1,0.108620643615723,a2680be0096698894f54a22d60f0dc2d4eeff104,dfa298c4f1eb0ff5514738cd5e0305aa25284bd32b37dcc5471df71ee5cbbcf9
172,19,autoresearch-seed42-20260723,6,autoresearch,42,bf16,cached_decode,headline,,,1,1,0,6.0858242213726,42064.9678150352,1.53241891413927,166.40358432487,249.883850097656,352.0,4.0,3.984375,1,0.108620643615723,a2680be0096698894f54a22d60f0dc2d4eeff104,dfa298c4f1eb0ff5514738cd5e0305aa25284bd32b37dcc5471df71ee5cbbcf9
173,19,autoresearch-seed42-20260723,6,autoresearch,42,bf16,cached_decode,headline,,,1,2,0,6.01850263774395,42535.4968517489,1.52290339395404,167.44331978795,249.883850097656,352.0,4.0,3.984375,1,0.108620643615723,a2680be0096698894f54a22d60f0dc2d4eeff104,dfa298c4f1eb0ff5514738cd5e0305aa25284bd32b37dcc5471df71ee5cbbcf9
174,19,autoresearch-seed42-20260723,6,autoresearch,42,bf16,cached_decode,headline,,,1,3,0,6.11626356840134,41855.6193887035,1.54024164378643,165.558437553425,249.883850097656,352.0,4.0,3.984375,1,0.108620643615723,a2680be0096698894f54a22d60f0dc2d4eeff104,dfa298c4f1eb0ff5514738cd5e0305aa25284bd32b37dcc5471df71ee5cbbcf9
175,19,autoresearch-seed42-20260723,6,autoresearch,42,bf16,cached_decode,headline,,,1,4,0,6.10552169382572,41929.2589294839,1.52932103909552,166.740660385352,249.883850097656,352.0,4.0,3.984375,1,0.108620643615723,a2680be0096698894f54a22d60f0dc2d4eeff104,dfa298c4f1eb0ff5514738cd5e0305aa25284bd32b37dcc5471df71ee5cbbcf9
176,19,autoresearch-seed42-20260723,6,autoresearch,42,bf16,cached_decode,headline,,,1,5,0,6.00294396281242,42645.7420868647,1.53114523552358,166.542006652166,249.883850097656,352.0,4.0,3.984375,1,0.108620643615723,a2680be0096698894f54a22d60f0dc2d4eeff104,dfa298c4f1eb0ff5514738cd5e0305aa25284bd32b37dcc5471df71ee5cbbcf9
177,19,autoresearch-seed42-20260723,6,autoresearch,42,bf16,cached_decode,headline,,,1,6,0,6.05825334787369,42256.4038345888,1.51901783421636,167.871630112593,249.883850097656,352.0,4.0,3.984375,1,0.108620643615723,a2680be0096698894f54a22d60f0dc2d4eeff104,dfa298c4f1eb0ff5514738cd5e0305aa25284bd32b37dcc5471df71ee5cbbcf9
178,19,autoresearch-seed42-20260723,6,autoresearch,42,bf16,cached_decode,headline,,,1,7,0,7.56839103996754,33824.8907394058,1.95007436536252,130.764243933125,249.883850097656,352.0,4.0,3.984375,1,0.108620643615723,a2680be0096698894f54a22d60f0dc2d4eeff104,dfa298c4f1eb0ff5514738cd5e0305aa25284bd32b37dcc5471df71ee5cbbcf9
179,19,autoresearch-seed42-20260723,6,autoresearch,42,bf16,cached_decode,headline,,,1,8,0,6.61354511976242,38708.4378142409,1.52853570133448,166.826329131452,249.883850097656,352.0,4.0,3.984375,1,0.108620643615723,a2680be0096698894f54a22d60f0dc2d4eeff104,dfa298c4f1eb0ff5514738cd5e0305aa25284bd32b37dcc5471df71ee5cbbcf9
180,19,autoresearch-seed42-20260723,6,autoresearch,42,bf16,cached_decode,headline,,,1,9,0,6.12635165452957,41786.6969504965,1.54128802008927,165.446040374226,249.883850097656,352.0,4.0,3.984375,1,0.108620643615723,a2680be0096698894f54a22d60f0dc2d4eeff104,dfa298c4f1eb0ff5514738cd5e0305aa25284bd32b37dcc5471df71ee5cbbcf9
181,20,autoresearch-seed42-20260723,7,autoresearch,42,bf16,cached_decode,headline,,,1,0,1,,,,,,,,,,,a2680be0096698894f54a22d60f0dc2d4eeff104,dfa298c4f1eb0ff5514738cd5e0305aa25284bd32b37dcc5471df71ee5cbbcf9
182,20,autoresearch-seed42-20260723,7,autoresearch,42,bf16,cached_decode,headline,,,1,1,1,,,,,,,,,,,a2680be0096698894f54a22d60f0dc2d4eeff104,dfa298c4f1eb0ff5514738cd5e0305aa25284bd32b37dcc5471df71ee5cbbcf9
183,20,autoresearch-seed42-20260723,7,autoresearch,42,bf16,cached_decode,headline,,,1,0,0,7.93995335698128,32242.0030055856,1.81824137270451,140.245406263474,249.879943847656,352.0,4.0,3.984375,1,0.123253226280212,a2680be0096698894f54a22d60f0dc2d4eeff104,dfa298c4f1eb0ff5514738cd5e0305aa25284bd32b37dcc5471df71ee5cbbcf9
184,20,autoresearch-seed42-20260723,7,autoresearch,42,bf16,cached_decode,headline,,,1,1,0,7.27901048958302,35169.6154808901,1.71208907105029,148.940849113399,249.883850097656,352.0,4.0,3.984375,1,0.123253226280212,a2680be0096698894f54a22d60f0dc2d4eeff104,dfa298c4f1eb0ff5514738cd5e0305aa25284bd32b37dcc5471df71ee5cbbcf9
185,20,autoresearch-seed42-20260723,7,autoresearch,42,bf16,cached_decode,headline,,,1,2,0,6.00002147257328,42666.5139733587,1.51743685267866,168.046531590333,249.883850097656,352.0,4.0,3.984375,1,0.123253226280212,a2680be0096698894f54a22d60f0dc2d4eeff104,dfa298c4f1eb0ff5514738cd5e0305aa25284bd32b37dcc5471df71ee5cbbcf9
186,20,autoresearch-seed42-20260723,7,autoresearch,42,bf16,cached_decode,headline,,,1,3,0,6.03585876524448,42413.1859204679,1.52488169074059,167.226088127634,249.883850097656,352.0,4.0,3.984375,1,0.123253226280212,a2680be0096698894f54a22d60f0dc2d4eeff104,dfa298c4f1eb0ff5514738cd5e0305aa25284bd32b37dcc5471df71ee5cbbcf9
187,20,autoresearch-seed42-20260723,7,autoresearch,42,bf16,cached_decode,headline,,,1,4,0,6.1460193246603,41652.9767442847,1.52408153004944,167.313883786603,249.883850097656,352.0,4.0,3.984375,1,0.123253226280212,a2680be0096698894f54a22d60f0dc2d4eeff104,dfa298c4f1eb0ff5514738cd5e0305aa25284bd32b37dcc5471df71ee5cbbcf9
188,20,autoresearch-seed42-20260723,7,autoresearch,42,bf16,cached_decode,headline,,,1,5,0,6.20376691222191,41265.2511969236,1.52914111316204,166.760279875477,249.883850097656,352.0,4.0,3.984375,1,0.123253226280212,a2680be0096698894f54a22d60f0dc2d4eeff104,dfa298c4f1eb0ff5514738cd5e0305aa25284bd32b37dcc5471df71ee5cbbcf9
189,20,autoresearch-seed42-20260723,7,autoresearch,42,bf16,cached_decode,headline,,,1,6,0,6.44700787961483,39708.3429678225,1.57895454950631,161.499265498004,249.883850097656,352.0,4.0,3.984375,1,0.123253226280212,a2680be0096698894f54a22d60f0dc2d4eeff104,dfa298c4f1eb0ff5514738cd5e0305aa25284bd32b37dcc5471df71ee5cbbcf9
190,20,autoresearch-seed42-20260723,7,autoresearch,42,bf16,cached_decode,headline,,,1,7,0,7.32451677322388,34951.1111689791,1.53535309992731,166.085573417654,249.883850097656,352.0,4.0,3.984375,1,0.123253226280212,a2680be0096698894f54a22d60f0dc2d4eeff104,dfa298c4f1eb0ff5514738cd5e0305aa25284bd32b37dcc5471df71ee5cbbcf9
191,20,autoresearch-seed42-20260723,7,autoresearch,42,bf16,cached_decode,headline,,,1,8,0,6.15272484719753,41607.5814143719,1.53607527725399,166.007489200568,249.883850097656,352.0,4.0,3.984375,1,0.123253226280212,a2680be0096698894f54a22d60f0dc2d4eeff104,dfa298c4f1eb0ff5514738cd5e0305aa25284bd32b37dcc5471df71ee5cbbcf9
192,20,autoresearch-seed42-20260723,7,autoresearch,42,bf16,cached_decode,headline,,,1,9,0,6.14543631672859,41656.9282970419,1.53820800036192,165.777320063348,249.883850097656,352.0,4.0,3.984375,1,0.123253226280212,a2680be0096698894f54a22d60f0dc2d4eeff104,dfa298c4f1eb0ff5514738cd5e0305aa25284bd32b37dcc5471df71ee5cbbcf9
193,22,autoresearch-seed42-20260723,9,autoresearch,42,bf16,cached_decode,headline,,,1,0,1,,,,,,,,,,,a2680be0096698894f54a22d60f0dc2d4eeff104,dfa298c4f1eb0ff5514738cd5e0305aa25284bd32b37dcc5471df71ee5cbbcf9
194,22,autoresearch-seed42-20260723,9,autoresearch,42,bf16,cached_decode,headline,,,1,1,1,,,,,,,,,,,a2680be0096698894f54a22d60f0dc2d4eeff104,dfa298c4f1eb0ff5514738cd5e0305aa25284bd32b37dcc5471df71ee5cbbcf9
195,22,autoresearch-seed42-20260723,9,autoresearch,42,bf16,cached_decode,headline,,,1,0,0,7.62603618204594,33569.2086804812,1.57138749584556,162.276969031617,249.879943847656,352.0,4.0,3.984375,1,0.104042768478394,a2680be0096698894f54a22d60f0dc2d4eeff104,dfa298c4f1eb0ff5514738cd5e0305aa25284bd32b37dcc5471df71ee5cbbcf9
196,22,autoresearch-seed42-20260723,9,autoresearch,42,bf16,cached_decode,headline,,,1,1,0,6.3450038433075,40346.7052695359,1.56375674344599,163.068841153686,249.883850097656,352.0,4.0,3.984375,1,0.104042768478394,a2680be0096698894f54a22d60f0dc2d4eeff104,dfa298c4f1eb0ff5514738cd5e0305aa25284bd32b37dcc5471df71ee5cbbcf9
197,22,autoresearch-seed42-20260723,9,autoresearch,42,bf16,cached_decode,headline,,,1,2,0,8.73369164764881,29311.7744852965,1.57084552012384,162.332958100104,249.883850097656,352.0,4.0,3.984375,1,0.104042768478394,a2680be0096698894f54a22d60f0dc2d4eeff104,dfa298c4f1eb0ff5514738cd5e0305aa25284bd32b37dcc5471df71ee5cbbcf9
198,22,autoresearch-seed42-20260723,9,autoresearch,42,bf16,cached_decode,headline,,,1,3,0,6.49447739124298,39418.1062736757,1.5861854236573,160.763045856292,249.883850097656,352.0,4.0,3.984375,1,0.104042768478394,a2680be0096698894f54a22d60f0dc2d4eeff104,dfa298c4f1eb0ff5514738cd5e0305aa25284bd32b37dcc5471df71ee5cbbcf9
199,22,autoresearch-seed42-20260723,9,autoresearch,42,bf16,cached_decode,headline,,,1,4,0,6.30325637757778,40613.9278914077,1.58249518461525,161.137931084446,249.883850097656,352.0,4.0,3.984375,1,0.104042768478394,a2680be0096698894f54a22d60f0dc2d4eeff104,dfa298c4f1eb0ff5514738cd5e0305aa25284bd32b37dcc5471df71ee5cbbcf9
200,22,autoresearch-seed42-20260723,9,autoresearch,42,bf16,cached_decode,headline,,,1,5,0,6.15963153541088,41560.9275535868,1.56796328164637,162.631359410565,249.883850097656,352.0,4.0,3.984375,1,0.104042768478394,a2680be0096698894f54a22d60f0dc2d4eeff104,dfa298c4f1eb0ff5514738cd5e0305aa25284bd32b37dcc5471df71ee5cbbcf9
201,22,autoresearch-seed42-20260723,9,autoresearch,42,bf16,cached_decode,headline,,,1,6,0,6.23496063053608,41058.799753478,1.56948597915471,162.473576308938,249.883850097656,352.0,4.0,3.984375,1,0.104042768478394,a2680be0096698894f54a22d60f0dc2d4eeff104,dfa298c4f1eb0ff5514738cd5e0305aa25284bd32b37dcc5471df71ee5cbbcf9
202,22,autoresearch-seed42-20260723,9,autoresearch,42,bf16,cached_decode,headline,,,1,7,0,9.15035046637058,27977.0704893602,1.5811787545681,161.272088474053,249.883850097656,352.0,4.0,3.984375,1,0.104042768478394,a2680be0096698894f54a22d60f0dc2d4eeff104,dfa298c4f1eb0ff5514738cd5e0305aa25284bd32b37dcc5471df71ee5cbbcf9
203,22,autoresearch-seed42-20260723,9,autoresearch,42,bf16,cached_decode,headline,,,1,8,0,6.21700845658779,41177.3607495631,1.56814515031874,162.61249792353,249.883850097656,352.0,4.0,3.984375,1,0.104042768478394,a2680be0096698894f54a22d60f0dc2d4eeff104,dfa298c4f1eb0ff5514738cd5e0305aa25284bd32b37dcc5471df71ee5cbbcf9
204,22,autoresearch-seed42-20260723,9,autoresearch,42,bf16,cached_decode,headline,,,1,9,0,6.21222518384457,41209.0663850612,1.56962270848453,162.459423287907,249.883850097656,352.0,4.0,3.984375,1,0.104042768478394,a2680be0096698894f54a22d60f0dc2d4eeff104,dfa298c4f1eb0ff5514738cd5e0305aa25284bd32b37dcc5471df71ee5cbbcf9
205,23,autoresearch-seed42-20260723,10,autoresearch,42,bf16,cached_decode,headline,,,1,0,1,,,,,,,,,,,a2680be0096698894f54a22d60f0dc2d4eeff104,dfa298c4f1eb0ff5514738cd5e0305aa25284bd32b37dcc5471df71ee5cbbcf9
206,23,autoresearch-seed42-20260723,10,autoresearch,42,bf16,cached_decode,headline,,,1,1,1,,,,,,,,,,,a2680be0096698894f54a22d60f0dc2d4eeff104,dfa298c4f1eb0ff5514738cd5e0305aa25284bd32b37dcc5471df71ee5cbbcf9
207,23,autoresearch-seed42-20260723,10,autoresearch,42,bf16,cached_decode,headline,,,1,0,0,8.07671621441841,31696.0498801472,1.56680654548109,162.751426291561,249.879943847656,352.0,4.0,3.984375,1,0.121796607971191,a2680be0096698894f54a22d60f0dc2d4eeff104,dfa298c4f1eb0ff5514738cd5e0305aa25284bd32b37dcc5471df71ee5cbbcf9
208,23,autoresearch-seed42-20260723,10,autoresearch,42,bf16,cached_decode,headline,,,1,1,0,6.47738017141819,39522.15142931,1.56272893212736,163.17609200008,249.883850097656,352.0,4.0,3.984375,1,0.121796607971191,a2680be0096698894f54a22d60f0dc2d4eeff104,dfa298c4f1eb0ff5514738cd5e0305aa25284bd32b37dcc5471df71ee5cbbcf9
209,23,autoresearch-seed42-20260723,10,autoresearch,42,bf16,cached_decode,headline,,,1,2,0,7.66147300601006,33413.9400868711,1.80162910372019,141.538566108557,249.883850097656,352.0,4.0,3.984375,1,0.121796607971191,a2680be0096698894f54a22d60f0dc2d4eeff104,dfa298c4f1eb0ff5514738cd5e0305aa25284bd32b37dcc5471df71ee5cbbcf9
210,23,autoresearch-seed42-20260723,10,autoresearch,42,bf16,cached_decode,headline,,,1,3,0,8.99744778871536,28452.5129805228,1.68502248823643,151.333291858251,249.883850097656,352.0,4.0,3.984375,1,0.121796607971191,a2680be0096698894f54a22d60f0dc2d4eeff104,dfa298c4f1eb0ff5514738cd5e0305aa25284bd32b37dcc5471df71ee5cbbcf9
211,23,autoresearch-seed42-20260723,10,autoresearch,42,bf16,cached_decode,headline,,,1,4,0,6.20693527162075,41244.1871547266,1.54522436112165,165.024579223498,249.883850097656,352.0,4.0,3.984375,1,0.121796607971191,a2680be0096698894f54a22d60f0dc2d4eeff104,dfa298c4f1eb0ff5514738cd5e0305aa25284bd32b37dcc5471df71ee5cbbcf9
212,23,autoresearch-seed42-20260723,10,autoresearch,42,bf16,cached_decode,headline,,,1,5,0,6.34769536554813,40329.5976346675,1.57695905864239,161.703627372248,249.883850097656,352.0,4.0,3.984375,1,0.121796607971191,a2680be0096698894f54a22d60f0dc2d4eeff104,dfa298c4f1eb0ff5514738cd5e0305aa25284bd32b37dcc5471df71ee5cbbcf9
213,23,autoresearch-seed42-20260723,10,autoresearch,42,bf16,cached_decode,headline,,,1,6,0,6.19559548795223,41319.6762922644,1.55046166293323,164.467142978292,249.883850097656,352.0,4.0,3.984375,1,0.121796607971191,a2680be0096698894f54a22d60f0dc2d4eeff104,dfa298c4f1eb0ff5514738cd5e0305aa25284bd32b37dcc5471df71ee5cbbcf9
214,23,autoresearch-seed42-20260723,10,autoresearch,42,bf16,cached_decode,headline,,,1,7,0,6.03826157748699,42396.3083935397,1.55199494212866,164.304659169992,249.883850097656,352.0,4.0,3.984375,1,0.121796607971191,a2680be0096698894f54a22d60f0dc2d4eeff104,dfa298c4f1eb0ff5514738cd5e0305aa25284bd32b37dcc5471df71ee5cbbcf9
215,23,autoresearch-seed42-20260723,10,autoresearch,42,bf16,cached_decode,headline,,,1,8,0,6.28313608467579,40743.9846200959,1.55826634913683,163.643397767816,249.883850097656,352.0,4.0,3.984375,1,0.121796607971191,a2680be0096698894f54a22d60f0dc2d4eeff104,dfa298c4f1eb0ff5514738cd5e0305aa25284bd32b37dcc5471df71ee5cbbcf9
216,23,autoresearch-seed42-20260723,10,autoresearch,42,bf16,cached_decode,headline,,,1,9,0,6.16670958697796,41513.2245793749,1.55195366963744,164.309028670664,249.883850097656,352.0,4.0,3.984375,1,0.121796607971191,a2680be0096698894f54a22d60f0dc2d4eeff104,dfa298c4f1eb0ff5514738cd5e0305aa25284bd32b37dcc5471df71ee5cbbcf9
217,25,autoresearch-seed42-20260723,12,autoresearch,42,bf16,cached_decode,headline,,,1,0,1,,,,,,,,,,,a2680be0096698894f54a22d60f0dc2d4eeff104,dfa298c4f1eb0ff5514738cd5e0305aa25284bd32b37dcc5471df71ee5cbbcf9
218,25,autoresearch-seed42-20260723,12,autoresearch,42,bf16,cached_decode,headline,,,1,1,1,,,,,,,,,,,a2680be0096698894f54a22d60f0dc2d4eeff104,dfa298c4f1eb0ff5514738cd5e0305aa25284bd32b37dcc5471df71ee5cbbcf9
219,25,autoresearch-seed42-20260723,12,autoresearch,42,bf16,cached_decode,headline,,,1,0,0,7.03218765556812,36404.0342122124,1.59090230800211,160.286397673427,249.879943847656,352.0,4.0,3.984375,1,0.108291625976563,a2680be0096698894f54a22d60f0dc2d4eeff104,dfa298c4f1eb0ff5514738cd5e0305aa25284bd32b37dcc5471df71ee5cbbcf9
220,25,autoresearch-seed42-20260723,12,autoresearch,42,bf16,cached_decode,headline,,,1,1,0,6.24944269657135,40963.6526694532,1.55726704932749,163.74840789839,249.883850097656,352.0,4.0,3.984375,1,0.108291625976563,a2680be0096698894f54a22d60f0dc2d4eeff104,dfa298c4f1eb0ff5514738cd5e0305aa25284bd32b37dcc5471df71ee5cbbcf9
221,25,autoresearch-seed42-20260723,12,autoresearch,42,bf16,cached_decode,headline,,,1,2,0,7.14035518467426,35852.5582241997,1.55979644693434,163.482870153463,249.883850097656,352.0,4.0,3.984375,1,0.108291625976563,a2680be0096698894f54a22d60f0dc2d4eeff104,dfa298c4f1eb0ff5514738cd5e0305aa25284bd32b37dcc5471df71ee5cbbcf9
222,25,autoresearch-seed42-20260723,12,autoresearch,42,bf16,cached_decode,headline,,,1,3,0,9.86902602016926,25939.7431394764,1.70198414102197,149.825132828138,249.883850097656,352.0,4.0,3.984375,1,0.108291625976563,a2680be0096698894f54a22d60f0dc2d4eeff104,dfa298c4f1eb0ff5514738cd5e0305aa25284bd32b37dcc5471df71ee5cbbcf9
223,25,autoresearch-seed42-20260723,12,autoresearch,42,bf16,cached_decode,headline,,,1,4,0,6.17262348532677,41473.4513790691,1.55451393127441,164.038414111186,249.883850097656,352.0,4.0,3.984375,1,0.108291625976563,a2680be0096698894f54a22d60f0dc2d4eeff104,dfa298c4f1eb0ff5514738cd5e0305aa25284bd32b37dcc5471df71ee5cbbcf9
224,25,autoresearch-seed42-20260723,12,autoresearch,42,bf16,cached_decode,headline,,,1,5,0,6.1686672270298,41500.0502666543,1.54227200895548,165.340483727447,249.883850097656,352.0,4.0,3.984375,1,0.108291625976563,a2680be0096698894f54a22d60f0dc2d4eeff104,dfa298c4f1eb0ff5514738cd5e0305aa25284bd32b37dcc5471df71ee5cbbcf9
225,25,autoresearch-seed42-20260723,12,autoresearch,42,bf16,cached_decode,headline,,,1,6,0,6.21317513287067,41202.7658202708,1.5475163590163,164.780164367435,249.883850097656,352.0,4.0,3.984375,1,0.108291625976563,a2680be0096698894f54a22d60f0dc2d4eeff104,dfa298c4f1eb0ff5514738cd5e0305aa25284bd32b37dcc5471df71ee5cbbcf9
226,25,autoresearch-seed42-20260723,12,autoresearch,42,bf16,cached_decode,headline,,,1,7,0,6.15468621253967,41594.3219783359,1.56238994561136,163.211495770487,249.883850097656,352.0,4.0,3.984375,1,0.108291625976563,a2680be0096698894f54a22d60f0dc2d4eeff104,dfa298c4f1eb0ff5514738cd5e0305aa25284bd32b37dcc5471df71ee5cbbcf9
227,25,autoresearch-seed42-20260723,12,autoresearch,42,bf16,cached_decode,headline,,,1,8,0,6.28109835088253,40757.2029124541,1.56654255092144,162.778853245965,249.883850097656,352.0,4.0,3.984375,1,0.108291625976563,a2680be0096698894f54a22d60f0dc2d4eeff104,dfa298c4f1eb0ff5514738cd5e0305aa25284bd32b37dcc5471df71ee5cbbcf9
228,25,autoresearch-seed42-20260723,12,autoresearch,42,bf16,cached_decode,headline,,,1,9,0,8.37687775492668,30560.3122654427,1.56409201584756,163.033886380283,249.883850097656,352.0,4.0,3.984375,1,0.108291625976563,a2680be0096698894f54a22d60f0dc2d4eeff104,dfa298c4f1eb0ff5514738cd5e0305aa25284bd32b37dcc5471df71ee5cbbcf9
229,26,autoresearch-seed42-20260723,13,autoresearch,42,bf16,cached_decode,headline,,,1,0,1,,,,,,,,,,,a2680be0096698894f54a22d60f0dc2d4eeff104,dfa298c4f1eb0ff5514738cd5e0305aa25284bd32b37dcc5471df71ee5cbbcf9
230,26,autoresearch-seed42-20260723,13,autoresearch,42,bf16,cached_decode,headline,,,1,1,1,,,,,,,,,,,a2680be0096698894f54a22d60f0dc2d4eeff104,dfa298c4f1eb0ff5514738cd5e0305aa25284bd32b37dcc5471df71ee5cbbcf9
231,26,autoresearch-seed42-20260723,13,autoresearch,42,bf16,cached_decode,headline,,,1,0,0,7.09508545696735,36081.3131219736,1.54610498808324,164.930584899109,249.879943847656,352.0,4.0,3.984375,1,0.108456611633301,a2680be0096698894f54a22d60f0dc2d4eeff104,dfa298c4f1eb0ff5514738cd5e0305aa25284bd32b37dcc5471df71ee5cbbcf9
232,26,autoresearch-seed42-20260723,13,autoresearch,42,bf16,cached_decode,headline,,,1,1,0,7.04313069581985,36347.4726021963,1.54698836617172,164.836404446299,249.883850097656,352.0,4.0,3.984375,1,0.108456611633301,a2680be0096698894f54a22d60f0dc2d4eeff104,dfa298c4f1eb0ff5514738cd5e0305aa25284bd32b37dcc5471df71ee5cbbcf9
233,26,autoresearch-seed42-20260723,13,autoresearch,42,bf16,cached_decode,headline,,,1,2,0,6.5437238663435,39121.4551880301,1.56027949973941,163.432256876149,249.883850097656,352.0,4.0,3.984375,1,0.108456611633301,a2680be0096698894f54a22d60f0dc2d4eeff104,dfa298c4f1eb0ff5514738cd5e0305aa25284bd32b37dcc5471df71ee5cbbcf9
234,26,autoresearch-seed42-20260723,13,autoresearch,42,bf16,cached_decode,headline,,,1,3,0,7.81009159982204,32778.1046775217,1.561468468979,163.30781252774,249.883850097656,352.0,4.0,3.984375,1,0.108456611633301,a2680be0096698894f54a22d60f0dc2d4eeff104,dfa298c4f1eb0ff5514738cd5e0305aa25284bd32b37dcc5471df71ee5cbbcf9
235,26,autoresearch-seed42-20260723,13,autoresearch,42,bf16,cached_decode,headline,,,1,4,0,6.55514560639858,39053.2896401438,1.55594828911126,163.887194571006,249.883850097656,352.0,4.0,3.984375,1,0.108456611633301,a2680be0096698894f54a22d60f0dc2d4eeff104,dfa298c4f1eb0ff5514738cd5e0305aa25284bd32b37dcc5471df71ee5cbbcf9
236,26,autoresearch-seed42-20260723,13,autoresearch,42,bf16,cached_decode,headline,,,1,5,0,6.36877305805683,40196.1253237225,1.55139124207199,164.368595802714,249.883850097656,352.0,4.0,3.984375,1,0.108456611633301,a2680be0096698894f54a22d60f0dc2d4eeff104,dfa298c4f1eb0ff5514738cd5e0305aa25284bd32b37dcc5471df71ee5cbbcf9
237,26,autoresearch-seed42-20260723,13,autoresearch,42,bf16,cached_decode,headline,,,1,6,0,6.59012421965599,38846.0052447029,1.54312109202147,165.249507195805,249.883850097656,352.0,4.0,3.984375,1,0.108456611633301,a2680be0096698894f54a22d60f0dc2d4eeff104,dfa298c4f1eb0ff5514738cd5e0305aa25284bd32b37dcc5471df71ee5cbbcf9
238,26,autoresearch-seed42-20260723,13,autoresearch,42,bf16,cached_decode,headline,,,1,7,0,6.27352483570576,40806.4057613953,1.54840475693345,164.685621674927,249.883850097656,352.0,4.0,3.984375,1,0.108456611633301,a2680be0096698894f54a22d60f0dc2d4eeff104,dfa298c4f1eb0ff5514738cd5e0305aa25284bd32b37dcc5471df71ee5cbbcf9
239,26,autoresearch-seed42-20260723,13,autoresearch,42,bf16,cached_decode,headline,,,1,8,0,6.13494403660297,41728.1720049319,1.5462018661201,164.920251092358,249.883850097656,352.0,4.0,3.984375,1,0.108456611633301,a2680be0096698894f54a22d60f0dc2d4eeff104,dfa298c4f1eb0ff5514738cd5e0305aa25284bd32b37dcc5471df71ee5cbbcf9
240,26,autoresearch-seed42-20260723,13,autoresearch,42,bf16,cached_decode,headline,,,1,9,0,6.90663233399391,37065.8213178639,1.55181823857129,164.323368331314,249.883850097656,352.0,4.0,3.984375,1,0.108456611633301,a2680be0096698894f54a22d60f0dc2d4eeff104,dfa298c4f1eb0ff5514738cd5e0305aa25284bd32b37dcc5471df71ee5cbbcf9
241,28,autoresearch-seed42-20260723,15,autoresearch,42,bf16,cached_decode,headline,,,1,0,1,,,,,,,,,,,a2680be0096698894f54a22d60f0dc2d4eeff104,dfa298c4f1eb0ff5514738cd5e0305aa25284bd32b37dcc5471df71ee5cbbcf9
242,28,autoresearch-seed42-20260723,15,autoresearch,42,bf16,cached_decode,headline,,,1,1,1,,,,,,,,,,,a2680be0096698894f54a22d60f0dc2d4eeff104,dfa298c4f1eb0ff5514738cd5e0305aa25284bd32b37dcc5471df71ee5cbbcf9
243,28,autoresearch-seed42-20260723,15,autoresearch,42,bf16,cached_decode,headline,,,1,0,0,6.76389969885349,37847.9887931208,1.56600007601082,162.835241138416,249.879943847656,352.0,4.0,3.984375,1,0.116679668426514,a2680be0096698894f54a22d60f0dc2d4eeff104,dfa298c4f1eb0ff5514738cd5e0305aa25284bd32b37dcc5471df71ee5cbbcf9
244,28,autoresearch-seed42-20260723,15,autoresearch,42,bf16,cached_decode,headline,,,1,1,0,6.57768547534943,38919.4650549022,1.56055116839707,163.403805760451,249.883850097656,352.0,4.0,3.984375,1,0.116679668426514,a2680be0096698894f54a22d60f0dc2d4eeff104,dfa298c4f1eb0ff5514738cd5e0305aa25284bd32b37dcc5471df71ee5cbbcf9
245,28,autoresearch-seed42-20260723,15,autoresearch,42,bf16,cached_decode,headline,,,1,2,0,7.544981315732,33929.8388275947,1.5621786210686,163.233574292272,249.883850097656,352.0,4.0,3.984375,1,0.116679668426514,a2680be0096698894f54a22d60f0dc2d4eeff104,dfa298c4f1eb0ff5514738cd5e0305aa25284bd32b37dcc5471df71ee5cbbcf9
246,28,autoresearch-seed42-20260723,15,autoresearch,42,bf16,cached_decode,headline,,,1,3,0,6.45532831549644,39657.1618805902,1.56628022715449,162.806115776144,249.883850097656,352.0,4.0,3.984375,1,0.116679668426514,a2680be0096698894f54a22d60f0dc2d4eeff104,dfa298c4f1eb0ff5514738cd5e0305aa25284bd32b37dcc5471df71ee5cbbcf9
247,28,autoresearch-seed42-20260723,15,autoresearch,42,bf16,cached_decode,headline,,,1,4,0,6.39223679900169,40048.5789324921,1.58424261957407,160.960194385225,249.883850097656,352.0,4.0,3.984375,1,0.116679668426514,a2680be0096698894f54a22d60f0dc2d4eeff104,dfa298c4f1eb0ff5514738cd5e0305aa25284bd32b37dcc5471df71ee5cbbcf9
248,28,autoresearch-seed42-20260723,15,autoresearch,42,bf16,cached_decode,headline,,,1,5,0,6.11003302037716,41898.3005732099,1.56293009780347,163.155089506802,249.883850097656,352.0,4.0,3.984375,1,0.116679668426514,a2680be0096698894f54a22d60f0dc2d4eeff104,dfa298c4f1eb0ff5514738cd5e0305aa25284bd32b37dcc5471df71ee5cbbcf9
249,28,autoresearch-seed42-20260723,15,autoresearch,42,bf16,cached_decode,headline,,,1,6,0,6.67217001318932,38368.3268702608,1.60864339768887,158.518662598782,249.883850097656,352.0,4.0,3.984375,1,0.116679668426514,a2680be0096698894f54a22d60f0dc2d4eeff104,dfa298c4f1eb0ff5514738cd5e0305aa25284bd32b37dcc5471df71ee5cbbcf9
250,28,autoresearch-seed42-20260723,15,autoresearch,42,bf16,cached_decode,headline,,,1,7,0,6.11090660095215,41892.3110296126,1.56941367685795,162.48106140538,249.883850097656,352.0,4.0,3.984375,1,0.116679668426514,a2680be0096698894f54a22d60f0dc2d4eeff104,dfa298c4f1eb0ff5514738cd5e0305aa25284bd32b37dcc5471df71ee5cbbcf9
251,28,autoresearch-seed42-20260723,15,autoresearch,42,bf16,cached_decode,headline,,,1,8,0,6.15576654672623,41587.0221940347,1.59252692572773,160.12288136571,249.883850097656,352.0,4.0,3.984375,1,0.116679668426514,a2680be0096698894f54a22d60f0dc2d4eeff104,dfa298c4f1eb0ff5514738cd5e0305aa25284bd32b37dcc5471df71ee5cbbcf9
252,28,autoresearch-seed42-20260723,15,autoresearch,42,bf16,cached_decode,headline,,,1,9,0,6.24170154333115,41014.4570711683,1.57036194391549,162.382946802819,249.883850097656,352.0,4.0,3.984375,1,0.116679668426514,a2680be0096698894f54a22d60f0dc2d4eeff104,dfa298c4f1eb0ff5514738cd5e0305aa25284bd32b37dcc5471df71ee5cbbcf9
253,29,autoresearch-seed42-20260723,16,autoresearch,42,bf16,cached_decode,headline,,,1,0,1,,,,,,,,,,,a2680be0096698894f54a22d60f0dc2d4eeff104,dfa298c4f1eb0ff5514738cd5e0305aa25284bd32b37dcc5471df71ee5cbbcf9
254,29,autoresearch-seed42-20260723,16,autoresearch,42,bf16,cached_decode,headline,,,1,1,1,,,,,,,,,,,a2680be0096698894f54a22d60f0dc2d4eeff104,dfa298c4f1eb0ff5514738cd5e0305aa25284bd32b37dcc5471df71ee5cbbcf9
255,29,autoresearch-seed42-20260723,16,autoresearch,42,bf16,cached_decode,headline,,,1,0,0,6.76700472831726,37830.6223030613,1.56545799598098,162.891627022038,249.879943847656,352.0,4.0,3.984375,1,0.120890378952026,a2680be0096698894f54a22d60f0dc2d4eeff104,dfa298c4f1eb0ff5514738cd5e0305aa25284bd32b37dcc5471df71ee5cbbcf9
256,29,autoresearch-seed42-20260723,16,autoresearch,42,bf16,cached_decode,headline,,,1,1,0,6.23968802392483,41027.6922529491,1.56640830263495,162.792804130984,249.883850097656,352.0,4.0,3.984375,1,0.120890378952026,a2680be0096698894f54a22d60f0dc2d4eeff104,dfa298c4f1eb0ff5514738cd5e0305aa25284bd32b37dcc5471df71ee5cbbcf9
257,29,autoresearch-seed42-20260723,16,autoresearch,42,bf16,cached_decode,headline,,,1,2,0,6.1885304749012,41366.8480810199,1.56971201486886,162.450180405419,249.883850097656,352.0,4.0,3.984375,1,0.120890378952026,a2680be0096698894f54a22d60f0dc2d4eeff104,dfa298c4f1eb0ff5514738cd5e0305aa25284bd32b37dcc5471df71ee5cbbcf9
258,29,autoresearch-seed42-20260723,16,autoresearch,42,bf16,cached_decode,headline,,,1,3,0,6.35148771107197,40305.5176433292,1.56671663932502,162.760765794802,249.883850097656,352.0,4.0,3.984375,1,0.120890378952026,a2680be0096698894f54a22d60f0dc2d4eeff104,dfa298c4f1eb0ff5514738cd5e0305aa25284bd32b37dcc5471df71ee5cbbcf9
259,29,autoresearch-seed42-20260723,16,autoresearch,42,bf16,cached_decode,headline,,,1,4,0,6.2782745808363,40775.5342178582,1.56386608816683,163.057439463318,249.883850097656,352.0,4.0,3.984375,1,0.120890378952026,a2680be0096698894f54a22d60f0dc2d4eeff104,dfa298c4f1eb0ff5514738cd5e0305aa25284bd32b37dcc5471df71ee5cbbcf9
260,29,autoresearch-seed42-20260723,16,autoresearch,42,bf16,cached_decode,headline,,,1,5,0,6.86660408973694,37281.8931533604,1.58055398799479,161.335836635047,249.883850097656,352.0,4.0,3.984375,1,0.120890378952026,a2680be0096698894f54a22d60f0dc2d4eeff104,dfa298c4f1eb0ff5514738cd5e0305aa25284bd32b37dcc5471df71ee5cbbcf9
261,29,autoresearch-seed42-20260723,16,autoresearch,42,bf16,cached_decode,headline,,,1,6,0,6.39081001281738,40057.5200149226,1.57459549047053,161.946354821453,249.883850097656,352.0,4.0,3.984375,1,0.120890378952026,a2680be0096698894f54a22d60f0dc2d4eeff104,dfa298c4f1eb0ff5514738cd5e0305aa25284bd32b37dcc5471df71ee5cbbcf9
262,29,autoresearch-seed42-20260723,16,autoresearch,42,bf16,cached_decode,headline,,,1,7,0,6.26666098833084,40851.1008456813,1.57966288365424,161.426847866494,249.883850097656,352.0,4.0,3.984375,1,0.120890378952026,a2680be0096698894f54a22d60f0dc2d4eeff104,dfa298c4f1eb0ff5514738cd5e0305aa25284bd32b37dcc5471df71ee5cbbcf9
263,29,autoresearch-seed42-20260723,16,autoresearch,42,bf16,cached_decode,headline,,,1,8,0,6.40642642974854,39959.8751046687,1.56953224353492,162.46878715004,249.883850097656,352.0,4.0,3.984375,1,0.120890378952026,a2680be0096698894f54a22d60f0dc2d4eeff104,dfa298c4f1eb0ff5514738cd5e0305aa25284bd32b37dcc5471df71ee5cbbcf9
264,29,autoresearch-seed42-20260723,16,autoresearch,42,bf16,cached_decode,headline,,,1,9,0,6.2610674649477,40887.5964734775,1.57190276309848,162.223774896453,249.883850097656,352.0,4.0,3.984375,1,0.120890378952026,a2680be0096698894f54a22d60f0dc2d4eeff104,dfa298c4f1eb0ff5514738cd5e0305aa25284bd32b37dcc5471df71ee5cbbcf9
265,32,autoresearch-seed42-20260723,19,autoresearch,42,bf16,cached_decode,headline,,,1,0,1,,,,,,,,,,,a2680be0096698894f54a22d60f0dc2d4eeff104,dfa298c4f1eb0ff5514738cd5e0305aa25284bd32b37dcc5471df71ee5cbbcf9
266,32,autoresearch-seed42-20260723,19,autoresearch,42,bf16,cached_decode,headline,,,1,1,1,,,,,,,,,,,a2680be0096698894f54a22d60f0dc2d4eeff104,dfa298c4f1eb0ff5514738cd5e0305aa25284bd32b37dcc5471df71ee5cbbcf9
267,32,autoresearch-seed42-20260723,19,autoresearch,42,bf16,cached_decode,headline,,,1,0,0,6.79007172584534,37702.1054174695,1.56345760822296,163.100040998128,249.879943847656,352.0,4.0,3.984375,1,0.150586843490601,a2680be0096698894f54a22d60f0dc2d4eeff104,dfa298c4f1eb0ff5514738cd5e0305aa25284bd32b37dcc5471df71ee5cbbcf9
268,32,autoresearch-seed42-20260723,19,autoresearch,42,bf16,cached_decode,headline,,,1,1,0,6.93837553262711,36896.244487803,1.57526578754187,161.877444439339,249.883850097656,352.0,4.0,3.984375,1,0.150586843490601,a2680be0096698894f54a22d60f0dc2d4eeff104,dfa298c4f1eb0ff5514738cd5e0305aa25284bd32b37dcc5471df71ee5cbbcf9
269,32,autoresearch-seed42-20260723,19,autoresearch,42,bf16,cached_decode,headline,,,1,2,0,6.74139149487019,37974.3559166978,1.59838787466288,159.535744760191,249.883850097656,352.0,4.0,3.984375,1,0.150586843490601,a2680be0096698894f54a22d60f0dc2d4eeff104,dfa298c4f1eb0ff5514738cd5e0305aa25284bd32b37dcc5471df71ee5cbbcf9
270,32,autoresearch-seed42-20260723,19,autoresearch,42,bf16,cached_decode,headline,,,1,3,0,6.25446997582912,40930.7265026983,1.56905123591423,162.518593506235,249.883850097656,352.0,4.0,3.984375,1,0.150586843490601,a2680be0096698894f54a22d60f0dc2d4eeff104,dfa298c4f1eb0ff5514738cd5e0305aa25284bd32b37dcc5471df71ee5cbbcf9
271,32,autoresearch-seed42-20260723,19,autoresearch,42,bf16,cached_decode,headline,,,1,4,0,6.55063427984715,39080.1850727001,1.56209258921444,163.242564340079,249.883850097656,352.0,4.0,3.984375,1,0.150586843490601,a2680be0096698894f54a22d60f0dc2d4eeff104,dfa298c4f1eb0ff5514738cd5e0305aa25284bd32b37dcc5471df71ee5cbbcf9
272,32,autoresearch-seed42-20260723,19,autoresearch,42,bf16,cached_decode,headline,,,1,5,0,6.34059868752956,40374.7363010831,1.55697124823928,163.779517629738,249.883850097656,352.0,4.0,3.984375,1,0.150586843490601,a2680be0096698894f54a22d60f0dc2d4eeff104,dfa298c4f1eb0ff5514738cd5e0305aa25284bd32b37dcc5471df71ee5cbbcf9
273,32,autoresearch-seed42-20260723,19,autoresearch,42,bf16,cached_decode,headline,,,1,6,0,10.7896719127893,23726.3933573879,1.58151868544519,161.237424727751,249.883850097656,352.0,4.0,3.984375,1,0.150586843490601,a2680be0096698894f54a22d60f0dc2d4eeff104,dfa298c4f1eb0ff5514738cd5e0305aa25284bd32b37dcc5471df71ee5cbbcf9
274,32,autoresearch-seed42-20260723,19,autoresearch,42,bf16,cached_decode,headline,,,1,7,0,6.26033172011375,40892.4017839982,1.56277127563953,163.17167072043,249.883850097656,352.0,4.0,3.984375,1,0.150586843490601,a2680be0096698894f54a22d60f0dc2d4eeff104,dfa298c4f1eb0ff5514738cd5e0305aa25284bd32b37dcc5471df71ee5cbbcf9
275,32,autoresearch-seed42-20260723,19,autoresearch,42,bf16,cached_decode,headline,,,1,8,0,6.16117939352989,41550.4863028069,1.56089418381453,163.367896840277,249.883850097656,352.0,4.0,3.984375,1,0.150586843490601,a2680be0096698894f54a22d60f0dc2d4eeff104,dfa298c4f1eb0ff5514738cd5e0305aa25284bd32b37dcc5471df71ee5cbbcf9
276,32,autoresearch-seed42-20260723,19,autoresearch,42,bf16,cached_decode,headline,,,1,9,0,6.90008327364922,37101.0015165528,1.56387863494456,163.056131276479,249.883850097656,352.0,4.0,3.984375,1,0.150586843490601,a2680be0096698894f54a22d60f0dc2d4eeff104,dfa298c4f1eb0ff5514738cd5e0305aa25284bd32b37dcc5471df71ee5cbbcf9
277,34,autoresearch-seed42-20260723,21,autoresearch,42,bf16,cached_decode,headline,,,1,0,1,,,,,,,,,,,a2680be0096698894f54a22d60f0dc2d4eeff104,dfa298c4f1eb0ff5514738cd5e0305aa25284bd32b37dcc5471df71ee5cbbcf9
278,34,autoresearch-seed42-20260723,21,autoresearch,42,bf16,cached_decode,headline,,,1,1,1,,,,,,,,,,,a2680be0096698894f54a22d60f0dc2d4eeff104,dfa298c4f1eb0ff5514738cd5e0305aa25284bd32b37dcc5471df71ee5cbbcf9
279,34,autoresearch-seed42-20260723,21,autoresearch,42,bf16,cached_decode,headline,,,1,0,0,6.68829865753651,38275.8027277287,1.53439615480602,166.189154737707,249.879943847656,352.0,4.0,3.984375,1,0.133891820907593,a2680be0096698894f54a22d60f0dc2d4eeff104,dfa298c4f1eb0ff5514738cd5e0305aa25284bd32b37dcc5471df71ee5cbbcf9
280,34,autoresearch-seed42-20260723,21,autoresearch,42,bf16,cached_decode,headline,,,1,1,0,6.20119273662567,41282.3808052288,1.55044291913509,164.469131273953,249.883850097656,352.0,4.0,3.984375,1,0.133891820907593,a2680be0096698894f54a22d60f0dc2d4eeff104,dfa298c4f1eb0ff5514738cd5e0305aa25284bd32b37dcc5471df71ee5cbbcf9
281,34,autoresearch-seed42-20260723,21,autoresearch,42,bf16,cached_decode,headline,,,1,2,0,6.42427988350391,39848.8242483566,1.55267645791173,164.232540978281,249.883850097656,352.0,4.0,3.984375,1,0.133891820907593,a2680be0096698894f54a22d60f0dc2d4eeff104,dfa298c4f1eb0ff5514738cd5e0305aa25284bd32b37dcc5471df71ee5cbbcf9
282,34,autoresearch-seed42-20260723,21,autoresearch,42,bf16,cached_decode,headline,,,1,3,0,6.44603185355663,39714.3554074668,1.53881992027164,165.711397832039,249.883850097656,352.0,4.0,3.984375,1,0.133891820907593,a2680be0096698894f54a22d60f0dc2d4eeff104,dfa298c4f1eb0ff5514738cd5e0305aa25284bd32b37dcc5471df71ee5cbbcf9
283,34,autoresearch-seed42-20260723,21,autoresearch,42,bf16,cached_decode,headline,,,1,4,0,6.14401139318943,41666.5894017992,1.54225512593985,165.34229370423,249.883850097656,352.0,4.0,3.984375,1,0.133891820907593,a2680be0096698894f54a22d60f0dc2d4eeff104,dfa298c4f1eb0ff5514738cd5e0305aa25284bd32b37dcc5471df71ee5cbbcf9
284,34,autoresearch-seed42-20260723,21,autoresearch,42,bf16,cached_decode,headline,,,1,5,0,6.05247728526592,42296.7304021451,1.54901886731386,164.62033186348,249.883850097656,352.0,4.0,3.984375,1,0.133891820907593,a2680be0096698894f54a22d60f0dc2d4eeff104,dfa298c4f1eb0ff5514738cd5e0305aa25284bd32b37dcc5471df71ee5cbbcf9
285,34,autoresearch-seed42-20260723,21,autoresearch,42,bf16,cached_decode,headline,,,1,6,0,6.19488954544067,41324.3849018117,1.53627691045403,165.985701057394,249.883850097656,352.0,4.0,3.984375,1,0.133891820907593,a2680be0096698894f54a22d60f0dc2d4eeff104,dfa298c4f1eb0ff5514738cd5e0305aa25284bd32b37dcc5471df71ee5cbbcf9
286,34,autoresearch-seed42-20260723,21,autoresearch,42,bf16,cached_decode,headline,,,1,7,0,6.17632642388344,41448.5864947269,1.5585951898247,163.608871414957,249.883850097656,352.0,4.0,3.984375,1,0.133891820907593,a2680be0096698894f54a22d60f0dc2d4eeff104,dfa298c4f1eb0ff5514738cd5e0305aa25284bd32b37dcc5471df71ee5cbbcf9
287,34,autoresearch-seed42-20260723,21,autoresearch,42,bf16,cached_decode,headline,,,1,8,0,6.09403289854527,42008.3062008265,1.55701964348555,163.774427038799,249.883850097656,352.0,4.0,3.984375,1,0.133891820907593,a2680be0096698894f54a22d60f0dc2d4eeff104,dfa298c4f1eb0ff5514738cd5e0305aa25284bd32b37dcc5471df71ee5cbbcf9
288,34,autoresearch-seed42-20260723,21,autoresearch,42,bf16,cached_decode,headline,,,1,9,0,6.12808577716351,41774.8721719907,1.54859088174999,164.665828144253,249.883850097656,352.0,4.0,3.984375,1,0.133891820907593,a2680be0096698894f54a22d60f0dc2d4eeff104,dfa298c4f1eb0ff5514738cd5e0305aa25284bd32b37dcc5471df71ee5cbbcf9
289,40,autoresearch-seed42-20260723,27,autoresearch,42,bf16,cached_decode,headline,,,1,0,1,,,,,,,,,,,a2680be0096698894f54a22d60f0dc2d4eeff104,dfa298c4f1eb0ff5514738cd5e0305aa25284bd32b37dcc5471df71ee5cbbcf9
290,40,autoresearch-seed42-20260723,27,autoresearch,42,bf16,cached_decode,headline,,,1,1,1,,,,,,,,,,,a2680be0096698894f54a22d60f0dc2d4eeff104,dfa298c4f1eb0ff5514738cd5e0305aa25284bd32b37dcc5471df71ee5cbbcf9
291,40,autoresearch-seed42-20260723,27,autoresearch,42,bf16,cached_decode,headline,,,1,0,0,6.72006420791149,38094.8741082879,1.53942286781967,165.6464934558,249.879943847656,352.0,4.0,3.984375,1,0.119149923324585,a2680be0096698894f54a22d60f0dc2d4eeff104,dfa298c4f1eb0ff5514738cd5e0305aa25284bd32b37dcc5471df71ee5cbbcf9
292,40,autoresearch-seed42-20260723,27,autoresearch,42,bf16,cached_decode,headline,,,1,1,0,6.86708092689514,37279.3043689594,1.55331445857882,164.165084919964,249.883850097656,352.0,4.0,3.984375,1,0.119149923324585,a2680be0096698894f54a22d60f0dc2d4eeff104,dfa298c4f1eb0ff5514738cd5e0305aa25284bd32b37dcc5471df71ee5cbbcf9
293,40,autoresearch-seed42-20260723,27,autoresearch,42,bf16,cached_decode,headline,,,1,2,0,6.32666051387787,40463.6852947065,1.54212557151914,165.356184158727,249.883850097656,352.0,4.0,3.984375,1,0.119149923324585,a2680be0096698894f54a22d60f0dc2d4eeff104,dfa298c4f1eb0ff5514738cd5e0305aa25284bd32b37dcc5471df71ee5cbbcf9
294,40,autoresearch-seed42-20260723,27,autoresearch,42,bf16,cached_decode,headline,,,1,3,0,6.17891177535057,41431.2437703442,1.55790770426393,163.681070003105,249.883850097656,352.0,4.0,3.984375,1,0.119149923324585,a2680be0096698894f54a22d60f0dc2d4eeff104,dfa298c4f1eb0ff5514738cd5e0305aa25284bd32b37dcc5471df71ee5cbbcf9
295,40,autoresearch-seed42-20260723,27,autoresearch,42,bf16,cached_decode,headline,,,1,4,0,6.1369314789772,41714.6583560463,1.55083177611232,164.427892133629,249.883850097656,352.0,4.0,3.984375,1,0.119149923324585,a2680be0096698894f54a22d60f0dc2d4eeff104,dfa298c4f1eb0ff5514738cd5e0305aa25284bd32b37dcc5471df71ee5cbbcf9
296,40,autoresearch-seed42-20260723,27,autoresearch,42,bf16,cached_decode,headline,,,1,5,0,6.35885633528233,40258.8117268156,1.54927783645689,164.592814793743,249.883850097656,352.0,4.0,3.984375,1,0.119149923324585,a2680be0096698894f54a22d60f0dc2d4eeff104,dfa298c4f1eb0ff5514738cd5e0305aa25284bd32b37dcc5471df71ee5cbbcf9
297,40,autoresearch-seed42-20260723,27,autoresearch,42,bf16,cached_decode,headline,,,1,6,0,6.08625449240208,42061.9940095479,1.53359233960509,166.276260916681,249.883850097656,352.0,4.0,3.984375,1,0.119149923324585,a2680be0096698894f54a22d60f0dc2d4eeff104,dfa298c4f1eb0ff5514738cd5e0305aa25284bd32b37dcc5471df71ee5cbbcf9
298,40,autoresearch-seed42-20260723,27,autoresearch,42,bf16,cached_decode,headline,,,1,7,0,6.07548281550407,42136.5688578217,1.54323020577431,165.237823265684,249.883850097656,352.0,4.0,3.984375,1,0.119149923324585,a2680be0096698894f54a22d60f0dc2d4eeff104,dfa298c4f1eb0ff5514738cd5e0305aa25284bd32b37dcc5471df71ee5cbbcf9
299,40,autoresearch-seed42-20260723,27,autoresearch,42,bf16,cached_decode,headline,,,1,8,0,7.17438384890556,35682.5067338782,1.57012877985835,162.407060663524,249.883850097656,352.0,4.0,3.984375,1,0.119149923324585,a2680be0096698894f54a22d60f0dc2d4eeff104,dfa298c4f1eb0ff5514738cd5e0305aa25284bd32b37dcc5471df71ee5cbbcf9
300,40,autoresearch-seed42-20260723,27,autoresearch,42,bf16,cached_decode,headline,,,1,9,0,6.51745311915874,39279.1471330205,1.54613812826574,164.927049749447,249.883850097656,352.0,4.0,3.984375,1,0.119149923324585,a2680be0096698894f54a22d60f0dc2d4eeff104,dfa298c4f1eb0ff5514738cd5e0305aa25284bd32b37dcc5471df71ee5cbbcf9
301,48,autoresearch-seed42-20260723,35,autoresearch,42,bf16,cached_decode,headline,,,1,0,1,,,,,,,,,,,a2680be0096698894f54a22d60f0dc2d4eeff104,dfa298c4f1eb0ff5514738cd5e0305aa25284bd32b37dcc5471df71ee5cbbcf9
302,48,autoresearch-seed42-20260723,35,autoresearch,42,bf16,cached_decode,headline,,,1,1,1,,,,,,,,,,,a2680be0096698894f54a22d60f0dc2d4eeff104,dfa298c4f1eb0ff5514738cd5e0305aa25284bd32b37dcc5471df71ee5cbbcf9
303,48,autoresearch-seed42-20260723,35,autoresearch,42,bf16,cached_decode,headline,,,1,0,0,9.38507728278637,27277.3459702396,1.55419432371855,164.072147291009,249.879943847656,352.0,4.0,3.984375,1,0.137877941131592,a2680be0096698894f54a22d60f0dc2d4eeff104,dfa298c4f1eb0ff5514738cd5e0305aa25284bd32b37dcc5471df71ee5cbbcf9
304,48,autoresearch-seed42-20260723,35,autoresearch,42,bf16,cached_decode,headline,,,1,1,0,6.88768737018108,37167.7729027457,1.54250632226467,165.315367800642,249.883850097656,352.0,4.0,3.984375,1,0.137877941131592,a2680be0096698894f54a22d60f0dc2d4eeff104,dfa298c4f1eb0ff5514738cd5e0305aa25284bd32b37dcc5471df71ee5cbbcf9
305,48,autoresearch-seed42-20260723,35,autoresearch,42,bf16,cached_decode,headline,,,1,2,0,9.16878320276737,27920.8259524266,1.52775347977877,166.911745497661,249.883850097656,352.0,4.0,3.984375,1,0.137877941131592,a2680be0096698894f54a22d60f0dc2d4eeff104,dfa298c4f1eb0ff5514738cd5e0305aa25284bd32b37dcc5471df71ee5cbbcf9
306,48,autoresearch-seed42-20260723,35,autoresearch,42,bf16,cached_decode,headline,,,1,3,0,9.1749019920826,27902.205410032,1.55731801688671,163.743048776755,249.883850097656,352.0,4.0,3.984375,1,0.137877941131592,a2680be0096698894f54a22d60f0dc2d4eeff104,dfa298c4f1eb0ff5514738cd5e0305aa25284bd32b37dcc5471df71ee5cbbcf9
307,48,autoresearch-seed42-20260723,35,autoresearch,42,bf16,cached_decode,headline,,,1,4,0,7.5714997947216,33811.0026996855,1.53212654776871,166.435338106611,249.883850097656,352.0,4.0,3.984375,1,0.137877941131592,a2680be0096698894f54a22d60f0dc2d4eeff104,dfa298c4f1eb0ff5514738cd5e0305aa25284bd32b37dcc5471df71ee5cbbcf9
308,48,autoresearch-seed42-20260723,35,autoresearch,42,bf16,cached_decode,headline,,,1,5,0,9.7817312926054,26171.2361893979,1.85080998018384,137.777515104317,249.883850097656,352.0,4.0,3.984375,1,0.137877941131592,a2680be0096698894f54a22d60f0dc2d4eeff104,dfa298c4f1eb0ff5514738cd5e0305aa25284bd32b37dcc5471df71ee5cbbcf9
309,48,autoresearch-seed42-20260723,35,autoresearch,42,bf16,cached_decode,headline,,,1,6,0,9.68506000936031,26432.4639963597,2.03804781474173,125.119733774408,249.883850097656,352.0,4.0,3.984375,1,0.137877941131592,a2680be0096698894f54a22d60f0dc2d4eeff104,dfa298c4f1eb0ff5514738cd5e0305aa25284bd32b37dcc5471df71ee5cbbcf9
310,48,autoresearch-seed42-20260723,35,autoresearch,42,bf16,cached_decode,headline,,,1,7,0,8.71632248163223,29370.18456344,1.55236540362239,164.265448975458,249.883850097656,352.0,4.0,3.984375,1,0.137877941131592,a2680be0096698894f54a22d60f0dc2d4eeff104,dfa298c4f1eb0ff5514738cd5e0305aa25284bd32b37dcc5471df71ee5cbbcf9
311,48,autoresearch-seed42-20260723,35,autoresearch,42,bf16,cached_decode,headline,,,1,8,0,8.55078920722008,29938.7569727295,1.55119345709682,164.389553626182,249.883850097656,352.0,4.0,3.984375,1,0.137877941131592,a2680be0096698894f54a22d60f0dc2d4eeff104,dfa298c4f1eb0ff5514738cd5e0305aa25284bd32b37dcc5471df71ee5cbbcf9
312,48,autoresearch-seed42-20260723,35,autoresearch,42,bf16,cached_decode,headline,,,1,9,0,6.44922442734241,39694.6955225579,1.54773193039,164.757213437953,249.883850097656,352.0,4.0,3.984375,1,0.137877941131592,a2680be0096698894f54a22d60f0dc2d4eeff104,dfa298c4f1eb0ff5514738cd5e0305aa25284bd32b37dcc5471df71ee5cbbcf9
313,51,autoresearch-seed42-20260723,38,autoresearch,42,bf16,cached_decode,headline,,,1,0,1,,,,,,,,,,,a2680be0096698894f54a22d60f0dc2d4eeff104,dfa298c4f1eb0ff5514738cd5e0305aa25284bd32b37dcc5471df71ee5cbbcf9
314,51,autoresearch-seed42-20260723,38,autoresearch,42,bf16,cached_decode,headline,,,1,1,1,,,,,,,,,,,a2680be0096698894f54a22d60f0dc2d4eeff104,dfa298c4f1eb0ff5514738cd5e0305aa25284bd32b37dcc5471df71ee5cbbcf9
315,51,autoresearch-seed42-20260723,38,autoresearch,42,bf16,cached_decode,headline,,,1,0,0,6.78916834294796,37707.1221493443,1.54324590042233,165.23614281445,249.879943847656,352.0,4.0,3.984375,1,0.122630596160889,a2680be0096698894f54a22d60f0dc2d4eeff104,dfa298c4f1eb0ff5514738cd5e0305aa25284bd32b37dcc5471df71ee5cbbcf9
316,51,autoresearch-seed42-20260723,38,autoresearch,42,bf16,cached_decode,headline,,,1,1,0,6.22648745775223,41114.6736803059,1.54514092952013,165.033489909037,249.883850097656,352.0,4.0,3.984375,1,0.122630596160889,a2680be0096698894f54a22d60f0dc2d4eeff104,dfa298c4f1eb0ff5514738cd5e0305aa25284bd32b37dcc5471df71ee5cbbcf9
317,51,autoresearch-seed42-20260723,38,autoresearch,42,bf16,cached_decode,headline,,,1,2,0,6.31964765489101,40508.5875004237,1.54841357469559,164.68468383851,249.883850097656,352.0,4.0,3.984375,1,0.122630596160889,a2680be0096698894f54a22d60f0dc2d4eeff104,dfa298c4f1eb0ff5514738cd5e0305aa25284bd32b37dcc5471df71ee5cbbcf9
318,51,autoresearch-seed42-20260723,38,autoresearch,42,bf16,cached_decode,headline,,,1,3,0,6.19404390454292,41330.026707147,1.55407315678895,164.084939557727,249.883850097656,352.0,4.0,3.984375,1,0.122630596160889,a2680be0096698894f54a22d60f0dc2d4eeff104,dfa298c4f1eb0ff5514738cd5e0305aa25284bd32b37dcc5471df71ee5cbbcf9
319,51,autoresearch-seed42-20260723,38,autoresearch,42,bf16,cached_decode,headline,,,1,4,0,6.14636391401291,41650.6415144657,1.55343184806406,164.152679319527,249.883850097656,352.0,4.0,3.984375,1,0.122630596160889,a2680be0096698894f54a22d60f0dc2d4eeff104,dfa298c4f1eb0ff5514738cd5e0305aa25284bd32b37dcc5471df71ee5cbbcf9
320,51,autoresearch-seed42-20260723,38,autoresearch,42,bf16,cached_decode,headline,,,1,5,0,6.2303077429533,41089.4630830307,1.54526073485613,165.020694726798,249.883850097656,352.0,4.0,3.984375,1,0.122630596160889,a2680be0096698894f54a22d60f0dc2d4eeff104,dfa298c4f1eb0ff5514738cd5e0305aa25284bd32b37dcc5471df71ee5cbbcf9
321,51,autoresearch-seed42-20260723,38,autoresearch,42,bf16,cached_decode,headline,,,1,6,0,6.21149130165577,41213.9351997095,1.54591904766858,164.950422458776,249.883850097656,352.0,4.0,3.984375,1,0.122630596160889,a2680be0096698894f54a22d60f0dc2d4eeff104,dfa298c4f1eb0ff5514738cd5e0305aa25284bd32b37dcc5471df71ee5cbbcf9
322,51,autoresearch-seed42-20260723,38,autoresearch,42,bf16,cached_decode,headline,,,1,7,0,6.15039095282555,41623.3702806146,1.56451119855046,162.990204375821,249.883850097656,352.0,4.0,3.984375,1,0.122630596160889,a2680be0096698894f54a22d60f0dc2d4eeff104,dfa298c4f1eb0ff5514738cd5e0305aa25284bd32b37dcc5471df71ee5cbbcf9
323,51,autoresearch-seed42-20260723,38,autoresearch,42,bf16,cached_decode,headline,,,1,8,0,6.45051896572113,39686.72929425,1.57664725184441,161.735606808494,249.883850097656,352.0,4.0,3.984375,1,0.122630596160889,a2680be0096698894f54a22d60f0dc2d4eeff104,dfa298c4f1eb0ff5514738cd5e0305aa25284bd32b37dcc5471df71ee5cbbcf9
324,51,autoresearch-seed42-20260723,38,autoresearch,42,bf16,cached_decode,headline,,,1,9,0,6.19406066834927,41329.9148502245,1.57631118036807,161.770089038167,249.883850097656,352.0,4.0,3.984375,1,0.122630596160889,a2680be0096698894f54a22d60f0dc2d4eeff104,dfa298c4f1eb0ff5514738cd5e0305aa25284bd32b37dcc5471df71ee5cbbcf9
325,52,autoresearch-seed42-20260723,39,autoresearch,42,bf16,cached_decode,headline,,,1,0,1,,,,,,,,,,,a2680be0096698894f54a22d60f0dc2d4eeff104,dfa298c4f1eb0ff5514738cd5e0305aa25284bd32b37dcc5471df71ee5cbbcf9
326,52,autoresearch-seed42-20260723,39,autoresearch,42,bf16,cached_decode,headline,,,1,1,1,,,,,,,,,,,a2680be0096698894f54a22d60f0dc2d4eeff104,dfa298c4f1eb0ff5514738cd5e0305aa25284bd32b37dcc5471df71ee5cbbcf9
327,52,autoresearch-seed42-20260723,39,autoresearch,42,bf16,cached_decode,headline,,,1,0,0,6.6062156111002,38751.384312957,1.6273776255548,156.69380971922,249.879943847656,352.0,4.0,3.984375,1,0.128098011016846,a2680be0096698894f54a22d60f0dc2d4eeff104,dfa298c4f1eb0ff5514738cd5e0305aa25284bd32b37dcc5471df71ee5cbbcf9
328,52,autoresearch-seed42-20260723,39,autoresearch,42,bf16,cached_decode,headline,,,1,1,0,8.07860679924488,31688.632255741,1.92565161734819,132.422707047685,249.883850097656,352.0,4.0,3.984375,1,0.128098011016846,a2680be0096698894f54a22d60f0dc2d4eeff104,dfa298c4f1eb0ff5514738cd5e0305aa25284bd32b37dcc5471df71ee5cbbcf9
329,52,autoresearch-seed42-20260723,39,autoresearch,42,bf16,cached_decode,headline,,,1,2,0,7.54136592149734,33946.1050776291,1.68771307356656,151.092033352045,249.883850097656,352.0,4.0,3.984375,1,0.128098011016846,a2680be0096698894f54a22d60f0dc2d4eeff104,dfa298c4f1eb0ff5514738cd5e0305aa25284bd32b37dcc5471df71ee5cbbcf9
330,52,autoresearch-seed42-20260723,39,autoresearch,42,bf16,cached_decode,headline,,,1,3,0,6.40268065035343,39983.2529498201,1.56990241259336,162.430478451688,249.883850097656,352.0,4.0,3.984375,1,0.128098011016846,a2680be0096698894f54a22d60f0dc2d4eeff104,dfa298c4f1eb0ff5514738cd5e0305aa25284bd32b37dcc5471df71ee5cbbcf9
331,52,autoresearch-seed42-20260723,39,autoresearch,42,bf16,cached_decode,headline,,,1,4,0,6.50798715651035,39336.279227888,1.6002515591681,159.349946287547,249.883850097656,352.0,4.0,3.984375,1,0.128098011016846,a2680be0096698894f54a22d60f0dc2d4eeff104,dfa298c4f1eb0ff5514738cd5e0305aa25284bd32b37dcc5471df71ee5cbbcf9
332,52,autoresearch-seed42-20260723,39,autoresearch,42,bf16,cached_decode,headline,,,1,5,0,6.41603954136372,39900.0034756001,1.59782385081053,159.592060082622,249.883850097656,352.0,4.0,3.984375,1,0.128098011016846,a2680be0096698894f54a22d60f0dc2d4eeff104,dfa298c4f1eb0ff5514738cd5e0305aa25284bd32b37dcc5471df71ee5cbbcf9
333,52,autoresearch-seed42-20260723,39,autoresearch,42,bf16,cached_decode,headline,,,1,6,0,8.80099274218082,29087.6276687583,1.58303752169013,161.082726407994,249.883850097656,352.0,4.0,3.984375,1,0.128098011016846,a2680be0096698894f54a22d60f0dc2d4eeff104,dfa298c4f1eb0ff5514738cd5e0305aa25284bd32b37dcc5471df71ee5cbbcf9
334,52,autoresearch-seed42-20260723,39,autoresearch,42,bf16,cached_decode,headline,,,1,7,0,6.27955980598927,40767.1887694794,1.57663059793413,161.737315217736,249.883850097656,352.0,4.0,3.984375,1,0.128098011016846,a2680be0096698894f54a22d60f0dc2d4eeff104,dfa298c4f1eb0ff5514738cd5e0305aa25284bd32b37dcc5471df71ee5cbbcf9
335,52,autoresearch-seed42-20260723,39,autoresearch,42,bf16,cached_decode,headline,,,1,8,0,6.36879913508892,40195.9607407882,1.57635602913797,161.765486531267,249.883850097656,352.0,4.0,3.984375,1,0.128098011016846,a2680be0096698894f54a22d60f0dc2d4eeff104,dfa298c4f1eb0ff5514738cd5e0305aa25284bd32b37dcc5471df71ee5cbbcf9
336,52,autoresearch-seed42-20260723,39,autoresearch,42,bf16,cached_decode,headline,,,1,9,0,6.352748721838,40297.5170606045,1.76252633519471,144.678689281446,249.883850097656,352.0,4.0,3.984375,1,0.128098011016846,a2680be0096698894f54a22d60f0dc2d4eeff104,dfa298c4f1eb0ff5514738cd5e0305aa25284bd32b37dcc5471df71ee5cbbcf9
337,61,autoresearch-seed42-20260723,48,autoresearch,42,bf16,cached_decode,headline,,,1,0,1,,,,,,,,,,,a2680be0096698894f54a22d60f0dc2d4eeff104,dfa298c4f1eb0ff5514738cd5e0305aa25284bd32b37dcc5471df71ee5cbbcf9
338,61,autoresearch-seed42-20260723,48,autoresearch,42,bf16,cached_decode,headline,,,1,1,1,,,,,,,,,,,a2680be0096698894f54a22d60f0dc2d4eeff104,dfa298c4f1eb0ff5514738cd5e0305aa25284bd32b37dcc5471df71ee5cbbcf9
339,61,autoresearch-seed42-20260723,48,autoresearch,42,bf16,cached_decode,headline,,,1,0,0,6.81475177407265,37565.5648932035,1.59432424418628,159.942371151828,249.879943847656,352.0,4.0,3.984375,1,0.1394362449646,a2680be0096698894f54a22d60f0dc2d4eeff104,dfa298c4f1eb0ff5514738cd5e0305aa25284bd32b37dcc5471df71ee5cbbcf9
340,61,autoresearch-seed42-20260723,48,autoresearch,42,bf16,cached_decode,headline,,,1,1,0,8.32740776240826,30741.8595683089,1.56272588670254,163.176409996041,249.883850097656,352.0,4.0,3.984375,1,0.1394362449646,a2680be0096698894f54a22d60f0dc2d4eeff104,dfa298c4f1eb0ff5514738cd5e0305aa25284bd32b37dcc5471df71ee5cbbcf9
341,61,autoresearch-seed42-20260723,48,autoresearch,42,bf16,cached_decode,headline,,,1,2,0,6.98613189160824,36644.0261895868,1.57147428020835,162.268007317429,249.883850097656,352.0,4.0,3.984375,1,0.1394362449646,a2680be0096698894f54a22d60f0dc2d4eeff104,dfa298c4f1eb0ff5514738cd5e0305aa25284bd32b37dcc5471df71ee5cbbcf9
342,61,autoresearch-seed42-20260723,48,autoresearch,42,bf16,cached_decode,headline,,,1,3,0,6.26715645194054,40847.8712735396,1.58536743186414,160.845993726615,249.883850097656,352.0,4.0,3.984375,1,0.1394362449646,a2680be0096698894f54a22d60f0dc2d4eeff104,dfa298c4f1eb0ff5514738cd5e0305aa25284bd32b37dcc5471df71ee5cbbcf9
343,61,autoresearch-seed42-20260723,48,autoresearch,42,bf16,cached_decode,headline,,,1,4,0,6.2568262219429,40915.3124793844,1.57424126751721,161.982794671727,249.883850097656,352.0,4.0,3.984375,1,0.1394362449646,a2680be0096698894f54a22d60f0dc2d4eeff104,dfa298c4f1eb0ff5514738cd5e0305aa25284bd32b37dcc5471df71ee5cbbcf9
344,61,autoresearch-seed42-20260723,48,autoresearch,42,bf16,cached_decode,headline,,,1,5,0,6.28449954092503,40735.1449917234,1.56789924763143,162.638001380012,249.883850097656,352.0,4.0,3.984375,1,0.1394362449646,a2680be0096698894f54a22d60f0dc2d4eeff104,dfa298c4f1eb0ff5514738cd5e0305aa25284bd32b37dcc5471df71ee5cbbcf9
345,61,autoresearch-seed42-20260723,48,autoresearch,42,bf16,cached_decode,headline,,,1,6,0,6.19698315858841,41310.4237091897,1.56740351393819,162.689440040426,249.883850097656,352.0,4.0,3.984375,1,0.1394362449646,a2680be0096698894f54a22d60f0dc2d4eeff104,dfa298c4f1eb0ff5514738cd5e0305aa25284bd32b37dcc5471df71ee5cbbcf9
346,61,autoresearch-seed42-20260723,48,autoresearch,42,bf16,cached_decode,headline,,,1,7,0,7.56192952394485,33853.7934252595,1.58864125050604,160.514527693885,249.883850097656,352.0,4.0,3.984375,1,0.1394362449646,a2680be0096698894f54a22d60f0dc2d4eeff104,dfa298c4f1eb0ff5514738cd5e0305aa25284bd32b37dcc5471df71ee5cbbcf9
347,61,autoresearch-seed42-20260723,48,autoresearch,42,bf16,cached_decode,headline,,,1,8,0,6.19887188076973,41297.8369167733,1.58114668913186,161.27535904971,249.883850097656,352.0,4.0,3.984375,1,0.1394362449646,a2680be0096698894f54a22d60f0dc2d4eeff104,dfa298c4f1eb0ff5514738cd5e0305aa25284bd32b37dcc5471df71ee5cbbcf9
348,61,autoresearch-seed42-20260723,48,autoresearch,42,bf16,cached_decode,headline,,,1,9,0,6.24483078718185,40993.9049950666,1.97181078232825,129.322753625936,249.883850097656,352.0,4.0,3.984375,1,0.1394362449646,a2680be0096698894f54a22d60f0dc2d4eeff104,dfa298c4f1eb0ff5514738cd5e0305aa25284bd32b37dcc5471df71ee5cbbcf9
349,66,autoresearch-diagnostic5-seed42-20260724,3,autoresearch,42,bf16,cached_decode,headline,,,1,0,1,,,,,,,,,,,75af7b7ec8d170e59aaac5b68fa154c5a5117a5b,308f047a4a9396b59a07f3804a96b39377f1d08cc0a675543fd3316847fcd999
350,66,autoresearch-diagnostic5-seed42-20260724,3,autoresearch,42,bf16,cached_decode,headline,,,1,1,1,,,,,,,,,,,75af7b7ec8d170e59aaac5b68fa154c5a5117a5b,308f047a4a9396b59a07f3804a96b39377f1d08cc0a675543fd3316847fcd999
351,66,autoresearch-diagnostic5-seed42-20260724,3,autoresearch,42,bf16,cached_decode,headline,,,1,0,0,9.55600605811924,26789.4346699885,1.85562966600992,137.419661191511,249.879943847656,288.0,4.0,3.984375,1,0.0940742492675781,75af7b7ec8d170e59aaac5b68fa154c5a5117a5b,308f047a4a9396b59a07f3804a96b39377f1d08cc0a675543fd3316847fcd999
352,66,autoresearch-diagnostic5-seed42-20260724,3,autoresearch,42,bf16,cached_decode,headline,,,1,1,0,7.33523606322706,34900.0356353052,1.55916886206251,163.548674043349,249.883850097656,288.0,4.0,3.984375,1,0.0940742492675781,75af7b7ec8d170e59aaac5b68fa154c5a5117a5b,308f047a4a9396b59a07f3804a96b39377f1d08cc0a675543fd3316847fcd999
353,66,autoresearch-diagnostic5-seed42-20260724,3,autoresearch,42,bf16,cached_decode,headline,,,1,2,0,6.04825303889811,42326.2714627824,1.53678376693279,165.93095625219,249.883850097656,288.0,4.0,3.984375,1,0.0940742492675781,75af7b7ec8d170e59aaac5b68fa154c5a5117a5b,308f047a4a9396b59a07f3804a96b39377f1d08cc0a675543fd3316847fcd999
354,66,autoresearch-diagnostic5-seed42-20260724,3,autoresearch,42,bf16,cached_decode,headline,,,1,3,0,6.44389796070755,39727.5067918504,1.53772398002911,165.829500815336,249.883850097656,288.0,4.0,3.984375,1,0.0940742492675781,75af7b7ec8d170e59aaac5b68fa154c5a5117a5b,308f047a4a9396b59a07f3804a96b39377f1d08cc0a675543fd3316847fcd999
355,66,autoresearch-diagnostic5-seed42-20260724,3,autoresearch,42,bf16,cached_decode,headline,,,1,4,0,6.10555603634566,41929.0230858683,1.53640329407062,165.972047172842,249.883850097656,288.0,4.0,3.984375,1,0.0940742492675781,75af7b7ec8d170e59aaac5b68fa154c5a5117a5b,308f047a4a9396b59a07f3804a96b39377f1d08cc0a675543fd3316847fcd999
356,66,autoresearch-diagnostic5-seed42-20260724,3,autoresearch,42,bf16,cached_decode,headline,,,1,5,0,6.07301900163293,42153.6635948555,1.55405984004028,164.086345602619,249.883850097656,288.0,4.0,3.984375,1,0.0940742492675781,75af7b7ec8d170e59aaac5b68fa154c5a5117a5b,308f047a4a9396b59a07f3804a96b39377f1d08cc0a675543fd3316847fcd999
357,66,autoresearch-diagnostic5-seed42-20260724,3,autoresearch,42,bf16,cached_decode,headline,,,1,6,0,6.13895000424236,41700.9423147427,1.54668656701688,164.868568356305,249.883850097656,288.0,4.0,3.984375,1,0.0940742492675781,75af7b7ec8d170e59aaac5b68fa154c5a5117a5b,308f047a4a9396b59a07f3804a96b39377f1d08cc0a675543fd3316847fcd999
358,66,autoresearch-diagnostic5-seed42-20260724,3,autoresearch,42,bf16,cached_decode,headline,,,1,7,0,6.22534402646124,41122.2253600532,1.55659852002282,163.818734708974,249.883850097656,288.0,4.0,3.984375,1,0.0940742492675781,75af7b7ec8d170e59aaac5b68fa154c5a5117a5b,308f047a4a9396b59a07f3804a96b39377f1d08cc0a675543fd3316847fcd999
359,66,autoresearch-diagnostic5-seed42-20260724,3,autoresearch,42,bf16,cached_decode,headline,,,1,8,0,7.20162701327354,35547.5227373146,1.82991875207517,139.350449144709,249.883850097656,288.0,4.0,3.984375,1,0.0940742492675781,75af7b7ec8d170e59aaac5b68fa154c5a5117a5b,308f047a4a9396b59a07f3804a96b39377f1d08cc0a675543fd3316847fcd999
360,66,autoresearch-diagnostic5-seed42-20260724,3,autoresearch,42,bf16,cached_decode,headline,,,1,9,0,7.40339991170913,34578.7074929065,1.73412559402641,147.048172795792,249.883850097656,288.0,4.0,3.984375,1,0.0940742492675781,75af7b7ec8d170e59aaac5b68fa154c5a5117a5b,308f047a4a9396b59a07f3804a96b39377f1d08cc0a675543fd3316847fcd999
361,67,autoresearch-diagnostic5-seed42-20260724,4,autoresearch,42,bf16,cached_decode,headline,,,1,0,1,,,,,,,,,,,75af7b7ec8d170e59aaac5b68fa154c5a5117a5b,308f047a4a9396b59a07f3804a96b39377f1d08cc0a675543fd3316847fcd999
362,67,autoresearch-diagnostic5-seed42-20260724,4,autoresearch,42,bf16,cached_decode,headline,,,1,1,1,,,,,,,,,,,75af7b7ec8d170e59aaac5b68fa154c5a5117a5b,308f047a4a9396b59a07f3804a96b39377f1d08cc0a675543fd3316847fcd999
363,67,autoresearch-diagnostic5-seed42-20260724,4,autoresearch,42,bf16,cached_decode,headline,,,1,0,0,8.10022396035492,31604.0644373471,1.62608477601316,156.818392104506,249.879943847656,288.0,4.0,3.984375,1,0.101812601089478,75af7b7ec8d170e59aaac5b68fa154c5a5117a5b,308f047a4a9396b59a07f3804a96b39377f1d08cc0a675543fd3316847fcd999
364,67,autoresearch-diagnostic5-seed42-20260724,4,autoresearch,42,bf16,cached_decode,headline,,,1,1,0,6.55764201655984,39038.42255395,1.60088803409599,159.286592546741,249.883850097656,288.0,4.0,3.984375,1,0.101812601089478,75af7b7ec8d170e59aaac5b68fa154c5a5117a5b,308f047a4a9396b59a07f3804a96b39377f1d08cc0a675543fd3316847fcd999
365,67,autoresearch-diagnostic5-seed42-20260724,4,autoresearch,42,bf16,cached_decode,headline,,,1,2,0,6.54595100786537,39108.1448199658,1.54677209502552,164.859452029223,249.883850097656,288.0,4.0,3.984375,1,0.101812601089478,75af7b7ec8d170e59aaac5b68fa154c5a5117a5b,308f047a4a9396b59a07f3804a96b39377f1d08cc0a675543fd3316847fcd999
366,67,autoresearch-diagnostic5-seed42-20260724,4,autoresearch,42,bf16,cached_decode,headline,,,1,3,0,6.53822999447584,39154.3277333919,1.55677868495695,163.799776078673,249.883850097656,288.0,4.0,3.984375,1,0.101812601089478,75af7b7ec8d170e59aaac5b68fa154c5a5117a5b,308f047a4a9396b59a07f3804a96b39377f1d08cc0a675543fd3316847fcd999
367,67,autoresearch-diagnostic5-seed42-20260724,4,autoresearch,42,bf16,cached_decode,headline,,,1,4,0,6.20213698130101,41276.0957669625,1.55929262703285,163.535692774509,249.883850097656,288.0,4.0,3.984375,1,0.101812601089478,75af7b7ec8d170e59aaac5b68fa154c5a5117a5b,308f047a4a9396b59a07f3804a96b39377f1d08cc0a675543fd3316847fcd999
368,67,autoresearch-diagnostic5-seed42-20260724,4,autoresearch,42,bf16,cached_decode,headline,,,1,5,0,6.24130200594664,41017.0826145068,1.56902666611131,162.521138427809,249.883850097656,288.0,4.0,3.984375,1,0.101812601089478,75af7b7ec8d170e59aaac5b68fa154c5a5117a5b,308f047a4a9396b59a07f3804a96b39377f1d08cc0a675543fd3316847fcd999
369,67,autoresearch-diagnostic5-seed42-20260724,4,autoresearch,42,bf16,cached_decode,headline,,,1,6,0,6.20283896569163,41271.4244906172,1.5673563759774,162.694332896042,249.883850097656,288.0,4.0,3.984375,1,0.101812601089478,75af7b7ec8d170e59aaac5b68fa154c5a5117a5b,308f047a4a9396b59a07f3804a96b39377f1d08cc0a675543fd3316847fcd999
370,67,autoresearch-diagnostic5-seed42-20260724,4,autoresearch,42,bf16,cached_decode,headline,,,1,7,0,6.28453295212239,40734.928426709,1.58204157906584,161.184132815631,249.883850097656,288.0,4.0,3.984375,1,0.101812601089478,75af7b7ec8d170e59aaac5b68fa154c5a5117a5b,308f047a4a9396b59a07f3804a96b39377f1d08cc0a675543fd3316847fcd999
371,67,autoresearch-diagnostic5-seed42-20260724,4,autoresearch,42,bf16,cached_decode,headline,,,1,8,0,6.39156496617943,40052.7885352974,1.55476266995538,164.01217042812,249.883850097656,288.0,4.0,3.984375,1,0.101812601089478,75af7b7ec8d170e59aaac5b68fa154c5a5117a5b,308f047a4a9396b59a07f3804a96b39377f1d08cc0a675543fd3316847fcd999
372,67,autoresearch-diagnostic5-seed42-20260724,4,autoresearch,42,bf16,cached_decode,headline,,,1,9,0,6.25888200011104,40901.8735287641,1.55334087391384,164.162293210952,249.883850097656,288.0,4.0,3.984375,1,0.101812601089478,75af7b7ec8d170e59aaac5b68fa154c5a5117a5b,308f047a4a9396b59a07f3804a96b39377f1d08cc0a675543fd3316847fcd999
373,68,autoresearch-diagnostic5-seed42-20260724,5,autoresearch,42,bf16,cached_decode,headline,,,1,0,1,,,,,,,,,,,75af7b7ec8d170e59aaac5b68fa154c5a5117a5b,308f047a4a9396b59a07f3804a96b39377f1d08cc0a675543fd3316847fcd999
374,68,autoresearch-diagnostic5-seed42-20260724,5,autoresearch,42,bf16,cached_decode,headline,,,1,1,1,,,,,,,,,,,75af7b7ec8d170e59aaac5b68fa154c5a5117a5b,308f047a4a9396b59a07f3804a96b39377f1d08cc0a675543fd3316847fcd999
375,68,autoresearch-diagnostic5-seed42-20260724,5,autoresearch,42,bf16,cached_decode,headline,,,1,0,0,8.20801698137075,31189.0192943104,1.63830260501709,155.648901014438,249.879943847656,288.0,4.0,3.984375,1,0.112740933895111,75af7b7ec8d170e59aaac5b68fa154c5a5117a5b,308f047a4a9396b59a07f3804a96b39377f1d08cc0a675543fd3316847fcd999
376,68,autoresearch-diagnostic5-seed42-20260724,5,autoresearch,42,bf16,cached_decode,headline,,,1,1,0,6.49371498730034,39422.7342131054,1.58142082800623,161.247402009679,249.883850097656,288.0,4.0,3.984375,1,0.112740933895111,75af7b7ec8d170e59aaac5b68fa154c5a5117a5b,308f047a4a9396b59a07f3804a96b39377f1d08cc0a675543fd3316847fcd999
377,68,autoresearch-diagnostic5-seed42-20260724,5,autoresearch,42,bf16,cached_decode,headline,,,1,2,0,6.79387303534895,37681.0103262183,1.62305196200032,157.111420934255,249.883850097656,288.0,4.0,3.984375,1,0.112740933895111,75af7b7ec8d170e59aaac5b68fa154c5a5117a5b,308f047a4a9396b59a07f3804a96b39377f1d08cc0a675543fd3316847fcd999
378,68,autoresearch-diagnostic5-seed42-20260724,5,autoresearch,42,bf16,cached_decode,headline,,,1,3,0,6.50313892401755,39365.6052855544,1.57621459907386,161.780001371533,249.883850097656,288.0,4.0,3.984375,1,0.112740933895111,75af7b7ec8d170e59aaac5b68fa154c5a5117a5b,308f047a4a9396b59a07f3804a96b39377f1d08cc0a675543fd3316847fcd999
379,68,autoresearch-diagnostic5-seed42-20260724,5,autoresearch,42,bf16,cached_decode,headline,,,1,4,0,6.32933701854199,40446.5743015485,1.57903329096735,161.491212033777,249.883850097656,288.0,4.0,3.984375,1,0.112740933895111,75af7b7ec8d170e59aaac5b68fa154c5a5117a5b,308f047a4a9396b59a07f3804a96b39377f1d08cc0a675543fd3316847fcd999
380,68,autoresearch-diagnostic5-seed42-20260724,5,autoresearch,42,bf16,cached_decode,headline,,,1,5,0,6.69372803531587,38244.7566810831,1.58035777800251,161.355867354484,249.883850097656,288.0,4.0,3.984375,1,0.112740933895111,75af7b7ec8d170e59aaac5b68fa154c5a5117a5b,308f047a4a9396b59a07f3804a96b39377f1d08cc0a675543fd3316847fcd999
381,68,autoresearch-diagnostic5-seed42-20260724,5,autoresearch,42,bf16,cached_decode,headline,,,1,6,0,6.29596097860485,40660.9889848345,1.56850890198257,162.574786587239,249.883850097656,288.0,4.0,3.984375,1,0.112740933895111,75af7b7ec8d170e59aaac5b68fa154c5a5117a5b,308f047a4a9396b59a07f3804a96b39377f1d08cc0a675543fd3316847fcd999
382,68,autoresearch-diagnostic5-seed42-20260724,5,autoresearch,42,bf16,cached_decode,headline,,,1,7,0,6.66715204715729,38397.2044119126,1.55513109802268,163.973314098231,249.883850097656,288.0,4.0,3.984375,1,0.112740933895111,75af7b7ec8d170e59aaac5b68fa154c5a5117a5b,308f047a4a9396b59a07f3804a96b39377f1d08cc0a675543fd3316847fcd999
383,68,autoresearch-diagnostic5-seed42-20260724,5,autoresearch,42,bf16,cached_decode,headline,,,1,8,0,6.15559099242091,41588.2082346278,1.56548783706967,162.888522006864,249.883850097656,288.0,4.0,3.984375,1,0.112740933895111,75af7b7ec8d170e59aaac5b68fa154c5a5117a5b,308f047a4a9396b59a07f3804a96b39377f1d08cc0a675543fd3316847fcd999
384,68,autoresearch-diagnostic5-seed42-20260724,5,autoresearch,42,bf16,cached_decode,headline,,,1,9,0,6.96648901794106,36747.3485339191,1.58153503690846,161.235757696817,249.883850097656,288.0,4.0,3.984375,1,0.112740933895111,75af7b7ec8d170e59aaac5b68fa154c5a5117a5b,308f047a4a9396b59a07f3804a96b39377f1d08cc0a675543fd3316847fcd999
385,75,confirmation-exp68-seeds012-20260725,1,confirmation,0,bf16,cached_decode,headline,256,256,1,0,1,,,,,,,,,,,86cafb022a51276d56f00a1e8df441e2910d9938,308f047a4a9396b59a07f3804a96b39377f1d08cc0a675543fd3316847fcd999
386,75,confirmation-exp68-seeds012-20260725,1,confirmation,0,bf16,cached_decode,headline,256,256,1,1,1,,,,,,,,,,,86cafb022a51276d56f00a1e8df441e2910d9938,308f047a4a9396b59a07f3804a96b39377f1d08cc0a675543fd3316847fcd999
387,75,confirmation-exp68-seeds012-20260725,1,confirmation,0,bf16,cached_decode,headline,256,256,1,0,0,8.1290730740875,31491.9053706177,1.68605591007508,151.24053625757,249.879943847656,288.0,4.0,3.984375,1,0.129000186920166,86cafb022a51276d56f00a1e8df441e2910d9938,308f047a4a9396b59a07f3804a96b39377f1d08cc0a675543fd3316847fcd999
388,75,confirmation-exp68-seeds012-20260725,1,confirmation,0,bf16,cached_decode,headline,256,256,1,1,0,6.32953597232699,40445.3029604766,1.57543263607658,161.860300568005,249.883850097656,288.0,4.0,3.984375,1,0.129000186920166,86cafb022a51276d56f00a1e8df441e2910d9938,308f047a4a9396b59a07f3804a96b39377f1d08cc0a675543fd3316847fcd999
389,75,confirmation-exp68-seeds012-20260725,1,confirmation,0,bf16,cached_decode,headline,256,256,1,2,0,6.5275861416012,39218.1726057166,1.57833723304793,161.562430804201,249.883850097656,288.0,4.0,3.984375,1,0.129000186920166,86cafb022a51276d56f00a1e8df441e2910d9938,308f047a4a9396b59a07f3804a96b39377f1d08cc0a675543fd3316847fcd999
390,75,confirmation-exp68-seeds012-20260725,1,confirmation,0,bf16,cached_decode,headline,256,256,1,3,0,6.25408999621868,40933.2133299619,1.56348887295462,163.096779523676,249.883850097656,288.0,4.0,3.984375,1,0.129000186920166,86cafb022a51276d56f00a1e8df441e2910d9938,308f047a4a9396b59a07f3804a96b39377f1d08cc0a675543fd3316847fcd999
391,75,confirmation-exp68-seeds012-20260725,1,confirmation,0,bf16,cached_decode,headline,256,256,1,4,0,6.35015801526606,40313.9574455572,1.56882321694866,162.542214600809,249.883850097656,288.0,4.0,3.984375,1,0.129000186920166,86cafb022a51276d56f00a1e8df441e2910d9938,308f047a4a9396b59a07f3804a96b39377f1d08cc0a675543fd3316847fcd999
392,75,confirmation-exp68-seeds012-20260725,1,confirmation,0,bf16,cached_decode,headline,256,256,1,5,0,6.4853779040277,39473.4129280289,1.57658663089387,161.741825665123,249.883850097656,288.0,4.0,3.984375,1,0.129000186920166,86cafb022a51276d56f00a1e8df441e2910d9938,308f047a4a9396b59a07f3804a96b39377f1d08cc0a675543fd3316847fcd999
393,75,confirmation-exp68-seeds012-20260725,1,confirmation,0,bf16,cached_decode,headline,256,256,1,6,0,6.40183896757662,39988.5097542382,1.57628400903195,161.772877564497,249.883850097656,288.0,4.0,3.984375,1,0.129000186920166,86cafb022a51276d56f00a1e8df441e2910d9938,308f047a4a9396b59a07f3804a96b39377f1d08cc0a675543fd3316847fcd999
394,75,confirmation-exp68-seeds012-20260725,1,confirmation,0,bf16,cached_decode,headline,256,256,1,7,0,6.45063095726073,39686.040279804,1.55380647908896,164.113101233503,249.883850097656,288.0,4.0,3.984375,1,0.129000186920166,86cafb022a51276d56f00a1e8df441e2910d9938,308f047a4a9396b59a07f3804a96b39377f1d08cc0a675543fd3316847fcd999
395,75,confirmation-exp68-seeds012-20260725,1,confirmation,0,bf16,cached_decode,headline,256,256,1,8,0,6.66115200147033,38431.7907688479,1.56010311306454,163.450734675542,249.883850097656,288.0,4.0,3.984375,1,0.129000186920166,86cafb022a51276d56f00a1e8df441e2910d9938,308f047a4a9396b59a07f3804a96b39377f1d08cc0a675543fd3316847fcd999
396,75,confirmation-exp68-seeds012-20260725,1,confirmation,0,bf16,cached_decode,headline,256,256,1,9,0,6.46666903048754,39587.6143951501,1.56388159887865,163.05582224565,249.883850097656,288.0,4.0,3.984375,1,0.129000186920166,86cafb022a51276d56f00a1e8df441e2910d9938,308f047a4a9396b59a07f3804a96b39377f1d08cc0a675543fd3316847fcd999
397,77,confirmation-exp68-seeds012-20260725,3,confirmation,2,bf16,cached_decode,headline,256,256,1,0,1,,,,,,,,,,,86cafb022a51276d56f00a1e8df441e2910d9938,308f047a4a9396b59a07f3804a96b39377f1d08cc0a675543fd3316847fcd999
398,77,confirmation-exp68-seeds012-20260725,3,confirmation,2,bf16,cached_decode,headline,256,256,1,1,1,,,,,,,,,,,86cafb022a51276d56f00a1e8df441e2910d9938,308f047a4a9396b59a07f3804a96b39377f1d08cc0a675543fd3316847fcd999
399,77,confirmation-exp68-seeds012-20260725,3,confirmation,2,bf16,cached_decode,headline,256,256,1,0,0,7.04493094235659,36338.1844470382,1.5253726199735,167.172267720677,249.879943847656,288.0,4.0,3.984375,1,0.112078666687012,86cafb022a51276d56f00a1e8df441e2910d9938,308f047a4a9396b59a07f3804a96b39377f1d08cc0a675543fd3316847fcd999
400,77,confirmation-exp68-seeds012-20260725,3,confirmation,2,bf16,cached_decode,headline,256,256,1,1,0,6.13323715515435,41739.7849657352,1.52436450496316,167.282824527696,249.883850097656,288.0,4.0,3.984375,1,0.112078666687012,86cafb022a51276d56f00a1e8df441e2910d9938,308f047a4a9396b59a07f3804a96b39377f1d08cc0a675543fd3316847fcd999
401,77,confirmation-exp68-seeds012-20260725,3,confirmation,2,bf16,cached_decode,headline,256,256,1,2,0,6.16181991063058,41546.1671572614,1.53590346104465,166.026059884363,249.883850097656,288.0,4.0,3.984375,1,0.112078666687012,86cafb022a51276d56f00a1e8df441e2910d9938,308f047a4a9396b59a07f3804a96b39377f1d08cc0a675543fd3316847fcd999
402,77,confirmation-exp68-seeds012-20260725,3,confirmation,2,bf16,cached_decode,headline,256,256,1,3,0,6.27183821052313,40817.3794359799,1.52570254704915,167.13611738618,249.883850097656,288.0,4.0,3.984375,1,0.112078666687012,86cafb022a51276d56f00a1e8df441e2910d9938,308f047a4a9396b59a07f3804a96b39377f1d08cc0a675543fd3316847fcd999
403,77,confirmation-exp68-seeds012-20260725,3,confirmation,2,bf16,cached_decode,headline,256,256,1,4,0,6.4010419882834,39993.4886333487,1.52507137297653,167.205289220208,249.883850097656,288.0,4.0,3.984375,1,0.112078666687012,86cafb022a51276d56f00a1e8df441e2910d9938,308f047a4a9396b59a07f3804a96b39377f1d08cc0a675543fd3316847fcd999
404,77,confirmation-exp68-seeds012-20260725,3,confirmation,2,bf16,cached_decode,headline,256,256,1,5,0,6.1139368917793,41871.5476674634,1.53769791708328,165.832311513881,249.883850097656,288.0,4.0,3.984375,1,0.112078666687012,86cafb022a51276d56f00a1e8df441e2910d9938,308f047a4a9396b59a07f3804a96b39377f1d08cc0a675543fd3316847fcd999
405,77,confirmation-exp68-seeds012-20260725,3,confirmation,2,bf16,cached_decode,headline,256,256,1,6,0,6.1308890581131,41755.7710755231,1.5279846729245,166.886490760369,249.883850097656,288.0,4.0,3.984375,1,0.112078666687012,86cafb022a51276d56f00a1e8df441e2910d9938,308f047a4a9396b59a07f3804a96b39377f1d08cc0a675543fd3316847fcd999
406,77,confirmation-exp68-seeds012-20260725,3,confirmation,2,bf16,cached_decode,headline,256,256,1,7,0,6.11629895865917,41855.3772028372,1.53260975400917,166.382863826191,249.883850097656,288.0,4.0,3.984375,1,0.112078666687012,86cafb022a51276d56f00a1e8df441e2910d9938,308f047a4a9396b59a07f3804a96b39377f1d08cc0a675543fd3316847fcd999
407,77,confirmation-exp68-seeds012-20260725,3,confirmation,2,bf16,cached_decode,headline,256,256,1,8,0,6.34702085517347,40333.8835402335,1.51456125616096,168.365590340243,249.883850097656,288.0,4.0,3.984375,1,0.112078666687012,86cafb022a51276d56f00a1e8df441e2910d9938,308f047a4a9396b59a07f3804a96b39377f1d08cc0a675543fd3316847fcd999
408,77,confirmation-exp68-seeds012-20260725,3,confirmation,2,bf16,cached_decode,headline,256,256,1,9,0,6.13374612294137,41736.321469601,1.53406065795571,166.225500065828,249.883850097656,288.0,4.0,3.984375,1,0.112078666687012,86cafb022a51276d56f00a1e8df441e2910d9938,308f047a4a9396b59a07f3804a96b39377f1d08cc0a675543fd3316847fcd999
409,78,ablation-batch-only-seeds012-20260725,1,ablation,0,bf16,cached_decode,headline,256,256,1,0,1,,,,,,,,,,,86cafb022a51276d56f00a1e8df441e2910d9938,308f047a4a9396b59a07f3804a96b39377f1d08cc0a675543fd3316847fcd999
410,78,ablation-batch-only-seeds012-20260725,1,ablation,0,bf16,cached_decode,headline,256,256,1,1,1,,,,,,,,,,,86cafb022a51276d56f00a1e8df441e2910d9938,308f047a4a9396b59a07f3804a96b39377f1d08cc0a675543fd3316847fcd999
411,78,ablation-batch-only-seeds012-20260725,1,ablation,0,bf16,cached_decode,headline,256,256,1,0,0,6.7161270417273,38117.2063020059,1.52897674706765,166.778206724892,249.879943847656,288.0,4.0,3.984375,1,0.0985979437828064,86cafb022a51276d56f00a1e8df441e2910d9938,308f047a4a9396b59a07f3804a96b39377f1d08cc0a675543fd3316847fcd999
412,78,ablation-batch-only-seeds012-20260725,1,ablation,0,bf16,cached_decode,headline,256,256,1,1,0,6.12803315743804,41775.2308812615,1.52934254193678,166.738315980581,249.883850097656,288.0,4.0,3.984375,1,0.0985979437828064,86cafb022a51276d56f00a1e8df441e2910d9938,308f047a4a9396b59a07f3804a96b39377f1d08cc0a675543fd3316847fcd999
413,78,ablation-batch-only-seeds012-20260725,1,ablation,0,bf16,cached_decode,headline,256,256,1,2,0,6.14315900020301,41672.3708423533,1.54280221485533,165.283662121208,249.883850097656,288.0,4.0,3.984375,1,0.0985979437828064,86cafb022a51276d56f00a1e8df441e2910d9938,308f047a4a9396b59a07f3804a96b39377f1d08cc0a675543fd3316847fcd999
414,78,ablation-batch-only-seeds012-20260725,1,ablation,0,bf16,cached_decode,headline,256,256,1,3,0,6.18812115862966,41369.5843112242,1.52849088702351,166.831220365711,249.883850097656,288.0,4.0,3.984375,1,0.0985979437828064,86cafb022a51276d56f00a1e8df441e2910d9938,308f047a4a9396b59a07f3804a96b39377f1d08cc0a675543fd3316847fcd999
415,78,ablation-batch-only-seeds012-20260725,1,ablation,0,bf16,cached_decode,headline,256,256,1,4,0,6.14399695768952,41666.6872986652,1.51620001695119,168.183615056779,249.883850097656,288.0,4.0,3.984375,1,0.0985979437828064,86cafb022a51276d56f00a1e8df441e2910d9938,308f047a4a9396b59a07f3804a96b39377f1d08cc0a675543fd3316847fcd999
416,78,ablation-batch-only-seeds012-20260725,1,ablation,0,bf16,cached_decode,headline,256,256,1,5,0,7.01886881142855,36473.1136708475,1.53644427191466,165.967620603791,249.883850097656,288.0,4.0,3.984375,1,0.0985979437828064,86cafb022a51276d56f00a1e8df441e2910d9938,308f047a4a9396b59a07f3804a96b39377f1d08cc0a675543fd3316847fcd999
417,78,ablation-batch-only-seeds012-20260725,1,ablation,0,bf16,cached_decode,headline,256,256,1,6,0,6.1003880109638,41964.5438191651,1.5343540920876,166.193710640192,249.883850097656,288.0,4.0,3.984375,1,0.0985979437828064,86cafb022a51276d56f00a1e8df441e2910d9938,308f047a4a9396b59a07f3804a96b39377f1d08cc0a675543fd3316847fcd999
418,78,ablation-batch-only-seeds012-20260725,1,ablation,0,bf16,cached_decode,headline,256,256,1,7,0,6.11043302342296,41895.5578137723,1.52817159402184,166.866077734694,249.883850097656,288.0,4.0,3.984375,1,0.0985979437828064,86cafb022a51276d56f00a1e8df441e2910d9938,308f047a4a9396b59a07f3804a96b39377f1d08cc0a675543fd3316847fcd999
419,78,ablation-batch-only-seeds012-20260725,1,ablation,0,bf16,cached_decode,headline,256,256,1,8,0,6.10687304288149,41919.9806844532,1.529906159034,166.676889621132,249.883850097656,288.0,4.0,3.984375,1,0.0985979437828064,86cafb022a51276d56f00a1e8df441e2910d9938,308f047a4a9396b59a07f3804a96b39377f1d08cc0a675543fd3316847fcd999
420,78,ablation-batch-only-seeds012-20260725,1,ablation,0,bf16,cached_decode,headline,256,256,1,9,0,6.24876213259995,40968.1140948607,1.52498610410839,167.214638423928,249.883850097656,288.0,4.0,3.984375,1,0.0985979437828064,86cafb022a51276d56f00a1e8df441e2910d9938,308f047a4a9396b59a07f3804a96b39377f1d08cc0a675543fd3316847fcd999
421,79,ablation-batch-only-seeds012-20260725,2,ablation,1,bf16,cached_decode,headline,256,256,1,0,1,,,,,,,,,,,86cafb022a51276d56f00a1e8df441e2910d9938,308f047a4a9396b59a07f3804a96b39377f1d08cc0a675543fd3316847fcd999
422,79,ablation-batch-only-seeds012-20260725,2,ablation,1,bf16,cached_decode,headline,256,256,1,1,1,,,,,,,,,,,86cafb022a51276d56f00a1e8df441e2910d9938,308f047a4a9396b59a07f3804a96b39377f1d08cc0a675543fd3316847fcd999
423,79,ablation-batch-only-seeds012-20260725,2,ablation,1,bf16,cached_decode,headline,256,256,1,0,0,7.01642106287181,36485.8376807876,1.62179201003164,157.233479029796,249.879943847656,288.0,4.0,3.984375,1,0.107819795608521,86cafb022a51276d56f00a1e8df441e2910d9938,308f047a4a9396b59a07f3804a96b39377f1d08cc0a675543fd3316847fcd999
424,79,ablation-batch-only-seeds012-20260725,2,ablation,1,bf16,cached_decode,headline,256,256,1,1,0,6.34010485373437,40377.8811085772,1.59791903197765,159.582553869705,249.883850097656,288.0,4.0,3.984375,1,0.107819795608521,86cafb022a51276d56f00a1e8df441e2910d9938,308f047a4a9396b59a07f3804a96b39377f1d08cc0a675543fd3316847fcd999
425,79,ablation-batch-only-seeds012-20260725,2,ablation,1,bf16,cached_decode,headline,256,256,1,2,0,6.54347683303058,39122.9321249747,1.60736351693049,158.644884815454,249.883850097656,288.0,4.0,3.984375,1,0.107819795608521,86cafb022a51276d56f00a1e8df441e2910d9938,308f047a4a9396b59a07f3804a96b39377f1d08cc0a675543fd3316847fcd999
426,79,ablation-batch-only-seeds012-20260725,2,ablation,1,bf16,cached_decode,headline,256,256,1,3,0,6.37942412868142,40129.0139730705,1.57351256581023,162.057809731373,249.883850097656,288.0,4.0,3.984375,1,0.107819795608521,86cafb022a51276d56f00a1e8df441e2910d9938,308f047a4a9396b59a07f3804a96b39377f1d08cc0a675543fd3316847fcd999
427,79,ablation-batch-only-seeds012-20260725,2,ablation,1,bf16,cached_decode,headline,256,256,1,4,0,6.43155490979552,39803.7494183718,1.59556813491508,159.817681501625,249.883850097656,288.0,4.0,3.984375,1,0.107819795608521,86cafb022a51276d56f00a1e8df441e2910d9938,308f047a4a9396b59a07f3804a96b39377f1d08cc0a675543fd3316847fcd999
428,79,ablation-batch-only-seeds012-20260725,2,ablation,1,bf16,cached_decode,headline,256,256,1,5,0,6.55974796973169,39025.8895892415,1.58573629008606,160.808579329518,249.883850097656,288.0,4.0,3.984375,1,0.107819795608521,86cafb022a51276d56f00a1e8df441e2910d9938,308f047a4a9396b59a07f3804a96b39377f1d08cc0a675543fd3316847fcd999
429,79,ablation-batch-only-seeds012-20260725,2,ablation,1,bf16,cached_decode,headline,256,256,1,6,0,6.33856793865561,40387.6715494031,1.59003863204271,160.373461915453,249.883850097656,288.0,4.0,3.984375,1,0.107819795608521,86cafb022a51276d56f00a1e8df441e2910d9938,308f047a4a9396b59a07f3804a96b39377f1d08cc0a675543fd3316847fcd999
430,79,ablation-batch-only-seeds012-20260725,2,ablation,1,bf16,cached_decode,headline,256,256,1,7,0,6.56242808327079,39009.9513094255,1.57906805188395,161.487657036545,249.883850097656,288.0,4.0,3.984375,1,0.107819795608521,86cafb022a51276d56f00a1e8df441e2910d9938,308f047a4a9396b59a07f3804a96b39377f1d08cc0a675543fd3316847fcd999
431,79,ablation-batch-only-seeds012-20260725,2,ablation,1,bf16,cached_decode,headline,256,256,1,8,0,6.33066799491644,40438.0707068463,1.56654220609926,162.778889076317,249.883850097656,288.0,4.0,3.984375,1,0.107819795608521,86cafb022a51276d56f00a1e8df441e2910d9938,308f047a4a9396b59a07f3804a96b39377f1d08cc0a675543fd3316847fcd999
432,79,ablation-batch-only-seeds012-20260725,2,ablation,1,bf16,cached_decode,headline,256,256,1,9,0,6.35970896109939,40253.4143568334,1.57316041202284,162.094086560511,249.883850097656,288.0,4.0,3.984375,1,0.107819795608521,86cafb022a51276d56f00a1e8df441e2910d9938,308f047a4a9396b59a07f3804a96b39377f1d08cc0a675543fd3316847fcd999
433,80,ablation-batch-only-seeds012-20260725,3,ablation,2,bf16,cached_decode,headline,256,256,1,0,1,,,,,,,,,,,86cafb022a51276d56f00a1e8df441e2910d9938,308f047a4a9396b59a07f3804a96b39377f1d08cc0a675543fd3316847fcd999
434,80,ablation-batch-only-seeds012-20260725,3,ablation,2,bf16,cached_decode,headline,256,256,1,1,1,,,,,,,,,,,86cafb022a51276d56f00a1e8df441e2910d9938,308f047a4a9396b59a07f3804a96b39377f1d08cc0a675543fd3316847fcd999
435,80,ablation-batch-only-seeds012-20260725,3,ablation,2,bf16,cached_decode,headline,256,256,1,0,0,8.17658612504601,31308.9101105211,1.85389293404296,137.548396305658,249.879943847656,288.0,4.0,3.984375,1,0.114391326904297,86cafb022a51276d56f00a1e8df441e2910d9938,308f047a4a9396b59a07f3804a96b39377f1d08cc0a675543fd3316847fcd999
436,80,ablation-batch-only-seeds012-20260725,3,ablation,2,bf16,cached_decode,headline,256,256,1,1,0,7.53988395445049,33952.7771974386,1.6450476879254,155.010703866941,249.883850097656,288.0,4.0,3.984375,1,0.114391326904297,86cafb022a51276d56f00a1e8df441e2910d9938,308f047a4a9396b59a07f3804a96b39377f1d08cc0a675543fd3316847fcd999
437,80,ablation-batch-only-seeds012-20260725,3,ablation,2,bf16,cached_decode,headline,256,256,1,2,0,6.31302315741777,40551.0947158813,1.58341769198887,161.044051288643,249.883850097656,288.0,4.0,3.984375,1,0.114391326904297,86cafb022a51276d56f00a1e8df441e2910d9938,308f047a4a9396b59a07f3804a96b39377f1d08cc0a675543fd3316847fcd999
438,80,ablation-batch-only-seeds012-20260725,3,ablation,2,bf16,cached_decode,headline,256,256,1,3,0,6.36385986581445,40227.1585795262,1.5559853380546,163.883292318692,249.883850097656,288.0,4.0,3.984375,1,0.114391326904297,86cafb022a51276d56f00a1e8df441e2910d9938,308f047a4a9396b59a07f3804a96b39377f1d08cc0a675543fd3316847fcd999
439,80,ablation-batch-only-seeds012-20260725,3,ablation,2,bf16,cached_decode,headline,256,256,1,4,0,6.36804918758571,40200.694507678,1.62540912907571,156.883578071822,249.883850097656,288.0,4.0,3.984375,1,0.114391326904297,86cafb022a51276d56f00a1e8df441e2910d9938,308f047a4a9396b59a07f3804a96b39377f1d08cc0a675543fd3316847fcd999
440,80,ablation-batch-only-seeds012-20260725,3,ablation,2,bf16,cached_decode,headline,256,256,1,5,0,7.74022005498409,33073.9950778475,1.85738033615053,137.290136563249,249.883850097656,288.0,4.0,3.984375,1,0.114391326904297,86cafb022a51276d56f00a1e8df441e2910d9938,308f047a4a9396b59a07f3804a96b39377f1d08cc0a675543fd3316847fcd999
441,80,ablation-batch-only-seeds012-20260725,3,ablation,2,bf16,cached_decode,headline,256,256,1,6,0,7.42005300708115,34501.1012395319,1.81997613003477,140.111727726411,249.883850097656,288.0,4.0,3.984375,1,0.114391326904297,86cafb022a51276d56f00a1e8df441e2910d9938,308f047a4a9396b59a07f3804a96b39377f1d08cc0a675543fd3316847fcd999
442,80,ablation-batch-only-seeds012-20260725,3,ablation,2,bf16,cached_decode,headline,256,256,1,7,0,6.37307204306126,40169.0108428513,1.57597091980278,161.805016067118,249.883850097656,288.0,4.0,3.984375,1,0.114391326904297,86cafb022a51276d56f00a1e8df441e2910d9938,308f047a4a9396b59a07f3804a96b39377f1d08cc0a675543fd3316847fcd999
443,80,ablation-batch-only-seeds012-20260725,3,ablation,2,bf16,cached_decode,headline,256,256,1,8,0,6.58746878616512,38861.6642157981,1.57982600294054,161.410180314394,249.883850097656,288.0,4.0,3.984375,1,0.114391326904297,86cafb022a51276d56f00a1e8df441e2910d9938,308f047a4a9396b59a07f3804a96b39377f1d08cc0a675543fd3316847fcd999
444,80,ablation-batch-only-seeds012-20260725,3,ablation,2,bf16,cached_decode,headline,256,256,1,9,0,7.96709512360394,32132.1631069214,1.57288310909644,162.122664122503,249.883850097656,288.0,4.0,3.984375,1,0.114391326904297,86cafb022a51276d56f00a1e8df441e2910d9938,308f047a4a9396b59a07f3804a96b39377f1d08cc0a675543fd3316847fcd999
445,81,ablation-nonbatch-only-seeds012-20260725,1,ablation,0,bf16,cached_decode,headline,256,256,1,0,1,,,,,,,,,,,86cafb022a51276d56f00a1e8df441e2910d9938,308f047a4a9396b59a07f3804a96b39377f1d08cc0a675543fd3316847fcd999
446,81,ablation-nonbatch-only-seeds012-20260725,1,ablation,0,bf16,cached_decode,headline,256,256,1,1,1,,,,,,,,,,,86cafb022a51276d56f00a1e8df441e2910d9938,308f047a4a9396b59a07f3804a96b39377f1d08cc0a675543fd3316847fcd999
447,81,ablation-nonbatch-only-seeds012-20260725,1,ablation,0,bf16,cached_decode,headline,256,256,1,0,0,7.99705903045833,32011.768204408,1.83734905300662,138.786911274546,249.879943847656,288.0,4.0,3.984375,1,0.0749409198760986,86cafb022a51276d56f00a1e8df441e2910d9938,308f047a4a9396b59a07f3804a96b39377f1d08cc0a675543fd3316847fcd999
448,81,ablation-nonbatch-only-seeds012-20260725,1,ablation,0,bf16,cached_decode,headline,256,256,1,1,0,7.59380799718201,33711.6766838191,1.64539840607904,154.977663195664,249.883850097656,288.0,4.0,3.984375,1,0.0749409198760986,86cafb022a51276d56f00a1e8df441e2910d9938,308f047a4a9396b59a07f3804a96b39377f1d08cc0a675543fd3316847fcd999
449,81,ablation-nonbatch-only-seeds012-20260725,1,ablation,0,bf16,cached_decode,headline,256,256,1,2,0,6.49718614295125,39401.6724113303,1.56703657004982,162.727536085449,249.883850097656,288.0,4.0,3.984375,1,0.0749409198760986,86cafb022a51276d56f00a1e8df441e2910d9938,308f047a4a9396b59a07f3804a96b39377f1d08cc0a675543fd3316847fcd999
450,81,ablation-nonbatch-only-seeds012-20260725,1,ablation,0,bf16,cached_decode,headline,256,256,1,3,0,6.18587783537805,41384.587088981,1.5519489319995,164.309530257199,249.883850097656,288.0,4.0,3.984375,1,0.0749409198760986,86cafb022a51276d56f00a1e8df441e2910d9938,308f047a4a9396b59a07f3804a96b39377f1d08cc0a675543fd3316847fcd999
451,81,ablation-nonbatch-only-seeds012-20260725,1,ablation,0,bf16,cached_decode,headline,256,256,1,4,0,6.70720101334155,38167.9331647852,1.55344452895224,164.151339328474,249.883850097656,288.0,4.0,3.984375,1,0.0749409198760986,86cafb022a51276d56f00a1e8df441e2910d9938,308f047a4a9396b59a07f3804a96b39377f1d08cc0a675543fd3316847fcd999
452,81,ablation-nonbatch-only-seeds012-20260725,1,ablation,0,bf16,cached_decode,headline,256,256,1,5,0,6.26376504078507,40869.9876724485,1.5560030429624,163.88142758032,249.883850097656,288.0,4.0,3.984375,1,0.0749409198760986,86cafb022a51276d56f00a1e8df441e2910d9938,308f047a4a9396b59a07f3804a96b39377f1d08cc0a675543fd3316847fcd999
453,81,ablation-nonbatch-only-seeds012-20260725,1,ablation,0,bf16,cached_decode,headline,256,256,1,6,0,6.50117290206254,39377.5098519196,1.55523032695055,163.962852049057,249.883850097656,288.0,4.0,3.984375,1,0.0749409198760986,86cafb022a51276d56f00a1e8df441e2910d9938,308f047a4a9396b59a07f3804a96b39377f1d08cc0a675543fd3316847fcd999
454,81,ablation-nonbatch-only-seeds012-20260725,1,ablation,0,bf16,cached_decode,headline,256,256,1,7,0,6.40884111635387,39944.8192508233,1.55427230685018,164.063915232957,249.883850097656,288.0,4.0,3.984375,1,0.0749409198760986,86cafb022a51276d56f00a1e8df441e2910d9938,308f047a4a9396b59a07f3804a96b39377f1d08cc0a675543fd3316847fcd999
455,81,ablation-nonbatch-only-seeds012-20260725,1,ablation,0,bf16,cached_decode,headline,256,256,1,8,0,6.58253720030189,38890.7790734946,1.56675147311762,162.757147113183,249.883850097656,288.0,4.0,3.984375,1,0.0749409198760986,86cafb022a51276d56f00a1e8df441e2910d9938,308f047a4a9396b59a07f3804a96b39377f1d08cc0a675543fd3316847fcd999
456,81,ablation-nonbatch-only-seeds012-20260725,1,ablation,0,bf16,cached_decode,headline,256,256,1,9,0,7.1191901806742,35959.1461252067,1.56935187103227,162.487460401261,249.883850097656,288.0,4.0,3.984375,1,0.0749409198760986,86cafb022a51276d56f00a1e8df441e2910d9938,308f047a4a9396b59a07f3804a96b39377f1d08cc0a675543fd3316847fcd999
457,82,ablation-nonbatch-only-seeds012-20260725,2,ablation,1,bf16,cached_decode,headline,256,256,1,0,1,,,,,,,,,,,86cafb022a51276d56f00a1e8df441e2910d9938,308f047a4a9396b59a07f3804a96b39377f1d08cc0a675543fd3316847fcd999
458,82,ablation-nonbatch-only-seeds012-20260725,2,ablation,1,bf16,cached_decode,headline,256,256,1,1,1,,,,,,,,,,,86cafb022a51276d56f00a1e8df441e2910d9938,308f047a4a9396b59a07f3804a96b39377f1d08cc0a675543fd3316847fcd999
459,82,ablation-nonbatch-only-seeds012-20260725,2,ablation,1,bf16,cached_decode,headline,256,256,1,0,0,8.40627495199442,30453.4412045686,1.64043687004596,155.446396418081,249.879943847656,288.0,4.0,3.984375,1,0.0815267562866211,86cafb022a51276d56f00a1e8df441e2910d9938,308f047a4a9396b59a07f3804a96b39377f1d08cc0a675543fd3316847fcd999
460,82,ablation-nonbatch-only-seeds012-20260725,2,ablation,1,bf16,cached_decode,headline,256,256,1,1,0,6.27402402460575,40803.1590245762,1.57096332404763,162.320785021885,249.883850097656,288.0,4.0,3.984375,1,0.0815267562866211,86cafb022a51276d56f00a1e8df441e2910d9938,308f047a4a9396b59a07f3804a96b39377f1d08cc0a675543fd3316847fcd999
461,82,ablation-nonbatch-only-seeds012-20260725,2,ablation,1,bf16,cached_decode,headline,256,256,1,2,0,6.20991201139987,41224.4166310323,1.54812821000814,164.715039976346,249.883850097656,288.0,4.0,3.984375,1,0.0815267562866211,86cafb022a51276d56f00a1e8df441e2910d9938,308f047a4a9396b59a07f3804a96b39377f1d08cc0a675543fd3316847fcd999
462,82,ablation-nonbatch-only-seeds012-20260725,2,ablation,1,bf16,cached_decode,headline,256,256,1,3,0,6.26278319396079,40876.3950581686,1.5959428078495,159.780161761315,249.883850097656,288.0,4.0,3.984375,1,0.0815267562866211,86cafb022a51276d56f00a1e8df441e2910d9938,308f047a4a9396b59a07f3804a96b39377f1d08cc0a675543fd3316847fcd999
463,82,ablation-nonbatch-only-seeds012-20260725,2,ablation,1,bf16,cached_decode,headline,256,256,1,4,0,6.22911704704165,41097.3173351398,1.65985127189197,153.628222189655,249.883850097656,288.0,4.0,3.984375,1,0.0815267562866211,86cafb022a51276d56f00a1e8df441e2910d9938,308f047a4a9396b59a07f3804a96b39377f1d08cc0a675543fd3316847fcd999
464,82,ablation-nonbatch-only-seeds012-20260725,2,ablation,1,bf16,cached_decode,headline,256,256,1,5,0,6.59174495376647,38836.4540490487,1.66399367293343,153.245774997728,249.883850097656,288.0,4.0,3.984375,1,0.0815267562866211,86cafb022a51276d56f00a1e8df441e2910d9938,308f047a4a9396b59a07f3804a96b39377f1d08cc0a675543fd3316847fcd999
465,82,ablation-nonbatch-only-seeds012-20260725,2,ablation,1,bf16,cached_decode,headline,256,256,1,6,0,6.49698893539608,39402.8683972806,1.56731176003814,162.698964240398,249.883850097656,288.0,4.0,3.984375,1,0.0815267562866211,86cafb022a51276d56f00a1e8df441e2910d9938,308f047a4a9396b59a07f3804a96b39377f1d08cc0a675543fd3316847fcd999
466,82,ablation-nonbatch-only-seeds012-20260725,2,ablation,1,bf16,cached_decode,headline,256,256,1,7,0,6.33761589415371,40393.7386353997,1.56649613310583,162.783676646824,249.883850097656,288.0,4.0,3.984375,1,0.0815267562866211,86cafb022a51276d56f00a1e8df441e2910d9938,308f047a4a9396b59a07f3804a96b39377f1d08cc0a675543fd3316847fcd999
467,82,ablation-nonbatch-only-seeds012-20260725,2,ablation,1,bf16,cached_decode,headline,256,256,1,8,0,6.30430900491774,40607.1466040615,1.56637244694866,162.796530605953,249.883850097656,288.0,4.0,3.984375,1,0.0815267562866211,86cafb022a51276d56f00a1e8df441e2910d9938,308f047a4a9396b59a07f3804a96b39377f1d08cc0a675543fd3316847fcd999
468,82,ablation-nonbatch-only-seeds012-20260725,2,ablation,1,bf16,cached_decode,headline,256,256,1,9,0,7.15597113594413,35774.3198144167,1.55839278595522,163.630120915695,249.883850097656,288.0,4.0,3.984375,1,0.0815267562866211,86cafb022a51276d56f00a1e8df441e2910d9938,308f047a4a9396b59a07f3804a96b39377f1d08cc0a675543fd3316847fcd999
469,83,ablation-nonbatch-only-seeds012-20260725,3,ablation,2,bf16,cached_decode,headline,256,256,1,0,1,,,,,,,,,,,86cafb022a51276d56f00a1e8df441e2910d9938,308f047a4a9396b59a07f3804a96b39377f1d08cc0a675543fd3316847fcd999
470,83,ablation-nonbatch-only-seeds012-20260725,3,ablation,2,bf16,cached_decode,headline,256,256,1,1,1,,,,,,,,,,,86cafb022a51276d56f00a1e8df441e2910d9938,308f047a4a9396b59a07f3804a96b39377f1d08cc0a675543fd3316847fcd999
471,83,ablation-nonbatch-only-seeds012-20260725,3,ablation,2,bf16,cached_decode,headline,256,256,1,0,0,8.26012901961803,30992.2519844415,1.69759293994866,150.212688801422,249.879943847656,288.0,4.0,3.984375,1,0.0612442493438721,86cafb022a51276d56f00a1e8df441e2910d9938,308f047a4a9396b59a07f3804a96b39377f1d08cc0a675543fd3316847fcd999
472,83,ablation-nonbatch-only-seeds012-20260725,3,ablation,2,bf16,cached_decode,headline,256,256,1,1,0,6.79490994662046,37675.260159603,1.60298964008689,159.077759221312,249.883850097656,288.0,4.0,3.984375,1,0.0612442493438721,86cafb022a51276d56f00a1e8df441e2910d9938,308f047a4a9396b59a07f3804a96b39377f1d08cc0a675543fd3316847fcd999
473,83,ablation-nonbatch-only-seeds012-20260725,3,ablation,2,bf16,cached_decode,headline,256,256,1,2,0,6.42549316398799,39841.2998763683,1.58639729698189,160.741574941622,249.883850097656,288.0,4.0,3.984375,1,0.0612442493438721,86cafb022a51276d56f00a1e8df441e2910d9938,308f047a4a9396b59a07f3804a96b39377f1d08cc0a675543fd3316847fcd999
474,83,ablation-nonbatch-only-seeds012-20260725,3,ablation,2,bf16,cached_decode,headline,256,256,1,3,0,6.37311604805291,40168.7334844957,1.58601886616088,160.779928562422,249.883850097656,288.0,4.0,3.984375,1,0.0612442493438721,86cafb022a51276d56f00a1e8df441e2910d9938,308f047a4a9396b59a07f3804a96b39377f1d08cc0a675543fd3316847fcd999
475,83,ablation-nonbatch-only-seeds012-20260725,3,ablation,2,bf16,cached_decode,headline,256,256,1,4,0,6.3902020920068,40061.3308177245,1.57771180407144,161.626476611221,249.883850097656,288.0,4.0,3.984375,1,0.0612442493438721,86cafb022a51276d56f00a1e8df441e2910d9938,308f047a4a9396b59a07f3804a96b39377f1d08cc0a675543fd3316847fcd999
476,83,ablation-nonbatch-only-seeds012-20260725,3,ablation,2,bf16,cached_decode,headline,256,256,1,5,0,6.62642112001777,38633.222272374,1.61075256788172,158.311093264528,249.883850097656,288.0,4.0,3.984375,1,0.0612442493438721,86cafb022a51276d56f00a1e8df441e2910d9938,308f047a4a9396b59a07f3804a96b39377f1d08cc0a675543fd3316847fcd999
477,83,ablation-nonbatch-only-seeds012-20260725,3,ablation,2,bf16,cached_decode,headline,256,256,1,6,0,7.2074718773365,35518.6956476345,1.58697445713915,160.683115505016,249.883850097656,288.0,4.0,3.984375,1,0.0612442493438721,86cafb022a51276d56f00a1e8df441e2910d9938,308f047a4a9396b59a07f3804a96b39377f1d08cc0a675543fd3316847fcd999
478,83,ablation-nonbatch-only-seeds012-20260725,3,ablation,2,bf16,cached_decode,headline,256,256,1,7,0,6.57744589261711,38920.8826920718,1.57452885806561,161.953208220827,249.883850097656,288.0,4.0,3.984375,1,0.0612442493438721,86cafb022a51276d56f00a1e8df441e2910d9938,308f047a4a9396b59a07f3804a96b39377f1d08cc0a675543fd3316847fcd999
479,83,ablation-nonbatch-only-seeds012-20260725,3,ablation,2,bf16,cached_decode,headline,256,256,1,8,0,7.90651002898812,32378.3817463598,1.58099938905798,161.2903849077,249.883850097656,288.0,4.0,3.984375,1,0.0612442493438721,86cafb022a51276d56f00a1e8df441e2910d9938,308f047a4a9396b59a07f3804a96b39377f1d08cc0a675543fd3316847fcd999
480,83,ablation-nonbatch-only-seeds012-20260725,3,ablation,2,bf16,cached_decode,headline,256,256,1,9,0,6.3743048813194,40161.2418556,1.57198910298757,162.21486492201,249.883850097656,288.0,4.0,3.984375,1,0.0612442493438721,86cafb022a51276d56f00a1e8df441e2910d9938,308f047a4a9396b59a07f3804a96b39377f1d08cc0a675543fd3316847fcd999
481,84,autopareto-seed42-20260727,1,autopareto,42,bf16,cached_decode,headline,256,256,1,0,1,,,,,,,,,,,3825cc34c76d88c2de05147d40cabbb79ddd7024,62b3730c8059a34aaef8d8b3e3b95c7d488a688add89283890cc99b41012ed6b
482,84,autopareto-seed42-20260727,1,autopareto,42,bf16,cached_decode,headline,256,256,1,1,1,,,,,,,,,,,3825cc34c76d88c2de05147d40cabbb79ddd7024,62b3730c8059a34aaef8d8b3e3b95c7d488a688add89283890cc99b41012ed6b
483,84,autopareto-seed42-20260727,1,autopareto,42,bf16,cached_decode,headline,256,256,1,0,0,8.77412804402411,29176.6884088678,1.7634613008704,144.601982404796,219.878479003906,256.0,2.0,1.9921875,1,0.0927418023347855,3825cc34c76d88c2de05147d40cabbb79ddd7024,62b3730c8059a34aaef8d8b3e3b95c7d488a688add89283890cc99b41012ed6b
484,84,autopareto-seed42-20260727,1,autopareto,42,bf16,cached_decode,headline,256,256,1,1,0,6.69774599373341,38221.8137623494,1.63298401306383,156.155845960528,219.882385253906,256.0,2.0,1.9921875,1,0.0927418023347855,3825cc34c76d88c2de05147d40cabbb79ddd7024,62b3730c8059a34aaef8d8b3e3b95c7d488a688add89283890cc99b41012ed6b
485,84,autopareto-seed42-20260727,1,autopareto,42,bf16,cached_decode,headline,256,256,1,2,0,6.75745913758874,37884.0618622443,1.6371864429675,155.755015621676,219.882385253906,256.0,2.0,1.9921875,1,0.0927418023347855,3825cc34c76d88c2de05147d40cabbb79ddd7024,62b3730c8059a34aaef8d8b3e3b95c7d488a688add89283890cc99b41012ed6b
486,84,autopareto-seed42-20260727,1,autopareto,42,bf16,cached_decode,headline,256,256,1,3,0,6.70338398776948,38189.6666619545,1.63579062907957,155.887920780843,219.882385253906,256.0,2.0,1.9921875,1,0.0927418023347855,3825cc34c76d88c2de05147d40cabbb79ddd7024,62b3730c8059a34aaef8d8b3e3b95c7d488a688add89283890cc99b41012ed6b
487,84,autopareto-seed42-20260727,1,autopareto,42,bf16,cached_decode,headline,256,256,1,4,0,6.98540592566133,36647.8344600659,1.64232499478385,155.267685025741,219.882385253906,256.0,2.0,1.9921875,1,0.0927418023347855,3825cc34c76d88c2de05147d40cabbb79ddd7024,62b3730c8059a34aaef8d8b3e3b95c7d488a688add89283890cc99b41012ed6b
488,84,autopareto-seed42-20260727,1,autopareto,42,bf16,cached_decode,headline,256,256,1,5,0,6.87594688497484,37231.2358257748,1.61694313399494,157.704989519315,219.882385253906,256.0,2.0,1.9921875,1,0.0927418023347855,3825cc34c76d88c2de05147d40cabbb79ddd7024,62b3730c8059a34aaef8d8b3e3b95c7d488a688add89283890cc99b41012ed6b
489,84,autopareto-seed42-20260727,1,autopareto,42,bf16,cached_decode,headline,256,256,1,6,0,6.60592410713434,38753.0943208267,1.61770099587739,157.631107757152,219.882385253906,256.0,2.0,1.9921875,1,0.0927418023347855,3825cc34c76d88c2de05147d40cabbb79ddd7024,62b3730c8059a34aaef8d8b3e3b95c7d488a688add89283890cc99b41012ed6b
490,84,autopareto-seed42-20260727,1,autopareto,42,bf16,cached_decode,headline,256,256,1,7,0,6.67423801496625,38356.4385066802,1.61170335416682,158.217701378318,219.882385253906,256.0,2.0,1.9921875,1,0.0927418023347855,3825cc34c76d88c2de05147d40cabbb79ddd7024,62b3730c8059a34aaef8d8b3e3b95c7d488a688add89283890cc99b41012ed6b
491,84,autopareto-seed42-20260727,1,autopareto,42,bf16,cached_decode,headline,256,256,1,8,0,6.62717805244029,38628.809724787,1.62226722785272,157.187419940379,219.882385253906,256.0,2.0,1.9921875,1,0.0927418023347855,3825cc34c76d88c2de05147d40cabbb79ddd7024,62b3730c8059a34aaef8d8b3e3b95c7d488a688add89283890cc99b41012ed6b
492,84,autopareto-seed42-20260727,1,autopareto,42,bf16,cached_decode,headline,256,256,1,9,0,6.73031690530479,38036.8418904944,1.63597637414932,155.870221617715,219.882385253906,256.0,2.0,1.9921875,1,0.0927418023347855,3825cc34c76d88c2de05147d40cabbb79ddd7024,62b3730c8059a34aaef8d8b3e3b95c7d488a688add89283890cc99b41012ed6b
493,85,autopareto-seed42-20260727,2,autopareto,42,bf16,cached_decode,headline,256,256,1,0,1,,,,,,,,,,,3825cc34c76d88c2de05147d40cabbb79ddd7024,62b3730c8059a34aaef8d8b3e3b95c7d488a688add89283890cc99b41012ed6b
494,85,autopareto-seed42-20260727,2,autopareto,42,bf16,cached_decode,headline,256,256,1,1,1,,,,,,,,,,,3825cc34c76d88c2de05147d40cabbb79ddd7024,62b3730c8059a34aaef8d8b3e3b95c7d488a688add89283890cc99b41012ed6b
495,85,autopareto-seed42-20260727,2,autopareto,42,bf16,cached_decode,headline,256,256,1,0,0,8.66728206165135,29536.3642464896,1.91028321790509,133.488059576656,204.877746582031,256.0,1.0,0.99609375,1,0.0870509147644043,3825cc34c76d88c2de05147d40cabbb79ddd7024,62b3730c8059a34aaef8d8b3e3b95c7d488a688add89283890cc99b41012ed6b
496,85,autopareto-seed42-20260727,2,autopareto,42,bf16,cached_decode,headline,256,256,1,1,0,6.81817485019565,37546.7050383218,1.63274679589085,156.178533402583,204.881652832031,256.0,1.0,0.99609375,1,0.0870509147644043,3825cc34c76d88c2de05147d40cabbb79ddd7024,62b3730c8059a34aaef8d8b3e3b95c7d488a688add89283890cc99b41012ed6b
497,85,autopareto-seed42-20260727,2,autopareto,42,bf16,cached_decode,headline,256,256,1,2,0,6.62434101104736,38645.3534884558,1.62511224206537,156.912238674615,204.881652832031,256.0,1.0,0.99609375,1,0.0870509147644043,3825cc34c76d88c2de05147d40cabbb79ddd7024,62b3730c8059a34aaef8d8b3e3b95c7d488a688add89283890cc99b41012ed6b
498,85,autopareto-seed42-20260727,2,autopareto,42,bf16,cached_decode,headline,256,256,1,3,0,6.67505897581577,38351.7210750507,1.61242344416678,158.147043149556,204.881652832031,256.0,1.0,0.99609375,1,0.0870509147644043,3825cc34c76d88c2de05147d40cabbb79ddd7024,62b3730c8059a34aaef8d8b3e3b95c7d488a688add89283890cc99b41012ed6b
499,85,autopareto-seed42-20260727,2,autopareto,42,bf16,cached_decode,headline,256,256,1,4,0,6.60415180027485,38763.4941991106,1.60948528605513,158.435744774659,204.881652832031,256.0,1.0,0.99609375,1,0.0870509147644043,3825cc34c76d88c2de05147d40cabbb79ddd7024,62b3730c8059a34aaef8d8b3e3b95c7d488a688add89283890cc99b41012ed6b
500,85,autopareto-seed42-20260727,2,autopareto,42,bf16,cached_decode,headline,256,256,1,5,0,6.61816704086959,38681.4050505384,1.62561222212389,156.863978093643,204.881652832031,256.0,1.0,0.99609375,1,0.0870509147644043,3825cc34c76d88c2de05147d40cabbb79ddd7024,62b3730c8059a34aaef8d8b3e3b95c7d488a688add89283890cc99b41012ed6b
501,85,autopareto-seed42-20260727,2,autopareto,42,bf16,cached_decode,headline,256,256,1,6,0,6.68501807376742,38294.5860691934,1.61152146104723,158.23555947824,204.881652832031,256.0,1.0,0.99609375,1,0.0870509147644043,3825cc34c76d88c2de05147d40cabbb79ddd7024,62b3730c8059a34aaef8d8b3e3b95c7d488a688add89283890cc99b41012ed6b
502,85,autopareto-seed42-20260727,2,autopareto,42,bf16,cached_decode,headline,256,256,1,7,0,7.13749299757183,35866.9353633119,1.62484280206263,156.938258689576,204.881652832031,256.0,1.0,0.99609375,1,0.0870509147644043,3825cc34c76d88c2de05147d40cabbb79ddd7024,62b3730c8059a34aaef8d8b3e3b95c7d488a688add89283890cc99b41012ed6b
503,85,autopareto-seed42-20260727,2,autopareto,42,bf16,cached_decode,headline,256,256,1,8,0,6.61202310584486,38717.3480645739,1.61328552500345,158.062535148237,204.881652832031,256.0,1.0,0.99609375,1,0.0870509147644043,3825cc34c76d88c2de05147d40cabbb79ddd7024,62b3730c8059a34aaef8d8b3e3b95c7d488a688add89283890cc99b41012ed6b
504,85,autopareto-seed42-20260727,2,autopareto,42,bf16,cached_decode,headline,256,256,1,9,0,6.81752781383693,37550.2685123513,1.61855776002631,157.547667619755,204.881652832031,256.0,1.0,0.99609375,1,0.0870509147644043,3825cc34c76d88c2de05147d40cabbb79ddd7024,62b3730c8059a34aaef8d8b3e3b95c7d488a688add89283890cc99b41012ed6b
505,86,autopareto-seed42-20260727,3,autopareto,42,bf16,cached_decode,headline,256,256,1,0,1,,,,,,,,,,,3825cc34c76d88c2de05147d40cabbb79ddd7024,62b3730c8059a34aaef8d8b3e3b95c7d488a688add89283890cc99b41012ed6b
506,86,autopareto-seed42-20260727,3,autopareto,42,bf16,cached_decode,headline,256,256,1,1,1,,,,,,,,,,,3825cc34c76d88c2de05147d40cabbb79ddd7024,62b3730c8059a34aaef8d8b3e3b95c7d488a688add89283890cc99b41012ed6b
507,86,autopareto-seed42-20260727,3,autopareto,42,bf16,cached_decode,headline,256,256,1,0,0,8.01493204198778,31940.383107292,1.85375227010809,137.558833567946,249.879943847656,288.0,4.0,3.984375,1,0.0958246365189552,3825cc34c76d88c2de05147d40cabbb79ddd7024,62b3730c8059a34aaef8d8b3e3b95c7d488a688add89283890cc99b41012ed6b
508,86,autopareto-seed42-20260727,3,autopareto,42,bf16,cached_decode,headline,256,256,1,1,0,8.14389390870929,31434.5941719878,1.5574628028553,163.727826778597,249.883850097656,288.0,4.0,3.984375,1,0.0958246365189552,3825cc34c76d88c2de05147d40cabbb79ddd7024,62b3730c8059a34aaef8d8b3e3b95c7d488a688add89283890cc99b41012ed6b
509,86,autopareto-seed42-20260727,3,autopareto,42,bf16,cached_decode,headline,256,256,1,2,0,6.68506883084774,38294.2953135662,1.55216905288398,164.286228697964,249.883850097656,288.0,4.0,3.984375,1,0.0958246365189552,3825cc34c76d88c2de05147d40cabbb79ddd7024,62b3730c8059a34aaef8d8b3e3b95c7d488a688add89283890cc99b41012ed6b
510,86,autopareto-seed42-20260727,3,autopareto,42,bf16,cached_decode,headline,256,256,1,3,0,6.07859692536294,42114.9819840562,1.54951672395691,164.567439678109,249.883850097656,288.0,4.0,3.984375,1,0.0958246365189552,3825cc34c76d88c2de05147d40cabbb79ddd7024,62b3730c8059a34aaef8d8b3e3b95c7d488a688add89283890cc99b41012ed6b
511,86,autopareto-seed42-20260727,3,autopareto,42,bf16,cached_decode,headline,256,256,1,4,0,6.13430282101035,41732.5338297915,1.54661813704297,164.875862950594,249.883850097656,288.0,4.0,3.984375,1,0.0958246365189552,3825cc34c76d88c2de05147d40cabbb79ddd7024,62b3730c8059a34aaef8d8b3e3b95c7d488a688add89283890cc99b41012ed6b
512,86,autopareto-seed42-20260727,3,autopareto,42,bf16,cached_decode,headline,256,256,1,5,0,7.19089503400028,35600.5752815985,1.57022781297565,162.396817769241,249.883850097656,288.0,4.0,3.984375,1,0.0958246365189552,3825cc34c76d88c2de05147d40cabbb79ddd7024,62b3730c8059a34aaef8d8b3e3b95c7d488a688add89283890cc99b41012ed6b
513,86,autopareto-seed42-20260727,3,autopareto,42,bf16,cached_decode,headline,256,256,1,6,0,6.27758097834885,40780.0394583415,1.56439534178935,163.002275184693,249.883850097656,288.0,4.0,3.984375,1,0.0958246365189552,3825cc34c76d88c2de05147d40cabbb79ddd7024,62b3730c8059a34aaef8d8b3e3b95c7d488a688add89283890cc99b41012ed6b
514,86,autopareto-seed42-20260727,3,autopareto,42,bf16,cached_decode,headline,256,256,1,7,0,13.9293340034783,18378.4809766263,1.58457467705011,160.926464175683,249.883850097656,288.0,4.0,3.984375,1,0.0958246365189552,3825cc34c76d88c2de05147d40cabbb79ddd7024,62b3730c8059a34aaef8d8b3e3b95c7d488a688add89283890cc99b41012ed6b
515,86,autopareto-seed42-20260727,3,autopareto,42,bf16,cached_decode,headline,256,256,1,8,0,6.22745603322983,41108.2789880778,1.55473599303514,164.014984629121,249.883850097656,288.0,4.0,3.984375,1,0.0958246365189552,3825cc34c76d88c2de05147d40cabbb79ddd7024,62b3730c8059a34aaef8d8b3e3b95c7d488a688add89283890cc99b41012ed6b
516,86,autopareto-seed42-20260727,3,autopareto,42,bf16,cached_decode,headline,256,256,1,9,0,6.14509987644851,41659.2089871698,1.56524388398975,162.913909205008,249.883850097656,288.0,4.0,3.984375,1,0.0958246365189552,3825cc34c76d88c2de05147d40cabbb79ddd7024,62b3730c8059a34aaef8d8b3e3b95c7d488a688add89283890cc99b41012ed6b
541,87,autopareto-seed42-20260727,4,autopareto,42,bf16,cached_decode,headline,256,256,1,0,1,,,,,,,,,,,984d3f4e471d3b91cb41d506d0acc0737c20fd61,62b3730c8059a34aaef8d8b3e3b95c7d488a688add89283890cc99b41012ed6b
542,87,autopareto-seed42-20260727,4,autopareto,42,bf16,cached_decode,headline,256,256,1,1,1,,,,,,,,,,,984d3f4e471d3b91cb41d506d0acc0737c20fd61,62b3730c8059a34aaef8d8b3e3b95c7d488a688add89283890cc99b41012ed6b
543,87,autopareto-seed42-20260727,4,autopareto,42,bf16,cached_decode,headline,256,256,1,0,0,8.2547590136528,31012.4135152333,1.86182397976518,136.962464105851,249.879943847656,320.0,4.0,3.984375,1,0.120564937591553,984d3f4e471d3b91cb41d506d0acc0737c20fd61,62b3730c8059a34aaef8d8b3e3b95c7d488a688add89283890cc99b41012ed6b
544,87,autopareto-seed42-20260727,4,autopareto,42,bf16,cached_decode,headline,256,256,1,1,0,6.38504512608051,40093.6868800404,1.6132855322212,158.062534441074,249.883850097656,320.0,4.0,3.984375,1,0.120564937591553,984d3f4e471d3b91cb41d506d0acc0737c20fd61,62b3730c8059a34aaef8d8b3e3b95c7d488a688add89283890cc99b41012ed6b
545,87,autopareto-seed42-20260727,4,autopareto,42,bf16,cached_decode,headline,256,256,1,2,0,6.51773624122143,39277.4408974895,1.62402776442468,157.017020020181,249.883850097656,320.0,4.0,3.984375,1,0.120564937591553,984d3f4e471d3b91cb41d506d0acc0737c20fd61,62b3730c8059a34aaef8d8b3e3b95c7d488a688add89283890cc99b41012ed6b
546,87,autopareto-seed42-20260727,4,autopareto,42,bf16,cached_decode,headline,256,256,1,3,0,7.64258578419685,33496.5163923119,1.85015745088458,137.826107652666,249.883850097656,320.0,4.0,3.984375,1,0.120564937591553,984d3f4e471d3b91cb41d506d0acc0737c20fd61,62b3730c8059a34aaef8d8b3e3b95c7d488a688add89283890cc99b41012ed6b
547,87,autopareto-seed42-20260727,4,autopareto,42,bf16,cached_decode,headline,256,256,1,4,0,7.42410868406296,34482.2538158076,1.81088987924159,140.814746894933,249.883850097656,320.0,4.0,3.984375,1,0.120564937591553,984d3f4e471d3b91cb41d506d0acc0737c20fd61,62b3730c8059a34aaef8d8b3e3b95c7d488a688add89283890cc99b41012ed6b
548,87,autopareto-seed42-20260727,4,autopareto,42,bf16,cached_decode,headline,256,256,1,5,0,7.67424143850803,33358.3458445073,1.59369599632919,160.005421728705,249.883850097656,320.0,4.0,3.984375,1,0.120564937591553,984d3f4e471d3b91cb41d506d0acc0737c20fd61,62b3730c8059a34aaef8d8b3e3b95c7d488a688add89283890cc99b41012ed6b
549,87,autopareto-seed42-20260727,4,autopareto,42,bf16,cached_decode,headline,256,256,1,6,0,6.47260807454586,39551.2901525343,1.59021395631135,160.355780420578,249.883850097656,320.0,4.0,3.984375,1,0.120564937591553,984d3f4e471d3b91cb41d506d0acc0737c20fd61,62b3730c8059a34aaef8d8b3e3b95c7d488a688add89283890cc99b41012ed6b
550,87,autopareto-seed42-20260727,4,autopareto,42,bf16,cached_decode,headline,256,256,1,7,0,6.44526071846485,39719.1069814434,1.57633198052645,161.767954434851,249.883850097656,320.0,4.0,3.984375,1,0.120564937591553,984d3f4e471d3b91cb41d506d0acc0737c20fd61,62b3730c8059a34aaef8d8b3e3b95c7d488a688add89283890cc99b41012ed6b
551,87,autopareto-seed42-20260727,4,autopareto,42,bf16,cached_decode,headline,256,256,1,8,0,6.32152147591114,40496.5799729569,1.57551380246878,161.851961944366,249.883850097656,320.0,4.0,3.984375,1,0.120564937591553,984d3f4e471d3b91cb41d506d0acc0737c20fd61,62b3730c8059a34aaef8d8b3e3b95c7d488a688add89283890cc99b41012ed6b
552,87,autopareto-seed42-20260727,4,autopareto,42,bf16,cached_decode,headline,256,256,1,9,0,10.4549042880535,24486.1160797544,1.59423636086285,159.951188079781,249.883850097656,320.0,4.0,3.984375,1,0.120564937591553,984d3f4e471d3b91cb41d506d0acc0737c20fd61,62b3730c8059a34aaef8d8b3e3b95c7d488a688add89283890cc99b41012ed6b
553,92,autopareto-seed42-20260727,5,autopareto,42,bf16,cached_decode,headline,256,256,1,0,1,,,,,,,,,,,228791fb499afffb54b46200aca536f79142f117,5d6c20928c61ec164bdebb975011fb757edc99c0e5fc01316c0948de1e3ae58c
554,92,autopareto-seed42-20260727,5,autopareto,42,bf16,cached_decode,headline,256,256,1,1,1,,,,,,,,,,,228791fb499afffb54b46200aca536f79142f117,5d6c20928c61ec164bdebb975011fb757edc99c0e5fc01316c0948de1e3ae58c
555,92,autopareto-seed42-20260727,5,autopareto,42,bf16,cached_decode,headline,256,256,1,0,0,7.3426179587841,34864.948910183,1.68960259202868,150.923063922284,219.880920410156,256.0,2.0,1.9921875,1,0.136997938156128,228791fb499afffb54b46200aca536f79142f117,5d6c20928c61ec164bdebb975011fb757edc99c0e5fc01316c0948de1e3ae58c
556,92,autopareto-seed42-20260727,5,autopareto,42,bf16,cached_decode,headline,256,256,1,1,0,17.2310536727309,14856.8976025612,1.69663061015308,150.297889519388,219.884826660156,256.0,2.0,1.9921875,1,0.136997938156128,228791fb499afffb54b46200aca536f79142f117,5d6c20928c61ec164bdebb975011fb757edc99c0e5fc01316c0948de1e3ae58c
557,92,autopareto-seed42-20260727,5,autopareto,42,bf16,cached_decode,headline,256,256,1,2,0,10.7566649094224,23799.1981860246,1.68834877107292,151.035144141427,219.884826660156,256.0,2.0,1.9921875,1,0.136997938156128,228791fb499afffb54b46200aca536f79142f117,5d6c20928c61ec164bdebb975011fb757edc99c0e5fc01316c0948de1e3ae58c
558,92,autopareto-seed42-20260727,5,autopareto,42,bf16,cached_decode,headline,256,256,1,3,0,6.85079675167799,37367.9163576553,1.67453247960657,152.281310219741,219.884826660156,256.0,2.0,1.9921875,1,0.136997938156128,228791fb499afffb54b46200aca536f79142f117,5d6c20928c61ec164bdebb975011fb757edc99c0e5fc01316c0948de1e3ae58c
559,92,autopareto-seed42-20260727,5,autopareto,42,bf16,cached_decode,headline,256,256,1,4,0,6.88079092651606,37205.0252266014,1.69053759425879,150.839591421097,219.884826660156,256.0,2.0,1.9921875,1,0.136997938156128,228791fb499afffb54b46200aca536f79142f117,5d6c20928c61ec164bdebb975011fb757edc99c0e5fc01316c0948de1e3ae58c
560,92,autopareto-seed42-20260727,5,autopareto,42,bf16,cached_decode,headline,256,256,1,5,0,7.02084321528673,36462.856689721,1.67142390459776,152.564528542726,219.884826660156,256.0,2.0,1.9921875,1,0.136997938156128,228791fb499afffb54b46200aca536f79142f117,5d6c20928c61ec164bdebb975011fb757edc99c0e5fc01316c0948de1e3ae58c
561,92,autopareto-seed42-20260727,5,autopareto,42,bf16,cached_decode,headline,256,256,1,6,0,6.87941629439592,37212.4594652807,1.65944470651448,153.665861235959,219.884826660156,256.0,2.0,1.9921875,1,0.136997938156128,228791fb499afffb54b46200aca536f79142f117,5d6c20928c61ec164bdebb975011fb757edc99c0e5fc01316c0948de1e3ae58c
562,92,autopareto-seed42-20260727,5,autopareto,42,bf16,cached_decode,headline,256,256,1,7,0,7.84130021929741,32647.6467984206,2.07360566593707,122.974201020407,219.884826660156,256.0,2.0,1.9921875,1,0.136997938156128,228791fb499afffb54b46200aca536f79142f117,5d6c20928c61ec164bdebb975011fb757edc99c0e5fc01316c0948de1e3ae58c
563,92,autopareto-seed42-20260727,5,autopareto,42,bf16,cached_decode,headline,256,256,1,8,0,6.63773901760578,38567.3494123514,1.67926030885428,151.852573812085,219.884826660156,256.0,2.0,1.9921875,1,0.136997938156128,228791fb499afffb54b46200aca536f79142f117,5d6c20928c61ec164bdebb975011fb757edc99c0e5fc01316c0948de1e3ae58c
564,92,autopareto-seed42-20260727,5,autopareto,42,bf16,cached_decode,headline,256,256,1,9,0,6.68690167367458,38283.7990586637,1.68107312824577,151.688820501281,219.884826660156,256.0,2.0,1.9921875,1,0.136997938156128,228791fb499afffb54b46200aca536f79142f117,5d6c20928c61ec164bdebb975011fb757edc99c0e5fc01316c0948de1e3ae58c
565,93,autopareto-seed42-20260727,6,autopareto,42,bf16,cached_decode,headline,256,256,1,0,1,,,,,,,,,,,228791fb499afffb54b46200aca536f79142f117,5d6c20928c61ec164bdebb975011fb757edc99c0e5fc01316c0948de1e3ae58c
566,93,autopareto-seed42-20260727,6,autopareto,42,bf16,cached_decode,headline,256,256,1,1,1,,,,,,,,,,,228791fb499afffb54b46200aca536f79142f117,5d6c20928c61ec164bdebb975011fb757edc99c0e5fc01316c0948de1e3ae58c
567,93,autopareto-seed42-20260727,6,autopareto,42,bf16,cached_decode,headline,256,256,1,0,0,9.87820141017437,25915.6489496483,1.89729359652847,134.401971559162,249.882385253906,288.0,4.0,3.984375,1,0.124035835266113,228791fb499afffb54b46200aca536f79142f117,5d6c20928c61ec164bdebb975011fb757edc99c0e5fc01316c0948de1e3ae58c
568,93,autopareto-seed42-20260727,6,autopareto,42,bf16,cached_decode,headline,256,256,1,1,0,7.82336760312319,32722.4812877004,1.56040757894516,163.418842256829,249.886291503906,288.0,4.0,3.984375,1,0.124035835266113,228791fb499afffb54b46200aca536f79142f117,5d6c20928c61ec164bdebb975011fb757edc99c0e5fc01316c0948de1e3ae58c
569,93,autopareto-seed42-20260727,6,autopareto,42,bf16,cached_decode,headline,256,256,1,2,0,6.27017021179199,40828.2377276703,1.55278446432203,164.221117520864,249.886291503906,288.0,4.0,3.984375,1,0.124035835266113,228791fb499afffb54b46200aca536f79142f117,5d6c20928c61ec164bdebb975011fb757edc99c0e5fc01316c0948de1e3ae58c
570,93,autopareto-seed42-20260727,6,autopareto,42,bf16,cached_decode,headline,256,256,1,3,0,7.83756468445063,32663.2072980389,1.56778818368912,162.649522845597,249.886291503906,288.0,4.0,3.984375,1,0.124035835266113,228791fb499afffb54b46200aca536f79142f117,5d6c20928c61ec164bdebb975011fb757edc99c0e5fc01316c0948de1e3ae58c
571,93,autopareto-seed42-20260727,6,autopareto,42,bf16,cached_decode,headline,256,256,1,4,0,6.21339119970798,41201.3330195645,1.55055708996952,164.457021060097,249.886291503906,288.0,4.0,3.984375,1,0.124035835266113,228791fb499afffb54b46200aca536f79142f117,5d6c20928c61ec164bdebb975011fb757edc99c0e5fc01316c0948de1e3ae58c
572,93,autopareto-seed42-20260727,6,autopareto,42,bf16,cached_decode,headline,256,256,1,5,0,7.99147598445415,32034.1324303542,1.564617539756,162.979126540897,249.886291503906,288.0,4.0,3.984375,1,0.124035835266113,228791fb499afffb54b46200aca536f79142f117,5d6c20928c61ec164bdebb975011fb757edc99c0e5fc01316c0948de1e3ae58c
573,93,autopareto-seed42-20260727,6,autopareto,42,bf16,cached_decode,headline,256,256,1,6,0,6.51450641453266,39296.9142572201,1.54876945819706,164.646841820376,249.886291503906,288.0,4.0,3.984375,1,0.124035835266113,228791fb499afffb54b46200aca536f79142f117,5d6c20928c61ec164bdebb975011fb757edc99c0e5fc01316c0948de1e3ae58c
574,93,autopareto-seed42-20260727,6,autopareto,42,bf16,cached_decode,headline,256,256,1,7,0,10.5880396440625,24178.22454448,1.55968009214848,163.495066253448,249.886291503906,288.0,4.0,3.984375,1,0.124035835266113,228791fb499afffb54b46200aca536f79142f117,5d6c20928c61ec164bdebb975011fb757edc99c0e5fc01316c0948de1e3ae58c
575,93,autopareto-seed42-20260727,6,autopareto,42,bf16,cached_decode,headline,256,256,1,8,0,6.32310379296541,40486.4459578863,1.55228517949581,164.273938428521,249.886291503906,288.0,4.0,3.984375,1,0.124035835266113,228791fb499afffb54b46200aca536f79142f117,5d6c20928c61ec164bdebb975011fb757edc99c0e5fc01316c0948de1e3ae58c
576,93,autopareto-seed42-20260727,6,autopareto,42,bf16,cached_decode,headline,256,256,1,9,0,10.30392665416,24844.8973476189,1.56173606775701,163.279830225241,249.886291503906,288.0,4.0,3.984375,1,0.124035835266113,228791fb499afffb54b46200aca536f79142f117,5d6c20928c61ec164bdebb975011fb757edc99c0e5fc01316c0948de1e3ae58c
577,94,autopareto-seed42-20260727,7,autopareto,42,bf16,cached_decode,headline,256,256,1,0,1,,,,,,,,,,,228791fb499afffb54b46200aca536f79142f117,5d6c20928c61ec164bdebb975011fb757edc99c0e5fc01316c0948de1e3ae58c
578,94,autopareto-seed42-20260727,7,autopareto,42,bf16,cached_decode,headline,256,256,1,1,1,,,,,,,,,,,228791fb499afffb54b46200aca536f79142f117,5d6c20928c61ec164bdebb975011fb757edc99c0e5fc01316c0948de1e3ae58c
579,94,autopareto-seed42-20260727,7,autopareto,42,bf16,cached_decode,headline,256,256,1,0,0,7.37304985523224,34721.0455681825,1.68067181482911,151.725040992568,219.880920410156,256.0,2.0,1.9921875,1,0.11871337890625,228791fb499afffb54b46200aca536f79142f117,5d6c20928c61ec164bdebb975011fb757edc99c0e5fc01316c0948de1e3ae58c
580,94,autopareto-seed42-20260727,7,autopareto,42,bf16,cached_decode,headline,256,256,1,1,0,6.82500470429659,37509.1316550798,1.66936703398824,152.752507272644,219.884826660156,256.0,2.0,1.9921875,1,0.11871337890625,228791fb499afffb54b46200aca536f79142f117,5d6c20928c61ec164bdebb975011fb757edc99c0e5fc01316c0948de1e3ae58c
581,94,autopareto-seed42-20260727,7,autopareto,42,bf16,cached_decode,headline,256,256,1,2,0,6.72290567308664,38078.7731448959,1.67010239511728,152.685248967679,219.884826660156,256.0,2.0,1.9921875,1,0.11871337890625,228791fb499afffb54b46200aca536f79142f117,5d6c20928c61ec164bdebb975011fb757edc99c0e5fc01316c0948de1e3ae58c
582,94,autopareto-seed42-20260727,7,autopareto,42,bf16,cached_decode,headline,256,256,1,3,0,6.63706380873919,38571.2729871481,1.66694828961045,152.9741513815,219.884826660156,256.0,2.0,1.9921875,1,0.11871337890625,228791fb499afffb54b46200aca536f79142f117,5d6c20928c61ec164bdebb975011fb757edc99c0e5fc01316c0948de1e3ae58c
583,94,autopareto-seed42-20260727,7,autopareto,42,bf16,cached_decode,headline,256,256,1,4,0,6.7701293155551,37813.1625066323,1.68612076062709,151.234719335976,219.884826660156,256.0,2.0,1.9921875,1,0.11871337890625,228791fb499afffb54b46200aca536f79142f117,5d6c20928c61ec164bdebb975011fb757edc99c0e5fc01316c0948de1e3ae58c
584,94,autopareto-seed42-20260727,7,autopareto,42,bf16,cached_decode,headline,256,256,1,5,0,6.75786100327969,37881.8090333257,1.6655206028372,153.10528105483,219.884826660156,256.0,2.0,1.9921875,1,0.11871337890625,228791fb499afffb54b46200aca536f79142f117,5d6c20928c61ec164bdebb975011fb757edc99c0e5fc01316c0948de1e3ae58c
585,94,autopareto-seed42-20260727,7,autopareto,42,bf16,cached_decode,headline,256,256,1,6,0,6.91293831914663,37032.0098605483,1.65683466941118,153.907933427433,219.884826660156,256.0,2.0,1.9921875,1,0.11871337890625,228791fb499afffb54b46200aca536f79142f117,5d6c20928c61ec164bdebb975011fb757edc99c0e5fc01316c0948de1e3ae58c
586,94,autopareto-seed42-20260727,7,autopareto,42,bf16,cached_decode,headline,256,256,1,7,0,12.1975122019649,20987.8863624963,1.68847915250808,151.023481469239,219.884826660156,256.0,2.0,1.9921875,1,0.11871337890625,228791fb499afffb54b46200aca536f79142f117,5d6c20928c61ec164bdebb975011fb757edc99c0e5fc01316c0948de1e3ae58c
587,94,autopareto-seed42-20260727,7,autopareto,42,bf16,cached_decode,headline,256,256,1,8,0,6.85534998774529,37343.0970639908,1.69807607866824,150.169950100228,219.884826660156,256.0,2.0,1.9921875,1,0.11871337890625,228791fb499afffb54b46200aca536f79142f117,5d6c20928c61ec164bdebb975011fb757edc99c0e5fc01316c0948de1e3ae58c
588,94,autopareto-seed42-20260727,7,autopareto,42,bf16,cached_decode,headline,256,256,1,9,0,10.1082734763622,25325.7888796386,1.71038286760449,149.089426016728,219.884826660156,256.0,2.0,1.9921875,1,0.11871337890625,228791fb499afffb54b46200aca536f79142f117,5d6c20928c61ec164bdebb975011fb757edc99c0e5fc01316c0948de1e3ae58c
589,95,autopareto-seed42-20260727,8,autopareto,42,bf16,cached_decode,headline,256,256,1,0,1,,,,,,,,,,,228791fb499afffb54b46200aca536f79142f117,5d6c20928c61ec164bdebb975011fb757edc99c0e5fc01316c0948de1e3ae58c
590,95,autopareto-seed42-20260727,8,autopareto,42,bf16,cached_decode,headline,256,256,1,1,1,,,,,,,,,,,228791fb499afffb54b46200aca536f79142f117,5d6c20928c61ec164bdebb975011fb757edc99c0e5fc01316c0948de1e3ae58c
591,95,autopareto-seed42-20260727,8,autopareto,42,bf16,cached_decode,headline,256,256,1,0,0,8.5334712639451,29999.5150955309,1.68378679454327,151.444351996578,204.880187988281,224.0,1.0,0.99609375,1,0.13597583770752,228791fb499afffb54b46200aca536f79142f117,5d6c20928c61ec164bdebb975011fb757edc99c0e5fc01316c0948de1e3ae58c
592,95,autopareto-seed42-20260727,8,autopareto,42,bf16,cached_decode,headline,256,256,1,1,0,9.16857644915581,27921.4555737899,1.64276197645813,155.226383160993,204.884094238281,256.0,1.0,0.99609375,1,0.13597583770752,228791fb499afffb54b46200aca536f79142f117,5d6c20928c61ec164bdebb975011fb757edc99c0e5fc01316c0948de1e3ae58c
593,95,autopareto-seed42-20260727,8,autopareto,42,bf16,cached_decode,headline,256,256,1,2,0,9.90703515708447,25840.2232293418,1.62945108581334,156.494418408833,204.884094238281,256.0,1.0,0.99609375,1,0.13597583770752,228791fb499afffb54b46200aca536f79142f117,5d6c20928c61ec164bdebb975011fb757edc99c0e5fc01316c0948de1e3ae58c
594,95,autopareto-seed42-20260727,8,autopareto,42,bf16,cached_decode,headline,256,256,1,3,0,6.62141107022762,38662.4538613942,1.6217145556584,157.240988625444,204.884094238281,256.0,1.0,0.99609375,1,0.13597583770752,228791fb499afffb54b46200aca536f79142f117,5d6c20928c61ec164bdebb975011fb757edc99c0e5fc01316c0948de1e3ae58c
595,95,autopareto-seed42-20260727,8,autopareto,42,bf16,cached_decode,headline,256,256,1,4,0,7.17135239392519,35697.590348071,1.63822579197586,155.656199071586,204.884094238281,256.0,1.0,0.99609375,1,0.13597583770752,228791fb499afffb54b46200aca536f79142f117,5d6c20928c61ec164bdebb975011fb757edc99c0e5fc01316c0948de1e3ae58c
596,95,autopareto-seed42-20260727,8,autopareto,42,bf16,cached_decode,headline,256,256,1,5,0,7.31141120195389,35013.7603984833,1.64740887470543,154.78853119909,204.884094238281,256.0,1.0,0.99609375,1,0.13597583770752,228791fb499afffb54b46200aca536f79142f117,5d6c20928c61ec164bdebb975011fb757edc99c0e5fc01316c0948de1e3ae58c
597,95,autopareto-seed42-20260727,8,autopareto,42,bf16,cached_decode,headline,256,256,1,6,0,7.26263038814068,35248.9368615025,1.64451006893069,155.06137956687,204.884094238281,256.0,1.0,0.99609375,1,0.13597583770752,228791fb499afffb54b46200aca536f79142f117,5d6c20928c61ec164bdebb975011fb757edc99c0e5fc01316c0948de1e3ae58c
598,95,autopareto-seed42-20260727,8,autopareto,42,bf16,cached_decode,headline,256,256,1,7,0,8.26076418161392,30989.8690208083,1.66929709073156,152.758907576031,204.884094238281,256.0,1.0,0.99609375,1,0.13597583770752,228791fb499afffb54b46200aca536f79142f117,5d6c20928c61ec164bdebb975011fb757edc99c0e5fc01316c0948de1e3ae58c
599,95,autopareto-seed42-20260727,8,autopareto,42,bf16,cached_decode,headline,256,256,1,8,0,6.75912015140057,37874.7520780429,1.67636232823133,152.115086163408,204.884094238281,256.0,1.0,0.99609375,1,0.13597583770752,228791fb499afffb54b46200aca536f79142f117,5d6c20928c61ec164bdebb975011fb757edc99c0e5fc01316c0948de1e3ae58c
600,95,autopareto-seed42-20260727,8,autopareto,42,bf16,cached_decode,headline,256,256,1,9,0,7.08935502916574,36110.4781671691,1.62467318214476,156.954643433807,204.884094238281,256.0,1.0,0.99609375,1,0.13597583770752,228791fb499afffb54b46200aca536f79142f117,5d6c20928c61ec164bdebb975011fb757edc99c0e5fc01316c0948de1e3ae58c
601,96,autopareto-seed42-20260727,9,autopareto,42,bf16,cached_decode,headline,256,256,1,0,1,,,,,,,,,,,228791fb499afffb54b46200aca536f79142f117,5d6c20928c61ec164bdebb975011fb757edc99c0e5fc01316c0948de1e3ae58c
602,96,autopareto-seed42-20260727,9,autopareto,42,bf16,cached_decode,headline,256,256,1,1,1,,,,,,,,,,,228791fb499afffb54b46200aca536f79142f117,5d6c20928c61ec164bdebb975011fb757edc99c0e5fc01316c0948de1e3ae58c
603,96,autopareto-seed42-20260727,9,autopareto,42,bf16,cached_decode,headline,256,256,1,0,0,7.51906726509333,34046.7761458206,1.76567517500371,144.42067465748,249.882385253906,288.0,4.0,3.984375,1,0.124720573425293,228791fb499afffb54b46200aca536f79142f117,5d6c20928c61ec164bdebb975011fb757edc99c0e5fc01316c0948de1e3ae58c
604,96,autopareto-seed42-20260727,9,autopareto,42,bf16,cached_decode,headline,256,256,1,1,0,7.61822424829006,33603.631457483,1.92829342745245,132.241284635239,249.886291503906,288.0,4.0,3.984375,1,0.124720573425293,228791fb499afffb54b46200aca536f79142f117,5d6c20928c61ec164bdebb975011fb757edc99c0e5fc01316c0948de1e3ae58c
605,96,autopareto-seed42-20260727,9,autopareto,42,bf16,cached_decode,headline,256,256,1,2,0,7.98186380416155,32072.7096178374,1.73492211569101,146.980661375935,249.886291503906,288.0,4.0,3.984375,1,0.124720573425293,228791fb499afffb54b46200aca536f79142f117,5d6c20928c61ec164bdebb975011fb757edc99c0e5fc01316c0948de1e3ae58c
606,96,autopareto-seed42-20260727,9,autopareto,42,bf16,cached_decode,headline,256,256,1,3,0,6.71534519642591,38121.6441615317,1.69338431861252,150.586017123942,249.886291503906,288.0,4.0,3.984375,1,0.124720573425293,228791fb499afffb54b46200aca536f79142f117,5d6c20928c61ec164bdebb975011fb757edc99c0e5fc01316c0948de1e3ae58c
607,96,autopareto-seed42-20260727,9,autopareto,42,bf16,cached_decode,headline,256,256,1,4,0,6.78363628685474,37737.8723113552,1.69421113003045,150.512527913458,249.886291503906,288.0,4.0,3.984375,1,0.124720573425293,228791fb499afffb54b46200aca536f79142f117,5d6c20928c61ec164bdebb975011fb757edc99c0e5fc01316c0948de1e3ae58c
608,96,autopareto-seed42-20260727,9,autopareto,42,bf16,cached_decode,headline,256,256,1,5,0,6.82835094630718,37490.75025771,1.67825483344495,151.943551669422,249.886291503906,288.0,4.0,3.984375,1,0.124720573425293,228791fb499afffb54b46200aca536f79142f117,5d6c20928c61ec164bdebb975011fb757edc99c0e5fc01316c0948de1e3ae58c
609,96,autopareto-seed42-20260727,9,autopareto,42,bf16,cached_decode,headline,256,256,1,6,0,6.77213724702597,37801.950944279,1.68548405915499,151.291849136706,249.886291503906,288.0,4.0,3.984375,1,0.124720573425293,228791fb499afffb54b46200aca536f79142f117,5d6c20928c61ec164bdebb975011fb757edc99c0e5fc01316c0948de1e3ae58c
610,96,autopareto-seed42-20260727,9,autopareto,42,bf16,cached_decode,headline,256,256,1,7,0,6.90751057118177,37061.1086819086,1.8395071271807,138.624089155242,249.886291503906,288.0,4.0,3.984375,1,0.124720573425293,228791fb499afffb54b46200aca536f79142f117,5d6c20928c61ec164bdebb975011fb757edc99c0e5fc01316c0948de1e3ae58c
611,96,autopareto-seed42-20260727,9,autopareto,42,bf16,cached_decode,headline,256,256,1,8,0,8.23433883488178,31089.3206040477,1.91157696582377,133.397715372716,249.886291503906,288.0,4.0,3.984375,1,0.124720573425293,228791fb499afffb54b46200aca536f79142f117,5d6c20928c61ec164bdebb975011fb757edc99c0e5fc01316c0948de1e3ae58c
612,96,autopareto-seed42-20260727,9,autopareto,42,bf16,cached_decode,headline,256,256,1,9,0,6.74225389957428,37969.4985998917,1.70676929969341,149.405077795697,249.886291503906,288.0,4.0,3.984375,1,0.124720573425293,228791fb499afffb54b46200aca536f79142f117,5d6c20928c61ec164bdebb975011fb757edc99c0e5fc01316c0948de1e3ae58c
613,97,autopareto-seed42-20260727,10,autopareto,42,bf16,cached_decode,headline,256,256,1,0,1,,,,,,,,,,,962345d5c5b8ae857d08e0d8b4f6870da9dbb146,0b252757d18c79a6a6ca319df6f813e337d41c571b34f1cd538cb138a0153cc0
614,97,autopareto-seed42-20260727,10,autopareto,42,bf16,cached_decode,headline,256,256,1,1,1,,,,,,,,,,,962345d5c5b8ae857d08e0d8b4f6870da9dbb146,0b252757d18c79a6a6ca319df6f813e337d41c571b34f1cd538cb138a0153cc0
615,97,autopareto-seed42-20260727,10,autopareto,42,bf16,cached_decode,headline,256,256,1,0,0,7.29383900761604,35098.1149615026,1.66751659940928,152.92201594295,249.882385253906,288.0,4.0,3.984375,1,0.112673282623291,962345d5c5b8ae857d08e0d8b4f6870da9dbb146,0b252757d18c79a6a6ca319df6f813e337d41c571b34f1cd538cb138a0153cc0
616,97,autopareto-seed42-20260727,10,autopareto,42,bf16,cached_decode,headline,256,256,1,1,0,7.11124110966921,35999.3418943305,1.66326179914176,153.313206695169,249.886291503906,288.0,4.0,3.984375,1,0.112673282623291,962345d5c5b8ae857d08e0d8b4f6870da9dbb146,0b252757d18c79a6a6ca319df6f813e337d41c571b34f1cd538cb138a0153cc0
617,97,autopareto-seed42-20260727,10,autopareto,42,bf16,cached_decode,headline,256,256,1,2,0,7.05622974783182,36279.9978385995,1.66902862582356,152.783478997656,249.886291503906,288.0,4.0,3.984375,1,0.112673282623291,962345d5c5b8ae857d08e0d8b4f6870da9dbb146,0b252757d18c79a6a6ca319df6f813e337d41c571b34f1cd538cb138a0153cc0
618,97,autopareto-seed42-20260727,10,autopareto,42,bf16,cached_decode,headline,256,256,1,3,0,6.69924821704626,38213.2429947299,1.67439260799438,152.294031150463,249.886291503906,288.0,4.0,3.984375,1,0.112673282623291,962345d5c5b8ae857d08e0d8b4f6870da9dbb146,0b252757d18c79a6a6ca319df6f813e337d41c571b34f1cd538cb138a0153cc0
619,97,autopareto-seed42-20260727,10,autopareto,42,bf16,cached_decode,headline,256,256,1,4,0,6.61637540906668,38691.8794917823,1.64907748997211,154.631908779685,249.886291503906,288.0,4.0,3.984375,1,0.112673282623291,962345d5c5b8ae857d08e0d8b4f6870da9dbb146,0b252757d18c79a6a6ca319df6f813e337d41c571b34f1cd538cb138a0153cc0
620,97,autopareto-seed42-20260727,10,autopareto,42,bf16,cached_decode,headline,256,256,1,5,0,6.547462195158,39099.1184629241,1.65296912007034,154.267854676649,249.886291503906,288.0,4.0,3.984375,1,0.112673282623291,962345d5c5b8ae857d08e0d8b4f6870da9dbb146,0b252757d18c79a6a6ca319df6f813e337d41c571b34f1cd538cb138a0153cc0
621,97,autopareto-seed42-20260727,10,autopareto,42,bf16,cached_decode,headline,256,256,1,6,0,6.67687598615885,38341.2842369227,1.67094332911074,152.608407213731,249.886291503906,288.0,4.0,3.984375,1,0.112673282623291,962345d5c5b8ae857d08e0d8b4f6870da9dbb146,0b252757d18c79a6a6ca319df6f813e337d41c571b34f1cd538cb138a0153cc0
622,97,autopareto-seed42-20260727,10,autopareto,42,bf16,cached_decode,headline,256,256,1,7,0,6.78312126547098,37740.7376310889,1.66292447783053,153.344306010022,249.886291503906,288.0,4.0,3.984375,1,0.112673282623291,962345d5c5b8ae857d08e0d8b4f6870da9dbb146,0b252757d18c79a6a6ca319df6f813e337d41c571b34f1cd538cb138a0153cc0
623,97,autopareto-seed42-20260727,10,autopareto,42,bf16,cached_decode,headline,256,256,1,8,0,6.92520942538977,36966.3910901282,1.8383641820401,138.710274324981,249.886291503906,288.0,4.0,3.984375,1,0.112673282623291,962345d5c5b8ae857d08e0d8b4f6870da9dbb146,0b252757d18c79a6a6ca319df6f813e337d41c571b34f1cd538cb138a0153cc0
624,97,autopareto-seed42-20260727,10,autopareto,42,bf16,cached_decode,headline,256,256,1,9,0,8.28921236097813,30883.5132762592,1.87570096272975,135.949175837119,249.886291503906,288.0,4.0,3.984375,1,0.112673282623291,962345d5c5b8ae857d08e0d8b4f6870da9dbb146,0b252757d18c79a6a6ca319df6f813e337d41c571b34f1cd538cb138a0153cc0
625,98,autopareto-seed42-20260727,11,autopareto,42,bf16,cached_decode,headline,256,256,1,0,1,,,,,,,,,,,228791fb499afffb54b46200aca536f79142f117,0b252757d18c79a6a6ca319df6f813e337d41c571b34f1cd538cb138a0153cc0
626,98,autopareto-seed42-20260727,11,autopareto,42,bf16,cached_decode,headline,256,256,1,1,1,,,,,,,,,,,228791fb499afffb54b46200aca536f79142f117,0b252757d18c79a6a6ca319df6f813e337d41c571b34f1cd538cb138a0153cc0
627,98,autopareto-seed42-20260727,11,autopareto,42,bf16,cached_decode,headline,256,256,1,0,0,8.08658357709646,31657.3739156132,1.7945594927296,142.096152862636,249.882385253906,320.0,4.0,3.984375,1,0.123612284660339,228791fb499afffb54b46200aca536f79142f117,0b252757d18c79a6a6ca319df6f813e337d41c571b34f1cd538cb138a0153cc0
628,98,autopareto-seed42-20260727,11,autopareto,42,bf16,cached_decode,headline,256,256,1,1,0,6.65029976516962,38494.505366627,1.58482077997178,160.901474300798,249.886291503906,320.0,4.0,3.984375,1,0.123612284660339,228791fb499afffb54b46200aca536f79142f117,0b252757d18c79a6a6ca319df6f813e337d41c571b34f1cd538cb138a0153cc0
629,98,autopareto-seed42-20260727,11,autopareto,42,bf16,cached_decode,headline,256,256,1,2,0,6.30857795476913,40579.6681653858,1.57915138173848,161.479135533714,249.886291503906,320.0,4.0,3.984375,1,0.123612284660339,228791fb499afffb54b46200aca536f79142f117,0b252757d18c79a6a6ca319df6f813e337d41c571b34f1cd538cb138a0153cc0
630,98,autopareto-seed42-20260727,11,autopareto,42,bf16,cached_decode,headline,256,256,1,3,0,6.4701596274972,39566.2572082517,1.60036439541727,159.338711064934,249.886291503906,320.0,4.0,3.984375,1,0.123612284660339,228791fb499afffb54b46200aca536f79142f117,0b252757d18c79a6a6ca319df6f813e337d41c571b34f1cd538cb138a0153cc0
631,98,autopareto-seed42-20260727,11,autopareto,42,bf16,cached_decode,headline,256,256,1,4,0,6.28642458468676,40722.6709795575,1.58498923107982,160.884373849199,249.886291503906,320.0,4.0,3.984375,1,0.123612284660339,228791fb499afffb54b46200aca536f79142f117,0b252757d18c79a6a6ca319df6f813e337d41c571b34f1cd538cb138a0153cc0
632,98,autopareto-seed42-20260727,11,autopareto,42,bf16,cached_decode,headline,256,256,1,5,0,6.33273273706436,40424.8861635479,1.58838372305036,160.540552197484,249.886291503906,320.0,4.0,3.984375,1,0.123612284660339,228791fb499afffb54b46200aca536f79142f117,0b252757d18c79a6a6ca319df6f813e337d41c571b34f1cd538cb138a0153cc0
633,98,autopareto-seed42-20260727,11,autopareto,42,bf16,cached_decode,headline,256,256,1,6,0,6.34024757891893,40376.9721629152,1.59859365969896,159.51520791595,249.886291503906,320.0,4.0,3.984375,1,0.123612284660339,228791fb499afffb54b46200aca536f79142f117,0b252757d18c79a6a6ca319df6f813e337d41c571b34f1cd538cb138a0153cc0
634,98,autopareto-seed42-20260727,11,autopareto,42,bf16,cached_decode,headline,256,256,1,7,0,6.62275496870279,38654.6084235007,1.58248675055802,161.138789888814,249.886291503906,320.0,4.0,3.984375,1,0.123612284660339,228791fb499afffb54b46200aca536f79142f117,0b252757d18c79a6a6ca319df6f813e337d41c571b34f1cd538cb138a0153cc0
635,98,autopareto-seed42-20260727,11,autopareto,42,bf16,cached_decode,headline,256,256,1,8,0,6.63427449762821,38587.4898742163,1.62574657425284,156.851014812805,249.886291503906,320.0,4.0,3.984375,1,0.123612284660339,228791fb499afffb54b46200aca536f79142f117,0b252757d18c79a6a6ca319df6f813e337d41c571b34f1cd538cb138a0153cc0
636,98,autopareto-seed42-20260727,11,autopareto,42,bf16,cached_decode,headline,256,256,1,9,0,6.80508464574814,37618.929569076,1.60601483844221,158.778109576711,249.886291503906,320.0,4.0,3.984375,1,0.123612284660339,228791fb499afffb54b46200aca536f79142f117,0b252757d18c79a6a6ca319df6f813e337d41c571b34f1cd538cb138a0153cc0
637,99,autopareto-seed42-20260727,12,autopareto,42,bf16,cached_decode,headline,256,256,1,0,1,,,,,,,,,,,228791fb499afffb54b46200aca536f79142f117,0b252757d18c79a6a6ca319df6f813e337d41c571b34f1cd538cb138a0153cc0
638,99,autopareto-seed42-20260727,12,autopareto,42,bf16,cached_decode,headline,256,256,1,1,1,,,,,,,,,,,228791fb499afffb54b46200aca536f79142f117,0b252757d18c79a6a6ca319df6f813e337d41c571b34f1cd538cb138a0153cc0
639,99,autopareto-seed42-20260727,12,autopareto,42,bf16,cached_decode,headline,256,256,1,0,0,7.26638082414865,35230.7436391477,1.65462075266987,154.113865421146,219.880920410156,256.0,2.0,1.9921875,1,0.143514215946198,228791fb499afffb54b46200aca536f79142f117,0b252757d18c79a6a6ca319df6f813e337d41c571b34f1cd538cb138a0153cc0
640,99,autopareto-seed42-20260727,12,autopareto,42,bf16,cached_decode,headline,256,256,1,1,0,6.70585688203573,38175.58359854,1.63577610626817,155.889304791077,219.884826660156,256.0,2.0,1.9921875,1,0.143514215946198,228791fb499afffb54b46200aca536f79142f117,0b252757d18c79a6a6ca319df6f813e337d41c571b34f1cd538cb138a0153cc0
641,99,autopareto-seed42-20260727,12,autopareto,42,bf16,cached_decode,headline,256,256,1,2,0,6.71502854675055,38123.4418018789,1.64044145215303,155.445962222742,219.884826660156,256.0,2.0,1.9921875,1,0.143514215946198,228791fb499afffb54b46200aca536f79142f117,0b252757d18c79a6a6ca319df6f813e337d41c571b34f1cd538cb138a0153cc0
642,99,autopareto-seed42-20260727,12,autopareto,42,bf16,cached_decode,headline,256,256,1,3,0,6.74141384661198,37974.2300094301,1.63724339939654,155.749597215655,219.884826660156,256.0,2.0,1.9921875,1,0.143514215946198,228791fb499afffb54b46200aca536f79142f117,0b252757d18c79a6a6ca319df6f813e337d41c571b34f1cd538cb138a0153cc0
643,99,autopareto-seed42-20260727,12,autopareto,42,bf16,cached_decode,headline,256,256,1,4,0,6.65498431771994,38467.4084532942,1.6469821613282,154.828635055985,219.884826660156,256.0,2.0,1.9921875,1,0.143514215946198,228791fb499afffb54b46200aca536f79142f117,0b252757d18c79a6a6ca319df6f813e337d41c571b34f1cd538cb138a0153cc0
644,99,autopareto-seed42-20260727,12,autopareto,42,bf16,cached_decode,headline,256,256,1,5,0,6.68337382376194,38304.0073397993,1.64363205898553,155.144211629328,219.884826660156,256.0,2.0,1.9921875,1,0.143514215946198,228791fb499afffb54b46200aca536f79142f117,0b252757d18c79a6a6ca319df6f813e337d41c571b34f1cd538cb138a0153cc0
645,99,autopareto-seed42-20260727,12,autopareto,42,bf16,cached_decode,headline,256,256,1,6,0,6.69601187109947,38231.7123876253,1.64227594342083,155.272322548207,219.884826660156,256.0,2.0,1.9921875,1,0.143514215946198,228791fb499afffb54b46200aca536f79142f117,0b252757d18c79a6a6ca319df6f813e337d41c571b34f1cd538cb138a0153cc0
646,99,autopareto-seed42-20260727,12,autopareto,42,bf16,cached_decode,headline,256,256,1,7,0,6.56120572239161,39017.2189124236,1.63842734880745,155.637050483565,219.884826660156,256.0,2.0,1.9921875,1,0.143514215946198,228791fb499afffb54b46200aca536f79142f117,0b252757d18c79a6a6ca319df6f813e337d41c571b34f1cd538cb138a0153cc0
647,99,autopareto-seed42-20260727,12,autopareto,42,bf16,cached_decode,headline,256,256,1,8,0,6.53116218745708,39196.699247745,1.62748308852315,156.683655761608,219.884826660156,256.0,2.0,1.9921875,1,0.143514215946198,228791fb499afffb54b46200aca536f79142f117,0b252757d18c79a6a6ca319df6f813e337d41c571b34f1cd538cb138a0153cc0
648,99,autopareto-seed42-20260727,12,autopareto,42,bf16,cached_decode,headline,256,256,1,9,0,6.52152113616467,39254.6454507935,1.63677462469786,155.794204133065,219.884826660156,256.0,2.0,1.9921875,1,0.143514215946198,228791fb499afffb54b46200aca536f79142f117,0b252757d18c79a6a6ca319df6f813e337d41c571b34f1cd538cb138a0153cc0
649,100,autopareto-seed42-20260727,13,autopareto,42,bf16,cached_decode,headline,256,256,1,0,1,,,,,,,,,,,228791fb499afffb54b46200aca536f79142f117,0b252757d18c79a6a6ca319df6f813e337d41c571b34f1cd538cb138a0153cc0
650,100,autopareto-seed42-20260727,13,autopareto,42,bf16,cached_decode,headline,256,256,1,1,1,,,,,,,,,,,228791fb499afffb54b46200aca536f79142f117,0b252757d18c79a6a6ca319df6f813e337d41c571b34f1cd538cb138a0153cc0
651,100,autopareto-seed42-20260727,13,autopareto,42,bf16,cached_decode,headline,256,256,1,0,0,8.75869207084179,29228.1082528565,1.7829034011811,143.025135198616,204.880187988281,224.0,1.0,0.99609375,1,0.150527000427246,228791fb499afffb54b46200aca536f79142f117,0b252757d18c79a6a6ca319df6f813e337d41c571b34f1cd538cb138a0153cc0
652,100,autopareto-seed42-20260727,13,autopareto,42,bf16,cached_decode,headline,256,256,1,1,0,7.13339168578386,35887.5568980997,1.71594336908311,148.606302861997,204.884094238281,256.0,1.0,0.99609375,1,0.150527000427246,228791fb499afffb54b46200aca536f79142f117,0b252757d18c79a6a6ca319df6f813e337d41c571b34f1cd538cb138a0153cc0
653,100,autopareto-seed42-20260727,13,autopareto,42,bf16,cached_decode,headline,256,256,1,2,0,7.36674200743437,34750.7758167247,1.70907940808684,149.203131693834,204.884094238281,256.0,1.0,0.99609375,1,0.150527000427246,228791fb499afffb54b46200aca536f79142f117,0b252757d18c79a6a6ca319df6f813e337d41c571b34f1cd538cb138a0153cc0
654,100,autopareto-seed42-20260727,13,autopareto,42,bf16,cached_decode,headline,256,256,1,3,0,7.18422513455153,35633.6271769664,1.73046143446118,147.359539439491,204.884094238281,256.0,1.0,0.99609375,1,0.150527000427246,228791fb499afffb54b46200aca536f79142f117,0b252757d18c79a6a6ca319df6f813e337d41c571b34f1cd538cb138a0153cc0
655,100,autopareto-seed42-20260727,13,autopareto,42,bf16,cached_decode,headline,256,256,1,4,0,7.0124501362443,36506.4984457925,1.71163647063076,148.980232879724,204.884094238281,256.0,1.0,0.99609375,1,0.150527000427246,228791fb499afffb54b46200aca536f79142f117,0b252757d18c79a6a6ca319df6f813e337d41c571b34f1cd538cb138a0153cc0
656,100,autopareto-seed42-20260727,13,autopareto,42,bf16,cached_decode,headline,256,256,1,5,0,8.12883302569389,31492.8353419029,1.87312753032893,136.135952235575,204.884094238281,256.0,1.0,0.99609375,1,0.150527000427246,228791fb499afffb54b46200aca536f79142f117,0b252757d18c79a6a6ca319df6f813e337d41c571b34f1cd538cb138a0153cc0
657,100,autopareto-seed42-20260727,13,autopareto,42,bf16,cached_decode,headline,256,256,1,6,0,6.87868706882,37216.4044444481,1.6771203186363,152.046336310174,204.884094238281,256.0,1.0,0.99609375,1,0.150527000427246,228791fb499afffb54b46200aca536f79142f117,0b252757d18c79a6a6ca319df6f813e337d41c571b34f1cd538cb138a0153cc0
658,100,autopareto-seed42-20260727,13,autopareto,42,bf16,cached_decode,headline,256,256,1,7,0,7.43629410862923,34425.7497431325,1.67249326128513,152.466982021835,204.884094238281,256.0,1.0,0.99609375,1,0.150527000427246,228791fb499afffb54b46200aca536f79142f117,0b252757d18c79a6a6ca319df6f813e337d41c571b34f1cd538cb138a0153cc0
659,100,autopareto-seed42-20260727,13,autopareto,42,bf16,cached_decode,headline,256,256,1,8,0,6.86171185225248,37308.4742571875,1.67958587221801,151.82313939284,204.884094238281,256.0,1.0,0.99609375,1,0.150527000427246,228791fb499afffb54b46200aca536f79142f117,0b252757d18c79a6a6ca319df6f813e337d41c571b34f1cd538cb138a0153cc0
660,100,autopareto-seed42-20260727,13,autopareto,42,bf16,cached_decode,headline,256,256,1,9,0,7.03218393027782,36404.0534972023,1.66913374047726,152.773857370522,204.884094238281,256.0,1.0,0.99609375,1,0.150527000427246,228791fb499afffb54b46200aca536f79142f117,0b252757d18c79a6a6ca319df6f813e337d41c571b34f1cd538cb138a0153cc0
661,101,autopareto-seed42-20260727,14,autopareto,42,bf16,cached_decode,headline,256,256,1,0,1,,,,,,,,,,,228791fb499afffb54b46200aca536f79142f117,0b252757d18c79a6a6ca319df6f813e337d41c571b34f1cd538cb138a0153cc0
662,101,autopareto-seed42-20260727,14,autopareto,42,bf16,cached_decode,headline,256,256,1,1,1,,,,,,,,,,,228791fb499afffb54b46200aca536f79142f117,0b252757d18c79a6a6ca319df6f813e337d41c571b34f1cd538cb138a0153cc0
663,101,autopareto-seed42-20260727,14,autopareto,42,bf16,cached_decode,headline,256,256,1,0,0,7.96276517212391,32149.6357692685,1.80327409505844,141.409451119374,203.130912780762,256.0,1.75,1.7431640625,1,0.130765825510025,228791fb499afffb54b46200aca536f79142f117,0b252757d18c79a6a6ca319df6f813e337d41c571b34f1cd538cb138a0153cc0
664,101,autopareto-seed42-20260727,14,autopareto,42,bf16,cached_decode,headline,256,256,1,1,0,7.47614353895187,34242.2531972801,1.74881302751601,145.813186422907,203.134819030762,256.0,1.75,1.7431640625,1,0.130765825510025,228791fb499afffb54b46200aca536f79142f117,0b252757d18c79a6a6ca319df6f813e337d41c571b34f1cd538cb138a0153cc0
665,101,autopareto-seed42-20260727,14,autopareto,42,bf16,cached_decode,headline,256,256,1,2,0,6.93074613809586,36936.8600290896,1.6500930711627,154.536737627969,203.134819030762,256.0,1.75,1.7431640625,1,0.130765825510025,228791fb499afffb54b46200aca536f79142f117,0b252757d18c79a6a6ca319df6f813e337d41c571b34f1cd538cb138a0153cc0
666,101,autopareto-seed42-20260727,14,autopareto,42,bf16,cached_decode,headline,256,256,1,3,0,6.04575965553522,42343.7276018106,1.41555356420577,180.141540700422,203.134819030762,256.0,1.75,1.7431640625,1,0.130765825510025,228791fb499afffb54b46200aca536f79142f117,0b252757d18c79a6a6ca319df6f813e337d41c571b34f1cd538cb138a0153cc0
667,101,autopareto-seed42-20260727,14,autopareto,42,bf16,cached_decode,headline,256,256,1,4,0,6.06240797787905,42227.4450901542,1.4044850980863,181.561200149047,203.134819030762,256.0,1.75,1.7431640625,1,0.130765825510025,228791fb499afffb54b46200aca536f79142f117,0b252757d18c79a6a6ca319df6f813e337d41c571b34f1cd538cb138a0153cc0
668,101,autopareto-seed42-20260727,14,autopareto,42,bf16,cached_decode,headline,256,256,1,5,0,5.85285015404224,43739.3736832977,1.40833407733589,181.064993103324,203.134819030762,256.0,1.75,1.7431640625,1,0.130765825510025,228791fb499afffb54b46200aca536f79142f117,0b252757d18c79a6a6ca319df6f813e337d41c571b34f1cd538cb138a0153cc0
669,101,autopareto-seed42-20260727,14,autopareto,42,bf16,cached_decode,headline,256,256,1,6,0,7.5731398537755,33803.6805001527,1.54945403337479,164.574098041875,203.134819030762,256.0,1.75,1.7431640625,1,0.130765825510025,228791fb499afffb54b46200aca536f79142f117,0b252757d18c79a6a6ca319df6f813e337d41c571b34f1cd538cb138a0153cc0
670,101,autopareto-seed42-20260727,14,autopareto,42,bf16,cached_decode,headline,256,256,1,7,0,5.92992082238197,43170.8968244146,1.42262300476432,179.246363334498,203.134819030762,256.0,1.75,1.7431640625,1,0.130765825510025,228791fb499afffb54b46200aca536f79142f117,0b252757d18c79a6a6ca319df6f813e337d41c571b34f1cd538cb138a0153cc0
671,101,autopareto-seed42-20260727,14,autopareto,42,bf16,cached_decode,headline,256,256,1,8,0,5.97998686134815,42809.4586051124,1.42906217370182,178.438702452988,203.134819030762,256.0,1.75,1.7431640625,1,0.130765825510025,228791fb499afffb54b46200aca536f79142f117,0b252757d18c79a6a6ca319df6f813e337d41c571b34f1cd538cb138a0153cc0
672,101,autopareto-seed42-20260727,14,autopareto,42,bf16,cached_decode,headline,256,256,1,9,0,5.94380963593721,43070.0200174958,1.45097431540489,175.743979264611,203.134819030762,256.0,1.75,1.7431640625,1,0.130765825510025,228791fb499afffb54b46200aca536f79142f117,0b252757d18c79a6a6ca319df6f813e337d41c571b34f1cd538cb138a0153cc0
673,102,autopareto-seed42-20260727,15,autopareto,42,bf16,cached_decode,headline,256,256,1,0,1,,,,,,,,,,,228791fb499afffb54b46200aca536f79142f117,0b252757d18c79a6a6ca319df6f813e337d41c571b34f1cd538cb138a0153cc0
674,102,autopareto-seed42-20260727,15,autopareto,42,bf16,cached_decode,headline,256,256,1,1,1,,,,,,,,,,,228791fb499afffb54b46200aca536f79142f117,0b252757d18c79a6a6ca319df6f813e337d41c571b34f1cd538cb138a0153cc0
675,102,autopareto-seed42-20260727,15,autopareto,42,bf16,cached_decode,headline,256,256,1,0,0,6.34828489273787,40325.8524665224,1.37284460105002,185.745713538855,122.442489624023,160.0,0.75,0.7470703125,1,0.144308567047119,228791fb499afffb54b46200aca536f79142f117,0b252757d18c79a6a6ca319df6f813e337d41c571b34f1cd538cb138a0153cc0
676,102,autopareto-seed42-20260727,15,autopareto,42,bf16,cached_decode,headline,256,256,1,1,0,5.27132768183947,48564.615112424,1.22340781800449,208.434175625862,122.446395874023,160.0,0.75,0.7470703125,1,0.144308567047119,228791fb499afffb54b46200aca536f79142f117,0b252757d18c79a6a6ca319df6f813e337d41c571b34f1cd538cb138a0153cc0
677,102,autopareto-seed42-20260727,15,autopareto,42,bf16,cached_decode,headline,256,256,1,2,0,4.97701577842236,51436.4453313323,1.22735690698028,207.763527096115,122.446395874023,160.0,0.75,0.7470703125,1,0.144308567047119,228791fb499afffb54b46200aca536f79142f117,0b252757d18c79a6a6ca319df6f813e337d41c571b34f1cd538cb138a0153cc0
678,102,autopareto-seed42-20260727,15,autopareto,42,bf16,cached_decode,headline,256,256,1,3,0,5.0149243324995,51047.6296403871,1.2313226480037,207.094379700904,122.446395874023,160.0,0.75,0.7470703125,1,0.144308567047119,228791fb499afffb54b46200aca536f79142f117,0b252757d18c79a6a6ca319df6f813e337d41c571b34f1cd538cb138a0153cc0
679,102,autopareto-seed42-20260727,15,autopareto,42,bf16,cached_decode,headline,256,256,1,4,0,5.0198407843709,50997.6333904946,1.23774852603674,206.019231399538,122.446395874023,160.0,0.75,0.7470703125,1,0.144308567047119,228791fb499afffb54b46200aca536f79142f117,0b252757d18c79a6a6ca319df6f813e337d41c571b34f1cd538cb138a0153cc0
680,102,autopareto-seed42-20260727,15,autopareto,42,bf16,cached_decode,headline,256,256,1,5,0,5.01009169965982,51096.869148599,1.23131307028234,207.095990576571,122.446395874023,160.0,0.75,0.7470703125,1,0.144308567047119,228791fb499afffb54b46200aca536f79142f117,0b252757d18c79a6a6ca319df6f813e337d41c571b34f1cd538cb138a0153cc0
681,102,autopareto-seed42-20260727,15,autopareto,42,bf16,cached_decode,headline,256,256,1,6,0,5.03125600516796,50881.9268463072,1.22373814228922,208.377912878467,122.446395874023,160.0,0.75,0.7470703125,1,0.144308567047119,228791fb499afffb54b46200aca536f79142f117,0b252757d18c79a6a6ca319df6f813e337d41c571b34f1cd538cb138a0153cc0
682,102,autopareto-seed42-20260727,15,autopareto,42,bf16,cached_decode,headline,256,256,1,7,0,5.07425609976053,50450.744890878,1.22788138687611,207.674782536409,122.446395874023,160.0,0.75,0.7470703125,1,0.144308567047119,228791fb499afffb54b46200aca536f79142f117,0b252757d18c79a6a6ca319df6f813e337d41c571b34f1cd538cb138a0153cc0
683,102,autopareto-seed42-20260727,15,autopareto,42,bf16,cached_decode,headline,256,256,1,8,0,4.98253013938665,51379.5186056844,1.22840602044016,207.586087789303,122.446395874023,160.0,0.75,0.7470703125,1,0.144308567047119,228791fb499afffb54b46200aca536f79142f117,0b252757d18c79a6a6ca319df6f813e337d41c571b34f1cd538cb138a0153cc0
684,102,autopareto-seed42-20260727,15,autopareto,42,bf16,cached_decode,headline,256,256,1,9,0,5.06539829075336,50538.9675807558,1.23207025974989,206.968716257923,122.446395874023,160.0,0.75,0.7470703125,1,0.144308567047119,228791fb499afffb54b46200aca536f79142f117,0b252757d18c79a6a6ca319df6f813e337d41c571b34f1cd538cb138a0153cc0
685,103,autopareto-seed42-20260727,16,autopareto,42,bf16,cached_decode,headline,256,256,1,0,1,,,,,,,,,,,228791fb499afffb54b46200aca536f79142f117,0b252757d18c79a6a6ca319df6f813e337d41c571b34f1cd538cb138a0153cc0
686,103,autopareto-seed42-20260727,16,autopareto,42,bf16,cached_decode,headline,256,256,1,1,1,,,,,,,,,,,228791fb499afffb54b46200aca536f79142f117,0b252757d18c79a6a6ca319df6f813e337d41c571b34f1cd538cb138a0153cc0
687,103,autopareto-seed42-20260727,16,autopareto,42,bf16,cached_decode,headline,256,256,1,0,0,5.48937823623419,46635.5184472806,1.22751679643989,207.736464983262,113.317481994629,160.0,0.625,0.62255859375,1,0.114941120147705,228791fb499afffb54b46200aca536f79142f117,0b252757d18c79a6a6ca319df6f813e337d41c571b34f1cd538cb138a0153cc0
688,103,autopareto-seed42-20260727,16,autopareto,42,bf16,cached_decode,headline,256,256,1,1,0,5.25097083300352,48752.8893497147,1.23960465565324,205.710747242734,113.321388244629,160.0,0.625,0.62255859375,1,0.114941120147705,228791fb499afffb54b46200aca536f79142f117,0b252757d18c79a6a6ca319df6f813e337d41c571b34f1cd538cb138a0153cc0
689,103,autopareto-seed42-20260727,16,autopareto,42,bf16,cached_decode,headline,256,256,1,2,0,5.26577793061733,48615.7987239671,1.12228071503341,227.215879756437,113.321388244629,160.0,0.625,0.62255859375,1,0.114941120147705,228791fb499afffb54b46200aca536f79142f117,0b252757d18c79a6a6ca319df6f813e337d41c571b34f1cd538cb138a0153cc0
690,103,autopareto-seed42-20260727,16,autopareto,42,bf16,cached_decode,headline,256,256,1,3,0,4.25126124173403,60217.4238286945,1.05281648039818,242.207454715715,113.321388244629,160.0,0.625,0.62255859375,1,0.114941120147705,228791fb499afffb54b46200aca536f79142f117,0b252757d18c79a6a6ca319df6f813e337d41c571b34f1cd538cb138a0153cc0
691,103,autopareto-seed42-20260727,16,autopareto,42,bf16,cached_decode,headline,256,256,1,4,0,4.59161959588528,55753.7475947292,1.05282158497721,242.206280378949,113.321388244629,160.0,0.625,0.62255859375,1,0.114941120147705,228791fb499afffb54b46200aca536f79142f117,0b252757d18c79a6a6ca319df6f813e337d41c571b34f1cd538cb138a0153cc0
692,103,autopareto-seed42-20260727,16,autopareto,42,bf16,cached_decode,headline,256,256,1,5,0,4.61574550718069,55462.3298883663,1.05150788743049,242.508879912569,113.321388244629,160.0,0.625,0.62255859375,1,0.114941120147705,228791fb499afffb54b46200aca536f79142f117,0b252757d18c79a6a6ca319df6f813e337d41c571b34f1cd538cb138a0153cc0
693,103,autopareto-seed42-20260727,16,autopareto,42,bf16,cached_decode,headline,256,256,1,6,0,4.58869989961386,55789.2225685848,1.0507874796167,242.675141212205,113.321388244629,160.0,0.625,0.62255859375,1,0.114941120147705,228791fb499afffb54b46200aca536f79142f117,0b252757d18c79a6a6ca319df6f813e337d41c571b34f1cd538cb138a0153cc0
694,103,autopareto-seed42-20260727,16,autopareto,42,bf16,cached_decode,headline,256,256,1,7,0,4.34892438352108,58865.1301848415,1.04717336036265,243.512688206364,113.321388244629,160.0,0.625,0.62255859375,1,0.114941120147705,228791fb499afffb54b46200aca536f79142f117,0b252757d18c79a6a6ca319df6f813e337d41c571b34f1cd538cb138a0153cc0
695,103,autopareto-seed42-20260727,16,autopareto,42,bf16,cached_decode,headline,256,256,1,8,0,4.28416393697262,59754.9495692037,1.04613498877734,243.754393778597,113.321388244629,160.0,0.625,0.62255859375,1,0.114941120147705,228791fb499afffb54b46200aca536f79142f117,0b252757d18c79a6a6ca319df6f813e337d41c571b34f1cd538cb138a0153cc0
696,103,autopareto-seed42-20260727,16,autopareto,42,bf16,cached_decode,headline,256,256,1,9,0,4.93222568184137,51903.545480998,1.15870683733374,220.072922488981,113.321388244629,160.0,0.625,0.62255859375,1,0.114941120147705,228791fb499afffb54b46200aca536f79142f117,0b252757d18c79a6a6ca319df6f813e337d41c571b34f1cd538cb138a0153cc0
697,104,autopareto-seed42-20260727,17,autopareto,42,bf16,cached_decode,headline,256,256,1,0,1,,,,,,,,,,,228791fb499afffb54b46200aca536f79142f117,0b252757d18c79a6a6ca319df6f813e337d41c571b34f1cd538cb138a0153cc0
698,104,autopareto-seed42-20260727,17,autopareto,42,bf16,cached_decode,headline,256,256,1,1,1,,,,,,,,,,,228791fb499afffb54b46200aca536f79142f117,0b252757d18c79a6a6ca319df6f813e337d41c571b34f1cd538cb138a0153cc0
699,104,autopareto-seed42-20260727,17,autopareto,42,bf16,cached_decode,headline,256,256,1,0,0,4.40373737365007,58132.440306678,1.01572572439909,251.05202504432,74.5047912597656,96.0,0.5,0.498046875,1,0.131339624524117,228791fb499afffb54b46200aca536f79142f117,0b252757d18c79a6a6ca319df6f813e337d41c571b34f1cd538cb138a0153cc0
700,104,autopareto-seed42-20260727,17,autopareto,42,bf16,cached_decode,headline,256,256,1,1,0,4.13830019533634,61861.1477940869,0.993327612057328,256.712887978476,74.5086975097656,96.0,0.5,0.498046875,1,0.131339624524117,228791fb499afffb54b46200aca536f79142f117,0b252757d18c79a6a6ca319df6f813e337d41c571b34f1cd538cb138a0153cc0
701,104,autopareto-seed42-20260727,17,autopareto,42,bf16,cached_decode,headline,256,256,1,2,0,4.08228393644094,62709.9937157209,0.875862585380673,291.141560624113,74.5086975097656,96.0,0.5,0.498046875,1,0.131339624524117,228791fb499afffb54b46200aca536f79142f117,0b252757d18c79a6a6ca319df6f813e337d41c571b34f1cd538cb138a0153cc0
702,104,autopareto-seed42-20260727,17,autopareto,42,bf16,cached_decode,headline,256,256,1,3,0,3.57344001531601,71639.6522406327,0.842132621444762,302.802662557499,74.5086975097656,96.0,0.5,0.498046875,1,0.131339624524117,228791fb499afffb54b46200aca536f79142f117,0b252757d18c79a6a6ca319df6f813e337d41c571b34f1cd538cb138a0153cc0
703,104,autopareto-seed42-20260727,17,autopareto,42,bf16,cached_decode,headline,256,256,1,4,0,3.4988634288311,73166.6168763622,0.837913952767849,304.327191542363,74.5086975097656,96.0,0.5,0.498046875,1,0.131339624524117,228791fb499afffb54b46200aca536f79142f117,0b252757d18c79a6a6ca319df6f813e337d41c571b34f1cd538cb138a0153cc0
704,104,autopareto-seed42-20260727,17,autopareto,42,bf16,cached_decode,headline,256,256,1,5,0,3.50549817085266,73028.1368076514,0.843758958391845,302.219013456183,74.5086975097656,96.0,0.5,0.498046875,1,0.131339624524117,228791fb499afffb54b46200aca536f79142f117,0b252757d18c79a6a6ca319df6f813e337d41c571b34f1cd538cb138a0153cc0
705,104,autopareto-seed42-20260727,17,autopareto,42,bf16,cached_decode,headline,256,256,1,6,0,3.50590702146292,73019.6204385302,0.839758345857263,303.658786194836,74.5086975097656,96.0,0.5,0.498046875,1,0.131339624524117,228791fb499afffb54b46200aca536f79142f117,0b252757d18c79a6a6ca319df6f813e337d41c571b34f1cd538cb138a0153cc0
706,104,autopareto-seed42-20260727,17,autopareto,42,bf16,cached_decode,headline,256,256,1,7,0,3.49973328411579,73148.4313853015,0.841601361520588,302.993806401728,74.5086975097656,96.0,0.5,0.498046875,1,0.131339624524117,228791fb499afffb54b46200aca536f79142f117,0b252757d18c79a6a6ca319df6f813e337d41c571b34f1cd538cb138a0153cc0
707,104,autopareto-seed42-20260727,17,autopareto,42,bf16,cached_decode,headline,256,256,1,8,0,3.51954717189074,72736.6298836888,0.842502986080945,302.669550390769,74.5086975097656,96.0,0.5,0.498046875,1,0.131339624524117,228791fb499afffb54b46200aca536f79142f117,0b252757d18c79a6a6ca319df6f813e337d41c571b34f1cd538cb138a0153cc0
708,104,autopareto-seed42-20260727,17,autopareto,42,bf16,cached_decode,headline,256,256,1,9,0,3.49859427660704,73172.245696426,0.849834484048188,300.058428772279,74.5086975097656,96.0,0.5,0.498046875,1,0.131339624524117,228791fb499afffb54b46200aca536f79142f117,0b252757d18c79a6a6ca319df6f813e337d41c571b34f1cd538cb138a0153cc0
709,105,autopareto-seed42-20260727,18,autopareto,42,bf16,cached_decode,headline,256,256,1,0,1,,,,,,,,,,,228791fb499afffb54b46200aca536f79142f117,0b252757d18c79a6a6ca319df6f813e337d41c571b34f1cd538cb138a0153cc0
710,105,autopareto-seed42-20260727,18,autopareto,42,bf16,cached_decode,headline,256,256,1,1,1,,,,,,,,,,,228791fb499afffb54b46200aca536f79142f117,0b252757d18c79a6a6ca319df6f813e337d41c571b34f1cd538cb138a0153cc0
711,105,autopareto-seed42-20260727,18,autopareto,42,bf16,cached_decode,headline,256,256,1,0,0,4.50136791914701,56871.6009440327,0.875129912979901,291.385308875685,74.5047912597656,96.0,0.5,0.498046875,1,0.152641773223877,228791fb499afffb54b46200aca536f79142f117,0b252757d18c79a6a6ca319df6f813e337d41c571b34f1cd538cb138a0153cc0
712,105,autopareto-seed42-20260727,18,autopareto,42,bf16,cached_decode,headline,256,256,1,1,0,3.88852320611477,65834.7620498794,0.857722793705761,297.298849781386,74.5086975097656,96.0,0.5,0.498046875,1,0.152641773223877,228791fb499afffb54b46200aca536f79142f117,0b252757d18c79a6a6ca319df6f813e337d41c571b34f1cd538cb138a0153cc0
713,105,autopareto-seed42-20260727,18,autopareto,42,bf16,cached_decode,headline,256,256,1,2,0,3.74330766499043,68388.7147172699,0.854246245697141,298.50877458864,74.5086975097656,96.0,0.5,0.498046875,1,0.152641773223877,228791fb499afffb54b46200aca536f79142f117,0b252757d18c79a6a6ca319df6f813e337d41c571b34f1cd538cb138a0153cc0
714,105,autopareto-seed42-20260727,18,autopareto,42,bf16,cached_decode,headline,256,256,1,3,0,4.18112892657518,61227.4829347807,0.868018380366266,293.772581051108,74.5086975097656,96.0,0.5,0.498046875,1,0.152641773223877,228791fb499afffb54b46200aca536f79142f117,0b252757d18c79a6a6ca319df6f813e337d41c571b34f1cd538cb138a0153cc0
715,105,autopareto-seed42-20260727,18,autopareto,42,bf16,cached_decode,headline,256,256,1,4,0,4.14549373090267,61753.8022290668,0.853298262692988,298.840406864566,74.5086975097656,96.0,0.5,0.498046875,1,0.152641773223877,228791fb499afffb54b46200aca536f79142f117,0b252757d18c79a6a6ca319df6f813e337d41c571b34f1cd538cb138a0153cc0
716,105,autopareto-seed42-20260727,18,autopareto,42,bf16,cached_decode,headline,256,256,1,5,0,4.14569303393364,61750.8334323283,0.871129623614252,292.723370997331,74.5086975097656,96.0,0.5,0.498046875,1,0.152641773223877,228791fb499afffb54b46200aca536f79142f117,0b252757d18c79a6a6ca319df6f813e337d41c571b34f1cd538cb138a0153cc0
717,105,autopareto-seed42-20260727,18,autopareto,42,bf16,cached_decode,headline,256,256,1,6,0,3.8698511198163,66152.4157064089,0.85910660866648,296.819972547779,74.5086975097656,96.0,0.5,0.498046875,1,0.152641773223877,228791fb499afffb54b46200aca536f79142f117,0b252757d18c79a6a6ca319df6f813e337d41c571b34f1cd538cb138a0153cc0
718,105,autopareto-seed42-20260727,18,autopareto,42,bf16,cached_decode,headline,256,256,1,7,0,4.19787690043449,60983.2079576948,0.85691708419472,297.578382673551,74.5086975097656,96.0,0.5,0.498046875,1,0.152641773223877,228791fb499afffb54b46200aca536f79142f117,0b252757d18c79a6a6ca319df6f813e337d41c571b34f1cd538cb138a0153cc0
719,105,autopareto-seed42-20260727,18,autopareto,42,bf16,cached_decode,headline,256,256,1,8,0,3.97288985550404,64436.7222125068,0.852120837196708,299.253332237356,74.5086975097656,96.0,0.5,0.498046875,1,0.152641773223877,228791fb499afffb54b46200aca536f79142f117,0b252757d18c79a6a6ca319df6f813e337d41c571b34f1cd538cb138a0153cc0
720,105,autopareto-seed42-20260727,18,autopareto,42,bf16,cached_decode,headline,256,256,1,9,0,3.73661145567894,68511.2709834812,0.874411473982036,291.624718553543,74.5086975097656,96.0,0.5,0.498046875,1,0.152641773223877,228791fb499afffb54b46200aca536f79142f117,0b252757d18c79a6a6ca319df6f813e337d41c571b34f1cd538cb138a0153cc0
721,106,autopareto-seed42-20260727,19,autopareto,42,bf16,cached_decode,headline,256,256,1,0,1,,,,,,,,,,,228791fb499afffb54b46200aca536f79142f117,0b252757d18c79a6a6ca319df6f813e337d41c571b34f1cd538cb138a0153cc0
722,106,autopareto-seed42-20260727,19,autopareto,42,bf16,cached_decode,headline,256,256,1,1,1,,,,,,,,,,,228791fb499afffb54b46200aca536f79142f117,0b252757d18c79a6a6ca319df6f813e337d41c571b34f1cd538cb138a0153cc0
723,106,autopareto-seed42-20260727,19,autopareto,42,bf16,cached_decode,headline,256,256,1,0,0,7.69745744764805,33257.735004202,1.46275148633868,174.328997359815,150.411430358887,192.0,0.4375,0.435791015625,1,0.16288423538208,228791fb499afffb54b46200aca536f79142f117,0b252757d18c79a6a6ca319df6f813e337d41c571b34f1cd538cb138a0153cc0
724,106,autopareto-seed42-20260727,19,autopareto,42,bf16,cached_decode,headline,256,256,1,1,0,5.91118447482586,43307.7331777134,1.45086058508605,175.757755515067,150.415336608887,192.0,0.4375,0.435791015625,1,0.16288423538208,228791fb499afffb54b46200aca536f79142f117,0b252757d18c79a6a6ca319df6f813e337d41c571b34f1cd538cb138a0153cc0
725,106,autopareto-seed42-20260727,19,autopareto,42,bf16,cached_decode,headline,256,256,1,2,0,6.41851779073477,39884.5977134378,1.45647009834647,175.080834333297,150.415336608887,192.0,0.4375,0.435791015625,1,0.16288423538208,228791fb499afffb54b46200aca536f79142f117,0b252757d18c79a6a6ca319df6f813e337d41c571b34f1cd538cb138a0153cc0
726,106,autopareto-seed42-20260727,19,autopareto,42,bf16,cached_decode,headline,256,256,1,3,0,6.62153773009777,38661.7143078969,1.46240011230111,174.370883765014,150.415336608887,192.0,0.4375,0.435791015625,1,0.16288423538208,228791fb499afffb54b46200aca536f79142f117,0b252757d18c79a6a6ca319df6f813e337d41c571b34f1cd538cb138a0153cc0
727,106,autopareto-seed42-20260727,19,autopareto,42,bf16,cached_decode,headline,256,256,1,4,0,7.06931576132774,36212.8399187418,1.46363563928753,174.223688707204,150.415336608887,192.0,0.4375,0.435791015625,1,0.16288423538208,228791fb499afffb54b46200aca536f79142f117,0b252757d18c79a6a6ca319df6f813e337d41c571b34f1cd538cb138a0153cc0
728,106,autopareto-seed42-20260727,19,autopareto,42,bf16,cached_decode,headline,256,256,1,5,0,6.63118902593851,38605.4445135906,1.46456743497401,174.112843089758,150.415336608887,192.0,0.4375,0.435791015625,1,0.16288423538208,228791fb499afffb54b46200aca536f79142f117,0b252757d18c79a6a6ca319df6f813e337d41c571b34f1cd538cb138a0153cc0
729,106,autopareto-seed42-20260727,19,autopareto,42,bf16,cached_decode,headline,256,256,1,6,0,6.31939899176359,40510.181479862,1.45035510510206,175.819010877378,150.415336608887,192.0,0.4375,0.435791015625,1,0.16288423538208,228791fb499afffb54b46200aca536f79142f117,0b252757d18c79a6a6ca319df6f813e337d41c571b34f1cd538cb138a0153cc0
730,106,autopareto-seed42-20260727,19,autopareto,42,bf16,cached_decode,headline,256,256,1,7,0,7.87013582885265,32528.0281772876,1.46366551145911,174.220132949497,150.415336608887,192.0,0.4375,0.435791015625,1,0.16288423538208,228791fb499afffb54b46200aca536f79142f117,0b252757d18c79a6a6ca319df6f813e337d41c571b34f1cd538cb138a0153cc0
731,106,autopareto-seed42-20260727,19,autopareto,42,bf16,cached_decode,headline,256,256,1,8,0,6.00554887205362,42627.2444790645,1.45540563482791,175.208886030011,150.415336608887,192.0,0.4375,0.435791015625,1,0.16288423538208,228791fb499afffb54b46200aca536f79142f117,0b252757d18c79a6a6ca319df6f813e337d41c571b34f1cd538cb138a0153cc0
732,106,autopareto-seed42-20260727,19,autopareto,42,bf16,cached_decode,headline,256,256,1,9,0,7.95555859804153,32178.7586434246,1.48080642148852,172.203467178155,150.415336608887,192.0,0.4375,0.435791015625,1,0.16288423538208,228791fb499afffb54b46200aca536f79142f117,0b252757d18c79a6a6ca319df6f813e337d41c571b34f1cd538cb138a0153cc0
733,107,autopareto-seed42-20260727,20,autopareto,42,bf16,cached_decode,headline,256,256,1,0,1,,,,,,,,,,,228791fb499afffb54b46200aca536f79142f117,0b252757d18c79a6a6ca319df6f813e337d41c571b34f1cd538cb138a0153cc0
734,107,autopareto-seed42-20260727,20,autopareto,42,bf16,cached_decode,headline,256,256,1,1,1,,,,,,,,,,,228791fb499afffb54b46200aca536f79142f117,0b252757d18c79a6a6ca319df6f813e337d41c571b34f1cd538cb138a0153cc0
735,107,autopareto-seed42-20260727,20,autopareto,42,bf16,cached_decode,headline,256,256,1,0,0,7.35005829483271,34829.655729394,1.58944520354271,160.433338268996,249.882385253906,288.0,4.0,3.984375,1,0.154696464538574,228791fb499afffb54b46200aca536f79142f117,0b252757d18c79a6a6ca319df6f813e337d41c571b34f1cd538cb138a0153cc0
736,107,autopareto-seed42-20260727,20,autopareto,42,bf16,cached_decode,headline,256,256,1,1,0,6.22978247702122,41092.9275531313,1.57926311437041,161.467710908742,249.886291503906,288.0,4.0,3.984375,1,0.154696464538574,228791fb499afffb54b46200aca536f79142f117,0b252757d18c79a6a6ca319df6f813e337d41c571b34f1cd538cb138a0153cc0
737,107,autopareto-seed42-20260727,20,autopareto,42,bf16,cached_decode,headline,256,256,1,2,0,6.11015502363443,41897.4639775549,1.58543592318892,160.83904512968,249.886291503906,288.0,4.0,3.984375,1,0.154696464538574,228791fb499afffb54b46200aca536f79142f117,0b252757d18c79a6a6ca319df6f813e337d41c571b34f1cd538cb138a0153cc0
738,107,autopareto-seed42-20260727,20,autopareto,42,bf16,cached_decode,headline,256,256,1,3,0,6.47448375821114,39539.8319866558,1.58451322466135,160.932705408312,249.886291503906,288.0,4.0,3.984375,1,0.154696464538574,228791fb499afffb54b46200aca536f79142f117,0b252757d18c79a6a6ca319df6f813e337d41c571b34f1cd538cb138a0153cc0
739,107,autopareto-seed42-20260727,20,autopareto,42,bf16,cached_decode,headline,256,256,1,4,0,6.30267802625895,40617.6547387354,1.59830904658884,159.543613010406,249.886291503906,288.0,4.0,3.984375,1,0.154696464538574,228791fb499afffb54b46200aca536f79142f117,0b252757d18c79a6a6ca319df6f813e337d41c571b34f1cd538cb138a0153cc0
740,107,autopareto-seed42-20260727,20,autopareto,42,bf16,cached_decode,headline,256,256,1,5,0,6.15677516907454,41580.2092767472,1.57907931692898,161.486504994523,249.886291503906,288.0,4.0,3.984375,1,0.154696464538574,228791fb499afffb54b46200aca536f79142f117,0b252757d18c79a6a6ca319df6f813e337d41c571b34f1cd538cb138a0153cc0
741,107,autopareto-seed42-20260727,20,autopareto,42,bf16,cached_decode,headline,256,256,1,6,0,6.20243046432734,41274.1426884765,1.58469378761947,160.91436843648,249.886291503906,288.0,4.0,3.984375,1,0.154696464538574,228791fb499afffb54b46200aca536f79142f117,0b252757d18c79a6a6ca319df6f813e337d41c571b34f1cd538cb138a0153cc0
742,107,autopareto-seed42-20260727,20,autopareto,42,bf16,cached_decode,headline,256,256,1,7,0,6.66787568479776,38393.0373182661,1.62184003088623,157.228823523772,249.886291503906,288.0,4.0,3.984375,1,0.154696464538574,228791fb499afffb54b46200aca536f79142f117,0b252757d18c79a6a6ca319df6f813e337d41c571b34f1cd538cb138a0153cc0
743,107,autopareto-seed42-20260727,20,autopareto,42,bf16,cached_decode,headline,256,256,1,8,0,7.42229819297791,34490.6649320822,1.62916614022106,156.521789708568,249.886291503906,288.0,4.0,3.984375,1,0.154696464538574,228791fb499afffb54b46200aca536f79142f117,0b252757d18c79a6a6ca319df6f813e337d41c571b34f1cd538cb138a0153cc0
744,107,autopareto-seed42-20260727,20,autopareto,42,bf16,cached_decode,headline,256,256,1,9,0,6.21551368385553,41187.2635185321,1.61158291902393,158.229525139447,249.886291503906,288.0,4.0,3.984375,1,0.154696464538574,228791fb499afffb54b46200aca536f79142f117,0b252757d18c79a6a6ca319df6f813e337d41c571b34f1cd538cb138a0153cc0
745,108,autopareto-seed42-20260727,21,autopareto,42,bf16,cached_decode,headline,256,256,1,0,1,,,,,,,,,,,228791fb499afffb54b46200aca536f79142f117,0b252757d18c79a6a6ca319df6f813e337d41c571b34f1cd538cb138a0153cc0
746,108,autopareto-seed42-20260727,21,autopareto,42,bf16,cached_decode,headline,256,256,1,1,1,,,,,,,,,,,228791fb499afffb54b46200aca536f79142f117,0b252757d18c79a6a6ca319df6f813e337d41c571b34f1cd538cb138a0153cc0
747,108,autopareto-seed42-20260727,21,autopareto,42,bf16,cached_decode,headline,256,256,1,0,0,6.50408957153559,39359.8515494551,1.44089146610349,176.973773527564,189.005180358887,256.0,0.875,0.87158203125,1,0.103604555130005,228791fb499afffb54b46200aca536f79142f117,0b252757d18c79a6a6ca319df6f813e337d41c571b34f1cd538cb138a0153cc0
748,108,autopareto-seed42-20260727,21,autopareto,42,bf16,cached_decode,headline,256,256,1,1,0,5.8783208951354,43549.8511508367,1.42847055383027,178.51260518899,189.009086608887,256.0,0.875,0.87158203125,1,0.103604555130005,228791fb499afffb54b46200aca536f79142f117,0b252757d18c79a6a6ca319df6f813e337d41c571b34f1cd538cb138a0153cc0
749,108,autopareto-seed42-20260727,21,autopareto,42,bf16,cached_decode,headline,256,256,1,2,0,6.0254130512476,42486.7138273606,1.43586982786655,177.592700292954,189.009086608887,256.0,0.875,0.87158203125,1,0.103604555130005,228791fb499afffb54b46200aca536f79142f117,0b252757d18c79a6a6ca319df6f813e337d41c571b34f1cd538cb138a0153cc0
750,108,autopareto-seed42-20260727,21,autopareto,42,bf16,cached_decode,headline,256,256,1,3,0,6.06293231248856,42223.7931755705,1.43042253237218,178.269003898529,189.009086608887,256.0,0.875,0.87158203125,1,0.103604555130005,228791fb499afffb54b46200aca536f79142f117,0b252757d18c79a6a6ca319df6f813e337d41c571b34f1cd538cb138a0153cc0
751,108,autopareto-seed42-20260727,21,autopareto,42,bf16,cached_decode,headline,256,256,1,4,0,6.01824931800365,42537.2872529846,1.43081251252443,178.22041516124,189.009086608887,256.0,0.875,0.87158203125,1,0.103604555130005,228791fb499afffb54b46200aca536f79142f117,0b252757d18c79a6a6ca319df6f813e337d41c571b34f1cd538cb138a0153cc0
752,108,autopareto-seed42-20260727,21,autopareto,42,bf16,cached_decode,headline,256,256,1,5,0,5.9459526091814,43054.4972061666,1.42434163484722,179.030082222761,189.009086608887,256.0,0.875,0.87158203125,1,0.103604555130005,228791fb499afffb54b46200aca536f79142f117,0b252757d18c79a6a6ca319df6f813e337d41c571b34f1cd538cb138a0153cc0
753,108,autopareto-seed42-20260727,21,autopareto,42,bf16,cached_decode,headline,256,256,1,6,0,5.86957857012749,43614.7155952356,1.4350506067276,177.694081870385,189.009086608887,256.0,0.875,0.87158203125,1,0.103604555130005,228791fb499afffb54b46200aca536f79142f117,0b252757d18c79a6a6ca319df6f813e337d41c571b34f1cd538cb138a0153cc0
754,108,autopareto-seed42-20260727,21,autopareto,42,bf16,cached_decode,headline,256,256,1,7,0,5.97368273884058,42854.6361083927,1.42453754507005,179.005461023114,189.009086608887,256.0,0.875,0.87158203125,1,0.103604555130005,228791fb499afffb54b46200aca536f79142f117,0b252757d18c79a6a6ca319df6f813e337d41c571b34f1cd538cb138a0153cc0
755,108,autopareto-seed42-20260727,21,autopareto,42,bf16,cached_decode,headline,256,256,1,8,0,8.7268128991127,29334.8789483076,1.43948914110661,177.146178264304,189.009086608887,256.0,0.875,0.87158203125,1,0.103604555130005,228791fb499afffb54b46200aca536f79142f117,0b252757d18c79a6a6ca319df6f813e337d41c571b34f1cd538cb138a0153cc0
756,108,autopareto-seed42-20260727,21,autopareto,42,bf16,cached_decode,headline,256,256,1,9,0,5.90204447507858,43374.8002206628,1.42830262612551,178.533593186568,189.009086608887,256.0,0.875,0.87158203125,1,0.103604555130005,228791fb499afffb54b46200aca536f79142f117,0b252757d18c79a6a6ca319df6f813e337d41c571b34f1cd538cb138a0153cc0
757,109,autopareto-seed42-20260727,22,autopareto,42,bf16,cached_decode,headline,256,256,1,0,1,,,,,,,,,,,228791fb499afffb54b46200aca536f79142f117,0b252757d18c79a6a6ca319df6f813e337d41c571b34f1cd538cb138a0153cc0
758,109,autopareto-seed42-20260727,22,autopareto,42,bf16,cached_decode,headline,256,256,1,1,1,,,,,,,,,,,228791fb499afffb54b46200aca536f79142f117,0b252757d18c79a6a6ca319df6f813e337d41c571b34f1cd538cb138a0153cc0
759,109,autopareto-seed42-20260727,22,autopareto,42,bf16,cached_decode,headline,256,256,1,0,0,8.4752170369029,30205.7161350938,1.84874092880636,137.931711267214,249.882385253906,320.0,4.0,3.984375,1,0.130522847175598,228791fb499afffb54b46200aca536f79142f117,0b252757d18c79a6a6ca319df6f813e337d41c571b34f1cd538cb138a0153cc0
760,109,autopareto-seed42-20260727,22,autopareto,42,bf16,cached_decode,headline,256,256,1,1,0,7.44449440389872,34387.8289257537,1.6807319149375,151.719615563725,249.886291503906,320.0,4.0,3.984375,1,0.130522847175598,228791fb499afffb54b46200aca536f79142f117,0b252757d18c79a6a6ca319df6f813e337d41c571b34f1cd538cb138a0153cc0
761,109,autopareto-seed42-20260727,22,autopareto,42,bf16,cached_decode,headline,256,256,1,2,0,7.36294221132994,34768.7096614819,1.68966804631054,150.917217471682,249.886291503906,320.0,4.0,3.984375,1,0.130522847175598,228791fb499afffb54b46200aca536f79142f117,0b252757d18c79a6a6ca319df6f813e337d41c571b34f1cd538cb138a0153cc0
762,109,autopareto-seed42-20260727,22,autopareto,42,bf16,cached_decode,headline,256,256,1,3,0,6.72767125070095,38051.7998666073,1.6804716642946,151.743112019113,249.886291503906,320.0,4.0,3.984375,1,0.130522847175598,228791fb499afffb54b46200aca536f79142f117,0b252757d18c79a6a6ca319df6f813e337d41c571b34f1cd538cb138a0153cc0
763,109,autopareto-seed42-20260727,22,autopareto,42,bf16,cached_decode,headline,256,256,1,4,0,6.7488169297576,37932.5743555463,1.93325533065945,131.901873464907,249.886291503906,320.0,4.0,3.984375,1,0.130522847175598,228791fb499afffb54b46200aca536f79142f117,0b252757d18c79a6a6ca319df6f813e337d41c571b34f1cd538cb138a0153cc0
764,109,autopareto-seed42-20260727,22,autopareto,42,bf16,cached_decode,headline,256,256,1,5,0,7.2759110480547,35184.5972702545,1.8187011629343,140.209950483883,249.886291503906,320.0,4.0,3.984375,1,0.130522847175598,228791fb499afffb54b46200aca536f79142f117,0b252757d18c79a6a6ca319df6f813e337d41c571b34f1cd538cb138a0153cc0
765,109,autopareto-seed42-20260727,22,autopareto,42,bf16,cached_decode,headline,256,256,1,6,0,7.2296904399991,35409.5382263741,1.81767376419157,140.289200968588,249.886291503906,320.0,4.0,3.984375,1,0.130522847175598,228791fb499afffb54b46200aca536f79142f117,0b252757d18c79a6a6ca319df6f813e337d41c571b34f1cd538cb138a0153cc0
766,109,autopareto-seed42-20260727,22,autopareto,42,bf16,cached_decode,headline,256,256,1,7,0,6.11454993486404,41867.349637679,1.54668884538114,164.86832549514,249.886291503906,320.0,4.0,3.984375,1,0.130522847175598,228791fb499afffb54b46200aca536f79142f117,0b252757d18c79a6a6ca319df6f813e337d41c571b34f1cd538cb138a0153cc0
767,109,autopareto-seed42-20260727,22,autopareto,42,bf16,cached_decode,headline,256,256,1,8,0,5.99878560751677,42675.3040947521,1.54506837576628,165.041239597913,249.886291503906,320.0,4.0,3.984375,1,0.130522847175598,228791fb499afffb54b46200aca536f79142f117,0b252757d18c79a6a6ca319df6f813e337d41c571b34f1cd538cb138a0153cc0
768,109,autopareto-seed42-20260727,22,autopareto,42,bf16,cached_decode,headline,256,256,1,9,0,6.01297244429588,42574.6171916771,1.54072812199593,165.506163196179,249.886291503906,320.0,4.0,3.984375,1,0.130522847175598,228791fb499afffb54b46200aca536f79142f117,0b252757d18c79a6a6ca319df6f813e337d41c571b34f1cd538cb138a0153cc0
769,110,autopareto-seed42-20260727,23,autopareto,42,bf16,cached_decode,headline,256,256,1,0,1,,,,,,,,,,,228791fb499afffb54b46200aca536f79142f117,0b252757d18c79a6a6ca319df6f813e337d41c571b34f1cd538cb138a0153cc0
770,110,autopareto-seed42-20260727,23,autopareto,42,bf16,cached_decode,headline,256,256,1,1,1,,,,,,,,,,,228791fb499afffb54b46200aca536f79142f117,0b252757d18c79a6a6ca319df6f813e337d41c571b34f1cd538cb138a0153cc0
771,110,autopareto-seed42-20260727,23,autopareto,42,bf16,cached_decode,headline,256,256,1,0,0,6.85851462185383,37325.8663303402,1.56998249981552,162.422192623143,249.882385253906,288.0,4.0,3.984375,1,0.16674542427063,228791fb499afffb54b46200aca536f79142f117,0b252757d18c79a6a6ca319df6f813e337d41c571b34f1cd538cb138a0153cc0
772,110,autopareto-seed42-20260727,23,autopareto,42,bf16,cached_decode,headline,256,256,1,1,0,6.23841304332018,41036.0773200347,1.55965718068182,163.497468006734,249.886291503906,288.0,4.0,3.984375,1,0.16674542427063,228791fb499afffb54b46200aca536f79142f117,0b252757d18c79a6a6ca319df6f813e337d41c571b34f1cd538cb138a0153cc0
773,110,autopareto-seed42-20260727,23,autopareto,42,bf16,cached_decode,headline,256,256,1,2,0,7.34416022896767,34857.627287359,1.5727016441524,162.141370518774,249.886291503906,288.0,4.0,3.984375,1,0.16674542427063,228791fb499afffb54b46200aca536f79142f117,0b252757d18c79a6a6ca319df6f813e337d41c571b34f1cd538cb138a0153cc0
774,110,autopareto-seed42-20260727,23,autopareto,42,bf16,cached_decode,headline,256,256,1,3,0,6.25517871230841,40926.0888895572,1.57019534520805,162.400175734958,249.886291503906,288.0,4.0,3.984375,1,0.16674542427063,228791fb499afffb54b46200aca536f79142f117,0b252757d18c79a6a6ca319df6f813e337d41c571b34f1cd538cb138a0153cc0
775,110,autopareto-seed42-20260727,23,autopareto,42,bf16,cached_decode,headline,256,256,1,4,0,6.28275796771049,40746.4367266226,1.57679857406765,161.720085363966,249.886291503906,288.0,4.0,3.984375,1,0.16674542427063,228791fb499afffb54b46200aca536f79142f117,0b252757d18c79a6a6ca319df6f813e337d41c571b34f1cd538cb138a0153cc0
776,110,autopareto-seed42-20260727,23,autopareto,42,bf16,cached_decode,headline,256,256,1,5,0,6.27752579748631,40780.3979240531,1.5621883822605,163.232554342142,249.886291503906,288.0,4.0,3.984375,1,0.16674542427063,228791fb499afffb54b46200aca536f79142f117,0b252757d18c79a6a6ca319df6f813e337d41c571b34f1cd538cb138a0153cc0
777,110,autopareto-seed42-20260727,23,autopareto,42,bf16,cached_decode,headline,256,256,1,6,0,6.27414043992758,40802.4019307663,1.57025858014822,162.39363581502,249.886291503906,288.0,4.0,3.984375,1,0.16674542427063,228791fb499afffb54b46200aca536f79142f117,0b252757d18c79a6a6ca319df6f813e337d41c571b34f1cd538cb138a0153cc0
778,110,autopareto-seed42-20260727,23,autopareto,42,bf16,cached_decode,headline,256,256,1,7,0,6.42834976315498,39823.5953910444,1.56507373414934,162.931620687251,249.886291503906,288.0,4.0,3.984375,1,0.16674542427063,228791fb499afffb54b46200aca536f79142f117,0b252757d18c79a6a6ca319df6f813e337d41c571b34f1cd538cb138a0153cc0
779,110,autopareto-seed42-20260727,23,autopareto,42,bf16,cached_decode,headline,256,256,1,8,0,7.45611824095249,34334.2194593868,1.6007504472509,159.30028346263,249.886291503906,288.0,4.0,3.984375,1,0.16674542427063,228791fb499afffb54b46200aca536f79142f117,0b252757d18c79a6a6ca319df6f813e337d41c571b34f1cd538cb138a0153cc0
780,110,autopareto-seed42-20260727,23,autopareto,42,bf16,cached_decode,headline,256,256,1,9,0,6.451815366745,39678.754807448,1.56109192036092,163.347203757895,249.886291503906,288.0,4.0,3.984375,1,0.16674542427063,228791fb499afffb54b46200aca536f79142f117,0b252757d18c79a6a6ca319df6f813e337d41c571b34f1cd538cb138a0153cc0
781,111,autopareto-seed42-20260727,24,autopareto,42,bf16,cached_decode,headline,256,256,1,0,1,,,,,,,,,,,228791fb499afffb54b46200aca536f79142f117,0b252757d18c79a6a6ca319df6f813e337d41c571b34f1cd538cb138a0153cc0
782,111,autopareto-seed42-20260727,24,autopareto,42,bf16,cached_decode,headline,256,256,1,1,1,,,,,,,,,,,228791fb499afffb54b46200aca536f79142f117,0b252757d18c79a6a6ca319df6f813e337d41c571b34f1cd538cb138a0153cc0
783,111,autopareto-seed42-20260727,24,autopareto,42,bf16,cached_decode,headline,256,256,1,0,0,6.80804159492254,37602.5904704997,1.60228961519897,159.147258760917,249.882385253906,288.0,4.0,3.984375,1,0.108783721923828,228791fb499afffb54b46200aca536f79142f117,0b252757d18c79a6a6ca319df6f813e337d41c571b34f1cd538cb138a0153cc0
784,111,autopareto-seed42-20260727,24,autopareto,42,bf16,cached_decode,headline,256,256,1,1,0,6.23620115220547,41050.6322281577,1.56604056525975,162.831031109149,249.886291503906,288.0,4.0,3.984375,1,0.108783721923828,228791fb499afffb54b46200aca536f79142f117,0b252757d18c79a6a6ca319df6f813e337d41c571b34f1cd538cb138a0153cc0
785,111,autopareto-seed42-20260727,24,autopareto,42,bf16,cached_decode,headline,256,256,1,2,0,6.36068638414145,40247.22876422,1.56070250086486,163.387961420381,249.886291503906,288.0,4.0,3.984375,1,0.108783721923828,228791fb499afffb54b46200aca536f79142f117,0b252757d18c79a6a6ca319df6f813e337d41c571b34f1cd538cb138a0153cc0
786,111,autopareto-seed42-20260727,24,autopareto,42,bf16,cached_decode,headline,256,256,1,3,0,7.67779164016247,33342.9209853607,1.66242154035717,153.390697731944,249.886291503906,288.0,4.0,3.984375,1,0.108783721923828,228791fb499afffb54b46200aca536f79142f117,0b252757d18c79a6a6ca319df6f813e337d41c571b34f1cd538cb138a0153cc0
787,111,autopareto-seed42-20260727,24,autopareto,42,bf16,cached_decode,headline,256,256,1,4,0,6.24575186520815,40987.8595123261,1.5973596861586,159.638434730524,249.886291503906,288.0,4.0,3.984375,1,0.108783721923828,228791fb499afffb54b46200aca536f79142f117,0b252757d18c79a6a6ca319df6f813e337d41c571b34f1cd538cb138a0153cc0
788,111,autopareto-seed42-20260727,24,autopareto,42,bf16,cached_decode,headline,256,256,1,5,0,6.26911409199238,40835.1158143688,1.58205659128726,161.182603330591,249.886291503906,288.0,4.0,3.984375,1,0.108783721923828,228791fb499afffb54b46200aca536f79142f117,0b252757d18c79a6a6ca319df6f813e337d41c571b34f1cd538cb138a0153cc0
789,111,autopareto-seed42-20260727,24,autopareto,42,bf16,cached_decode,headline,256,256,1,6,0,6.22145552188158,41147.9273780257,1.57025297358632,162.394215638772,249.886291503906,288.0,4.0,3.984375,1,0.108783721923828,228791fb499afffb54b46200aca536f79142f117,0b252757d18c79a6a6ca319df6f813e337d41c571b34f1cd538cb138a0153cc0
790,111,autopareto-seed42-20260727,24,autopareto,42,bf16,cached_decode,headline,256,256,1,7,0,6.21526502072811,41188.9113571556,1.56715619657189,162.715114522602,249.886291503906,288.0,4.0,3.984375,1,0.108783721923828,228791fb499afffb54b46200aca536f79142f117,0b252757d18c79a6a6ca319df6f813e337d41c571b34f1cd538cb138a0153cc0
791,111,autopareto-seed42-20260727,24,autopareto,42,bf16,cached_decode,headline,256,256,1,8,0,6.26988243311644,40830.1116856438,1.58151702024043,161.237594497234,249.886291503906,288.0,4.0,3.984375,1,0.108783721923828,228791fb499afffb54b46200aca536f79142f117,0b252757d18c79a6a6ca319df6f813e337d41c571b34f1cd538cb138a0153cc0
792,111,autopareto-seed42-20260727,24,autopareto,42,bf16,cached_decode,headline,256,256,1,9,0,6.36471062898636,40221.781463892,1.56509444024414,162.929465112803,249.886291503906,288.0,4.0,3.984375,1,0.108783721923828,228791fb499afffb54b46200aca536f79142f117,0b252757d18c79a6a6ca319df6f813e337d41c571b34f1cd538cb138a0153cc0
793,112,autopareto-seed42-20260727,25,autopareto,42,bf16,cached_decode,headline,256,256,1,0,1,,,,,,,,,,,228791fb499afffb54b46200aca536f79142f117,0b252757d18c79a6a6ca319df6f813e337d41c571b34f1cd538cb138a0153cc0
794,112,autopareto-seed42-20260727,25,autopareto,42,bf16,cached_decode,headline,256,256,1,1,1,,,,,,,,,,,228791fb499afffb54b46200aca536f79142f117,0b252757d18c79a6a6ca319df6f813e337d41c571b34f1cd538cb138a0153cc0
795,112,autopareto-seed42-20260727,25,autopareto,42,bf16,cached_decode,headline,256,256,1,0,0,6.90299645066261,37085.3442892074,1.57778081763536,161.619406922548,249.882385253906,288.0,4.0,3.984375,1,0.137654304504395,228791fb499afffb54b46200aca536f79142f117,0b252757d18c79a6a6ca319df6f813e337d41c571b34f1cd538cb138a0153cc0
796,112,autopareto-seed42-20260727,25,autopareto,42,bf16,cached_decode,headline,256,256,1,1,0,6.30512647330761,40601.881831199,1.56236967630684,163.21361318454,249.886291503906,288.0,4.0,3.984375,1,0.137654304504395,228791fb499afffb54b46200aca536f79142f117,0b252757d18c79a6a6ca319df6f813e337d41c571b34f1cd538cb138a0153cc0
797,112,autopareto-seed42-20260727,25,autopareto,42,bf16,cached_decode,headline,256,256,1,2,0,6.33980147540569,40379.8133101034,1.57897256687284,161.497422659489,249.886291503906,288.0,4.0,3.984375,1,0.137654304504395,228791fb499afffb54b46200aca536f79142f117,0b252757d18c79a6a6ca319df6f813e337d41c571b34f1cd538cb138a0153cc0
798,112,autopareto-seed42-20260727,25,autopareto,42,bf16,cached_decode,headline,256,256,1,3,0,6.3208844512701,40500.6612561253,1.58004376199096,161.387935026991,249.886291503906,288.0,4.0,3.984375,1,0.137654304504395,228791fb499afffb54b46200aca536f79142f117,0b252757d18c79a6a6ca319df6f813e337d41c571b34f1cd538cb138a0153cc0
799,112,autopareto-seed42-20260727,25,autopareto,42,bf16,cached_decode,headline,256,256,1,4,0,6.33745267987251,40394.7789327162,1.58752370905131,160.627522314225,249.886291503906,288.0,4.0,3.984375,1,0.137654304504395,228791fb499afffb54b46200aca536f79142f117,0b252757d18c79a6a6ca319df6f813e337d41c571b34f1cd538cb138a0153cc0
800,112,autopareto-seed42-20260727,25,autopareto,42,bf16,cached_decode,headline,256,256,1,5,0,6.27441611140966,40800.6092446561,1.56140874419361,163.314059145797,249.886291503906,288.0,4.0,3.984375,1,0.137654304504395,228791fb499afffb54b46200aca536f79142f117,0b252757d18c79a6a6ca319df6f813e337d41c571b34f1cd538cb138a0153cc0
801,112,autopareto-seed42-20260727,25,autopareto,42,bf16,cached_decode,headline,256,256,1,6,0,6.30166660994291,40624.1738647483,1.55211884807795,164.291542697118,249.886291503906,288.0,4.0,3.984375,1,0.137654304504395,228791fb499afffb54b46200aca536f79142f117,0b252757d18c79a6a6ca319df6f813e337d41c571b34f1cd538cb138a0153cc0
802,112,autopareto-seed42-20260727,25,autopareto,42,bf16,cached_decode,headline,256,256,1,7,0,6.23367168009281,41067.2895747035,1.55348899122328,164.146641167507,249.886291503906,288.0,4.0,3.984375,1,0.137654304504395,228791fb499afffb54b46200aca536f79142f117,0b252757d18c79a6a6ca319df6f813e337d41c571b34f1cd538cb138a0153cc0
803,112,autopareto-seed42-20260727,25,autopareto,42,bf16,cached_decode,headline,256,256,1,8,0,6.22416567057371,41130.010598899,1.56375145819038,163.069392302977,249.886291503906,288.0,4.0,3.984375,1,0.137654304504395,228791fb499afffb54b46200aca536f79142f117,0b252757d18c79a6a6ca319df6f813e337d41c571b34f1cd538cb138a0153cc0
804,112,autopareto-seed42-20260727,25,autopareto,42,bf16,cached_decode,headline,256,256,1,9,0,6.31195586174726,40557.9515458041,1.56999499630183,162.420899812203,249.886291503906,288.0,4.0,3.984375,1,0.137654304504395,228791fb499afffb54b46200aca536f79142f117,0b252757d18c79a6a6ca319df6f813e337d41c571b34f1cd538cb138a0153cc0
805,113,autopareto-seed0-20260731,1,autopareto,0,bf16,cached_decode,headline,256,256,1,0,1,,,,,,,,,,,b8eab2894a5f2592a3a6e80b74e9c39ced80d67e,0b252757d18c79a6a6ca319df6f813e337d41c571b34f1cd538cb138a0153cc0
806,113,autopareto-seed0-20260731,1,autopareto,0,bf16,cached_decode,headline,256,256,1,1,1,,,,,,,,,,,b8eab2894a5f2592a3a6e80b74e9c39ced80d67e,0b252757d18c79a6a6ca319df6f813e337d41c571b34f1cd538cb138a0153cc0
807,113,autopareto-seed0-20260731,1,autopareto,0,bf16,cached_decode,headline,256,256,1,0,0,6.69958256185055,38211.3359506518,1.53824773617089,165.773037725876,249.882385253906,320.0,4.0,3.984375,1,0.10796070098877,b8eab2894a5f2592a3a6e80b74e9c39ced80d67e,0b252757d18c79a6a6ca319df6f813e337d41c571b34f1cd538cb138a0153cc0
808,113,autopareto-seed0-20260731,1,autopareto,0,bf16,cached_decode,headline,256,256,1,1,0,6.14738091826439,41643.7509573227,1.53426430374384,166.20343664241,249.886291503906,320.0,4.0,3.984375,1,0.10796070098877,b8eab2894a5f2592a3a6e80b74e9c39ced80d67e,0b252757d18c79a6a6ca319df6f813e337d41c571b34f1cd538cb138a0153cc0
809,113,autopareto-seed0-20260731,1,autopareto,0,bf16,cached_decode,headline,256,256,1,2,0,6.52995146811008,39203.9667140271,1.55131821893156,164.376332907137,249.886291503906,320.0,4.0,3.984375,1,0.10796070098877,b8eab2894a5f2592a3a6e80b74e9c39ced80d67e,0b252757d18c79a6a6ca319df6f813e337d41c571b34f1cd538cb138a0153cc0
810,113,autopareto-seed0-20260731,1,autopareto,0,bf16,cached_decode,headline,256,256,1,3,0,6.42821192741394,39824.4493010965,1.54644977301359,164.893813203566,249.886291503906,320.0,4.0,3.984375,1,0.10796070098877,b8eab2894a5f2592a3a6e80b74e9c39ced80d67e,0b252757d18c79a6a6ca319df6f813e337d41c571b34f1cd538cb138a0153cc0
811,113,autopareto-seed0-20260731,1,autopareto,0,bf16,cached_decode,headline,256,256,1,4,0,6.8158283829689,37559.6311432491,1.53311297670007,166.328251000048,249.886291503906,320.0,4.0,3.984375,1,0.10796070098877,b8eab2894a5f2592a3a6e80b74e9c39ced80d67e,0b252757d18c79a6a6ca319df6f813e337d41c571b34f1cd538cb138a0153cc0
812,113,autopareto-seed0-20260731,1,autopareto,0,bf16,cached_decode,headline,256,256,1,5,0,6.18740916252136,41374.3447824097,1.54620653018355,164.919753617732,249.886291503906,320.0,4.0,3.984375,1,0.10796070098877,b8eab2894a5f2592a3a6e80b74e9c39ced80d67e,0b252757d18c79a6a6ca319df6f813e337d41c571b34f1cd538cb138a0153cc0
813,113,autopareto-seed0-20260731,1,autopareto,0,bf16,cached_decode,headline,256,256,1,6,0,5.95719739794731,42973.2276604114,1.53931951336563,165.657615450127,249.886291503906,320.0,4.0,3.984375,1,0.10796070098877,b8eab2894a5f2592a3a6e80b74e9c39ced80d67e,0b252757d18c79a6a6ca319df6f813e337d41c571b34f1cd538cb138a0153cc0
814,113,autopareto-seed0-20260731,1,autopareto,0,bf16,cached_decode,headline,256,256,1,7,0,10.016405954957,25558.0695462237,1.5591617487371,163.549420197454,249.886291503906,320.0,4.0,3.984375,1,0.10796070098877,b8eab2894a5f2592a3a6e80b74e9c39ced80d67e,0b252757d18c79a6a6ca319df6f813e337d41c571b34f1cd538cb138a0153cc0
815,113,autopareto-seed0-20260731,1,autopareto,0,bf16,cached_decode,headline,256,256,1,8,0,6.10686652362347,41920.0254352545,1.54803343489766,164.725124310288,249.886291503906,320.0,4.0,3.984375,1,0.10796070098877,b8eab2894a5f2592a3a6e80b74e9c39ced80d67e,0b252757d18c79a6a6ca319df6f813e337d41c571b34f1cd538cb138a0153cc0
816,113,autopareto-seed0-20260731,1,autopareto,0,bf16,cached_decode,headline,256,256,1,9,0,7.87222385406494,32519.4004573194,1.56332057528198,163.114337540146,249.886291503906,320.0,4.0,3.984375,1,0.10796070098877,b8eab2894a5f2592a3a6e80b74e9c39ced80d67e,0b252757d18c79a6a6ca319df6f813e337d41c571b34f1cd538cb138a0153cc0
817,114,autopareto-seed0-20260731,2,autopareto,0,bf16,cached_decode,headline,256,256,1,0,1,,,,,,,,,,,b8eab2894a5f2592a3a6e80b74e9c39ced80d67e,0b252757d18c79a6a6ca319df6f813e337d41c571b34f1cd538cb138a0153cc0
818,114,autopareto-seed0-20260731,2,autopareto,0,bf16,cached_decode,headline,256,256,1,1,1,,,,,,,,,,,b8eab2894a5f2592a3a6e80b74e9c39ced80d67e,0b252757d18c79a6a6ca319df6f813e337d41c571b34f1cd538cb138a0153cc0
819,114,autopareto-seed0-20260731,2,autopareto,0,bf16,cached_decode,headline,256,256,1,0,0,9.49918664991856,26949.6757390481,1.73059138655663,147.348474042377,249.882385253906,288.0,4.0,3.984375,1,0.131115436553955,b8eab2894a5f2592a3a6e80b74e9c39ced80d67e,0b252757d18c79a6a6ca319df6f813e337d41c571b34f1cd538cb138a0153cc0
820,114,autopareto-seed0-20260731,2,autopareto,0,bf16,cached_decode,headline,256,256,1,1,0,6.15163333714008,41614.9640217366,1.55360522866249,164.1343600649,249.886291503906,288.0,4.0,3.984375,1,0.131115436553955,b8eab2894a5f2592a3a6e80b74e9c39ced80d67e,0b252757d18c79a6a6ca319df6f813e337d41c571b34f1cd538cb138a0153cc0
821,114,autopareto-seed0-20260731,2,autopareto,0,bf16,cached_decode,headline,256,256,1,2,0,6.99619017541409,36591.3438001774,1.56817824020982,162.609066661888,249.886291503906,288.0,4.0,3.984375,1,0.131115436553955,b8eab2894a5f2592a3a6e80b74e9c39ced80d67e,0b252757d18c79a6a6ca319df6f813e337d41c571b34f1cd538cb138a0153cc0
822,114,autopareto-seed0-20260731,2,autopareto,0,bf16,cached_decode,headline,256,256,1,3,0,6.18980079889297,41358.3584217742,1.5655524879694,162.88179537867,249.886291503906,288.0,4.0,3.984375,1,0.131115436553955,b8eab2894a5f2592a3a6e80b74e9c39ced80d67e,0b252757d18c79a6a6ca319df6f813e337d41c571b34f1cd538cb138a0153cc0
823,114,autopareto-seed0-20260731,2,autopareto,0,bf16,cached_decode,headline,256,256,1,4,0,7.25946202874184,35264.321100715,1.54341399110854,165.218147217163,249.886291503906,288.0,4.0,3.984375,1,0.131115436553955,b8eab2894a5f2592a3a6e80b74e9c39ced80d67e,0b252757d18c79a6a6ca319df6f813e337d41c571b34f1cd538cb138a0153cc0
824,114,autopareto-seed0-20260731,2,autopareto,0,bf16,cached_decode,headline,256,256,1,5,0,6.15265965461731,41608.022281532,1.54995087534189,164.521343261122,249.886291503906,288.0,4.0,3.984375,1,0.131115436553955,b8eab2894a5f2592a3a6e80b74e9c39ced80d67e,0b252757d18c79a6a6ca319df6f813e337d41c571b34f1cd538cb138a0153cc0
825,114,autopareto-seed0-20260731,2,autopareto,0,bf16,cached_decode,headline,256,256,1,6,0,6.34466297924519,40348.8728774772,1.55658570490777,163.820083401773,249.886291503906,288.0,4.0,3.984375,1,0.131115436553955,b8eab2894a5f2592a3a6e80b74e9c39ced80d67e,0b252757d18c79a6a6ca319df6f813e337d41c571b34f1cd538cb138a0153cc0
826,114,autopareto-seed0-20260731,2,autopareto,0,bf16,cached_decode,headline,256,256,1,7,0,7.34377466142178,34859.4574047616,1.55081915669143,164.429230126371,249.886291503906,288.0,4.0,3.984375,1,0.131115436553955,b8eab2894a5f2592a3a6e80b74e9c39ced80d67e,0b252757d18c79a6a6ca319df6f813e337d41c571b34f1cd538cb138a0153cc0
827,114,autopareto-seed0-20260731,2,autopareto,0,bf16,cached_decode,headline,256,256,1,8,0,6.4790528267622,39511.9482499932,1.56949201412499,162.472951569725,249.886291503906,288.0,4.0,3.984375,1,0.131115436553955,b8eab2894a5f2592a3a6e80b74e9c39ced80d67e,0b252757d18c79a6a6ca319df6f813e337d41c571b34f1cd538cb138a0153cc0
828,114,autopareto-seed0-20260731,2,autopareto,0,bf16,cached_decode,headline,256,256,1,9,0,6.08246587216854,42088.1934038259,1.56502907164395,162.936270399208,249.886291503906,288.0,4.0,3.984375,1,0.131115436553955,b8eab2894a5f2592a3a6e80b74e9c39ced80d67e,0b252757d18c79a6a6ca319df6f813e337d41c571b34f1cd538cb138a0153cc0
829,115,autopareto-seed0-20260731,3,autopareto,0,bf16,cached_decode,headline,256,256,1,0,1,,,,,,,,,,,b8eab2894a5f2592a3a6e80b74e9c39ced80d67e,0b252757d18c79a6a6ca319df6f813e337d41c571b34f1cd538cb138a0153cc0
830,115,autopareto-seed0-20260731,3,autopareto,0,bf16,cached_decode,headline,256,256,1,1,1,,,,,,,,,,,b8eab2894a5f2592a3a6e80b74e9c39ced80d67e,0b252757d18c79a6a6ca319df6f813e337d41c571b34f1cd538cb138a0153cc0
831,115,autopareto-seed0-20260731,3,autopareto,0,bf16,cached_decode,headline,256,256,1,0,0,7.24844075739384,35317.9405845133,1.64444977976382,155.06706446008,219.880920410156,256.0,2.0,1.9921875,1,0.111776828765869,b8eab2894a5f2592a3a6e80b74e9c39ced80d67e,0b252757d18c79a6a6ca319df6f813e337d41c571b34f1cd538cb138a0153cc0
832,115,autopareto-seed0-20260731,3,autopareto,0,bf16,cached_decode,headline,256,256,1,1,0,6.64323195815086,38535.460091214,1.62414130009711,157.006043738161,219.884826660156,256.0,2.0,1.9921875,1,0.111776828765869,b8eab2894a5f2592a3a6e80b74e9c39ced80d67e,0b252757d18c79a6a6ca319df6f813e337d41c571b34f1cd538cb138a0153cc0
833,115,autopareto-seed0-20260731,3,autopareto,0,bf16,cached_decode,headline,256,256,1,2,0,6.50694966316223,39342.5511571561,1.63485500402749,155.977135202696,219.884826660156,256.0,2.0,1.9921875,1,0.111776828765869,b8eab2894a5f2592a3a6e80b74e9c39ced80d67e,0b252757d18c79a6a6ca319df6f813e337d41c571b34f1cd538cb138a0153cc0
834,115,autopareto-seed0-20260731,3,autopareto,0,bf16,cached_decode,headline,256,256,1,3,0,6.5365806221962,39164.2075262873,1.62731058895588,156.700264676342,219.884826660156,256.0,2.0,1.9921875,1,0.111776828765869,b8eab2894a5f2592a3a6e80b74e9c39ced80d67e,0b252757d18c79a6a6ca319df6f813e337d41c571b34f1cd538cb138a0153cc0
835,115,autopareto-seed0-20260731,3,autopareto,0,bf16,cached_decode,headline,256,256,1,4,0,6.54065608978271,39139.8043997303,1.63920921646059,155.562814947198,219.884826660156,256.0,2.0,1.9921875,1,0.111776828765869,b8eab2894a5f2592a3a6e80b74e9c39ced80d67e,0b252757d18c79a6a6ca319df6f813e337d41c571b34f1cd538cb138a0153cc0
836,115,autopareto-seed0-20260731,3,autopareto,0,bf16,cached_decode,headline,256,256,1,5,0,6.55090063810349,39078.5960805098,1.64956039190292,154.58664093276,219.884826660156,256.0,2.0,1.9921875,1,0.111776828765869,b8eab2894a5f2592a3a6e80b74e9c39ced80d67e,0b252757d18c79a6a6ca319df6f813e337d41c571b34f1cd538cb138a0153cc0
837,115,autopareto-seed0-20260731,3,autopareto,0,bf16,cached_decode,headline,256,256,1,6,0,8.37123580276966,30580.9089639192,1.64343517273664,155.162798162202,219.884826660156,256.0,2.0,1.9921875,1,0.111776828765869,b8eab2894a5f2592a3a6e80b74e9c39ced80d67e,0b252757d18c79a6a6ca319df6f813e337d41c571b34f1cd538cb138a0153cc0
838,115,autopareto-seed0-20260731,3,autopareto,0,bf16,cached_decode,headline,256,256,1,7,0,8.59004631638527,29801.9347709089,1.63046618364751,156.396987902895,219.884826660156,256.0,2.0,1.9921875,1,0.111776828765869,b8eab2894a5f2592a3a6e80b74e9c39ced80d67e,0b252757d18c79a6a6ca319df6f813e337d41c571b34f1cd538cb138a0153cc0
839,115,autopareto-seed0-20260731,3,autopareto,0,bf16,cached_decode,headline,256,256,1,8,0,6.45535439252853,39657.0016816266,1.63341279514134,156.114853978437,219.884826660156,256.0,2.0,1.9921875,1,0.111776828765869,b8eab2894a5f2592a3a6e80b74e9c39ced80d67e,0b252757d18c79a6a6ca319df6f813e337d41c571b34f1cd538cb138a0153cc0
840,115,autopareto-seed0-20260731,3,autopareto,0,bf16,cached_decode,headline,256,256,1,9,0,9.41507704555988,27190.4307061118,1.65397952869534,154.173613140873,219.884826660156,256.0,2.0,1.9921875,1,0.111776828765869,b8eab2894a5f2592a3a6e80b74e9c39ced80d67e,0b252757d18c79a6a6ca319df6f813e337d41c571b34f1cd538cb138a0153cc0
841,116,autopareto-seed0-20260731,4,autopareto,0,bf16,cached_decode,headline,256,256,1,0,1,,,,,,,,,,,b8eab2894a5f2592a3a6e80b74e9c39ced80d67e,0b252757d18c79a6a6ca319df6f813e337d41c571b34f1cd538cb138a0153cc0
842,116,autopareto-seed0-20260731,4,autopareto,0,bf16,cached_decode,headline,256,256,1,1,1,,,,,,,,,,,b8eab2894a5f2592a3a6e80b74e9c39ced80d67e,0b252757d18c79a6a6ca319df6f813e337d41c571b34f1cd538cb138a0153cc0
843,116,autopareto-seed0-20260731,4,autopareto,0,bf16,cached_decode,headline,256,256,1,0,0,9.18474793434143,27872.2945724864,1.71639152057469,148.567501612115,231.382377624512,288.0,3.5,3.486328125,1,0.131402373313904,b8eab2894a5f2592a3a6e80b74e9c39ced80d67e,0b252757d18c79a6a6ca319df6f813e337d41c571b34f1cd538cb138a0153cc0
844,116,autopareto-seed0-20260731,4,autopareto,0,bf16,cached_decode,headline,256,256,1,1,0,5.54865226149559,46137.3299200043,1.37891445122659,184.928078586143,231.386283874512,288.0,3.5,3.486328125,1,0.131402373313904,b8eab2894a5f2592a3a6e80b74e9c39ced80d67e,0b252757d18c79a6a6ca319df6f813e337d41c571b34f1cd538cb138a0153cc0
845,116,autopareto-seed0-20260731,4,autopareto,0,bf16,cached_decode,headline,256,256,1,2,0,5.46902790665627,46809.0498657772,1.38613985292614,183.964121269363,231.386283874512,288.0,3.5,3.486328125,1,0.131402373313904,b8eab2894a5f2592a3a6e80b74e9c39ced80d67e,0b252757d18c79a6a6ca319df6f813e337d41c571b34f1cd538cb138a0153cc0
846,116,autopareto-seed0-20260731,4,autopareto,0,bf16,cached_decode,headline,256,256,1,3,0,5.72658143937588,44703.8084955447,1.37892108596861,184.927188796215,231.386283874512,288.0,3.5,3.486328125,1,0.131402373313904,b8eab2894a5f2592a3a6e80b74e9c39ced80d67e,0b252757d18c79a6a6ca319df6f813e337d41c571b34f1cd538cb138a0153cc0
847,116,autopareto-seed0-20260731,4,autopareto,0,bf16,cached_decode,headline,256,256,1,4,0,5.5801197886467,45877.1513329978,1.38190930522978,184.52730510965,231.386283874512,288.0,3.5,3.486328125,1,0.131402373313904,b8eab2894a5f2592a3a6e80b74e9c39ced80d67e,0b252757d18c79a6a6ca319df6f813e337d41c571b34f1cd538cb138a0153cc0
848,116,autopareto-seed0-20260731,4,autopareto,0,bf16,cached_decode,headline,256,256,1,5,0,5.42176701128483,47217.0787618065,1.37688016705215,185.20130226434,231.386283874512,288.0,3.5,3.486328125,1,0.131402373313904,b8eab2894a5f2592a3a6e80b74e9c39ced80d67e,0b252757d18c79a6a6ca319df6f813e337d41c571b34f1cd538cb138a0153cc0
849,116,autopareto-seed0-20260731,4,autopareto,0,bf16,cached_decode,headline,256,256,1,6,0,5.55863417685032,46054.478826138,1.3825788423419,184.437944651362,231.386283874512,288.0,3.5,3.486328125,1,0.131402373313904,b8eab2894a5f2592a3a6e80b74e9c39ced80d67e,0b252757d18c79a6a6ca319df6f813e337d41c571b34f1cd538cb138a0153cc0
850,116,autopareto-seed0-20260731,4,autopareto,0,bf16,cached_decode,headline,256,256,1,7,0,5.69258444011211,44970.7865896774,1.37854007072747,184.978300895841,231.386283874512,288.0,3.5,3.486328125,1,0.131402373313904,b8eab2894a5f2592a3a6e80b74e9c39ced80d67e,0b252757d18c79a6a6ca319df6f813e337d41c571b34f1cd538cb138a0153cc0
851,116,autopareto-seed0-20260731,4,autopareto,0,bf16,cached_decode,headline,256,256,1,8,0,5.54702803492546,46150.8394023179,1.3719080183655,185.872519575917,231.386283874512,288.0,3.5,3.486328125,1,0.131402373313904,b8eab2894a5f2592a3a6e80b74e9c39ced80d67e,0b252757d18c79a6a6ca319df6f813e337d41c571b34f1cd538cb138a0153cc0
852,116,autopareto-seed0-20260731,4,autopareto,0,bf16,cached_decode,headline,256,256,1,9,0,5.50669431686401,46488.8706852696,1.37577436864376,185.350160470993,231.386283874512,288.0,3.5,3.486328125,1,0.131402373313904,b8eab2894a5f2592a3a6e80b74e9c39ced80d67e,0b252757d18c79a6a6ca319df6f813e337d41c571b34f1cd538cb138a0153cc0
853,117,autopareto-seed0-20260731,5,autopareto,0,bf16,cached_decode,headline,256,256,1,0,1,,,,,,,,,,,b8eab2894a5f2592a3a6e80b74e9c39ced80d67e,0b252757d18c79a6a6ca319df6f813e337d41c571b34f1cd538cb138a0153cc0
854,117,autopareto-seed0-20260731,5,autopareto,0,bf16,cached_decode,headline,256,256,1,1,1,,,,,,,,,,,b8eab2894a5f2592a3a6e80b74e9c39ced80d67e,0b252757d18c79a6a6ca319df6f813e337d41c571b34f1cd538cb138a0153cc0
855,117,autopareto-seed0-20260731,5,autopareto,0,bf16,cached_decode,headline,256,256,1,0,0,7.08870775997639,36113.7754112821,1.39257060550153,183.114593251207,231.382377624512,256.0,3.5,3.486328125,1,0.116711139678955,b8eab2894a5f2592a3a6e80b74e9c39ced80d67e,0b252757d18c79a6a6ca319df6f813e337d41c571b34f1cd538cb138a0153cc0
856,117,autopareto-seed0-20260731,5,autopareto,0,bf16,cached_decode,headline,256,256,1,1,0,5.77515363693237,44327.8250405094,1.38779491558671,183.744728515737,231.386283874512,256.0,3.5,3.486328125,1,0.116711139678955,b8eab2894a5f2592a3a6e80b74e9c39ced80d67e,0b252757d18c79a6a6ca319df6f813e337d41c571b34f1cd538cb138a0153cc0
857,117,autopareto-seed0-20260731,5,autopareto,0,bf16,cached_decode,headline,256,256,1,2,0,5.4993499070406,46550.9568089591,1.37473382800817,185.490452627811,231.386283874512,256.0,3.5,3.486328125,1,0.116711139678955,b8eab2894a5f2592a3a6e80b74e9c39ced80d67e,0b252757d18c79a6a6ca319df6f813e337d41c571b34f1cd538cb138a0153cc0
858,117,autopareto-seed0-20260731,5,autopareto,0,bf16,cached_decode,headline,256,256,1,3,0,5.59615716338158,45745.6773507246,1.38998013921082,183.455858689304,231.386283874512,256.0,3.5,3.486328125,1,0.116711139678955,b8eab2894a5f2592a3a6e80b74e9c39ced80d67e,0b252757d18c79a6a6ca319df6f813e337d41c571b34f1cd538cb138a0153cc0
859,117,autopareto-seed0-20260731,5,autopareto,0,bf16,cached_decode,headline,256,256,1,4,0,5.51274046301842,46437.8836111271,1.39397594332695,182.929986145529,231.386283874512,256.0,3.5,3.486328125,1,0.116711139678955,b8eab2894a5f2592a3a6e80b74e9c39ced80d67e,0b252757d18c79a6a6ca319df6f813e337d41c571b34f1cd538cb138a0153cc0
860,117,autopareto-seed0-20260731,5,autopareto,0,bf16,cached_decode,headline,256,256,1,5,0,7.85703212022781,32582.277389567,1.38694773241878,183.856964498072,231.386283874512,256.0,3.5,3.486328125,1,0.116711139678955,b8eab2894a5f2592a3a6e80b74e9c39ced80d67e,0b252757d18c79a6a6ca319df6f813e337d41c571b34f1cd538cb138a0153cc0
861,117,autopareto-seed0-20260731,5,autopareto,0,bf16,cached_decode,headline,256,256,1,6,0,5.62301278114319,45527.1951112218,1.37949884496629,184.849737954098,231.386283874512,256.0,3.5,3.486328125,1,0.116711139678955,b8eab2894a5f2592a3a6e80b74e9c39ced80d67e,0b252757d18c79a6a6ca319df6f813e337d41c571b34f1cd538cb138a0153cc0
862,117,autopareto-seed0-20260731,5,autopareto,0,bf16,cached_decode,headline,256,256,1,7,0,5.6085828691721,45644.3286961344,1.38334221206605,184.336166261529,231.386283874512,256.0,3.5,3.486328125,1,0.116711139678955,b8eab2894a5f2592a3a6e80b74e9c39ced80d67e,0b252757d18c79a6a6ca319df6f813e337d41c571b34f1cd538cb138a0153cc0
863,117,autopareto-seed0-20260731,5,autopareto,0,bf16,cached_decode,headline,256,256,1,8,0,5.6699775159359,45150.0908567085,1.38828992843628,183.679211940422,231.386283874512,256.0,3.5,3.486328125,1,0.116711139678955,b8eab2894a5f2592a3a6e80b74e9c39ced80d67e,0b252757d18c79a6a6ca319df6f813e337d41c571b34f1cd538cb138a0153cc0
864,117,autopareto-seed0-20260731,5,autopareto,0,bf16,cached_decode,headline,256,256,1,9,0,5.52146136760712,46364.5370230934,1.38239579088986,184.462367203718,231.386283874512,256.0,3.5,3.486328125,1,0.116711139678955,b8eab2894a5f2592a3a6e80b74e9c39ced80d67e,0b252757d18c79a6a6ca319df6f813e337d41c571b34f1cd538cb138a0153cc0
865,118,autopareto-seed0-20260731,6,autopareto,0,bf16,cached_decode,headline,256,256,1,0,1,,,,,,,,,,,228791fb499afffb54b46200aca536f79142f117,0b252757d18c79a6a6ca319df6f813e337d41c571b34f1cd538cb138a0153cc0
866,118,autopareto-seed0-20260731,6,autopareto,0,bf16,cached_decode,headline,256,256,1,1,1,,,,,,,,,,,228791fb499afffb54b46200aca536f79142f117,0b252757d18c79a6a6ca319df6f813e337d41c571b34f1cd538cb138a0153cc0
867,118,autopareto-seed0-20260731,6,autopareto,0,bf16,cached_decode,headline,256,256,1,0,0,6.99622742831707,36591.1489617742,1.57825742103159,161.570600969089,142.693588256836,160.0,2.25,2.2412109375,1,0.147025585174561,228791fb499afffb54b46200aca536f79142f117,0b252757d18c79a6a6ca319df6f813e337d41c571b34f1cd538cb138a0153cc0
868,118,autopareto-seed0-20260731,6,autopareto,0,bf16,cached_decode,headline,256,256,1,1,0,6.01939857006073,42529.1658328279,1.6086946837604,158.51360893661,142.697494506836,160.0,2.25,2.2412109375,1,0.147025585174561,228791fb499afffb54b46200aca536f79142f117,0b252757d18c79a6a6ca319df6f813e337d41c571b34f1cd538cb138a0153cc0
869,118,autopareto-seed0-20260731,6,autopareto,0,bf16,cached_decode,headline,256,256,1,2,0,5.39276748895645,47470.9878599899,1.17967018671334,216.162112827867,142.697494506836,160.0,2.25,2.2412109375,1,0.147025585174561,228791fb499afffb54b46200aca536f79142f117,0b252757d18c79a6a6ca319df6f813e337d41c571b34f1cd538cb138a0153cc0
870,118,autopareto-seed0-20260731,6,autopareto,0,bf16,cached_decode,headline,256,256,1,3,0,5.29932975769043,48307.9958608899,1.17009816505015,217.930433203501,142.697494506836,160.0,2.25,2.2412109375,1,0.147025585174561,228791fb499afffb54b46200aca536f79142f117,0b252757d18c79a6a6ca319df6f813e337d41c571b34f1cd538cb138a0153cc0
871,118,autopareto-seed0-20260731,6,autopareto,0,bf16,cached_decode,headline,256,256,1,4,0,4.63858991861343,55189.1856127958,1.17617040127516,216.805319810411,142.697494506836,160.0,2.25,2.2412109375,1,0.147025585174561,228791fb499afffb54b46200aca536f79142f117,0b252757d18c79a6a6ca319df6f813e337d41c571b34f1cd538cb138a0153cc0
872,118,autopareto-seed0-20260731,6,autopareto,0,bf16,cached_decode,headline,256,256,1,5,0,4.69982251524925,54470.1420467201,1.16566257551312,218.759704014474,142.697494506836,160.0,2.25,2.2412109375,1,0.147025585174561,228791fb499afffb54b46200aca536f79142f117,0b252757d18c79a6a6ca319df6f813e337d41c571b34f1cd538cb138a0153cc0
873,118,autopareto-seed0-20260731,6,autopareto,0,bf16,cached_decode,headline,256,256,1,6,0,5.16323745250702,49581.2951379369,1.17063243500888,217.830970998224,142.697494506836,160.0,2.25,2.2412109375,1,0.147025585174561,228791fb499afffb54b46200aca536f79142f117,0b252757d18c79a6a6ca319df6f813e337d41c571b34f1cd538cb138a0153cc0
874,118,autopareto-seed0-20260731,6,autopareto,0,bf16,cached_decode,headline,256,256,1,7,0,4.91771101951599,52056.7391992049,1.18718094564974,214.794552535914,142.697494506836,160.0,2.25,2.2412109375,1,0.147025585174561,228791fb499afffb54b46200aca536f79142f117,0b252757d18c79a6a6ca319df6f813e337d41c571b34f1cd538cb138a0153cc0
875,118,autopareto-seed0-20260731,6,autopareto,0,bf16,cached_decode,headline,256,256,1,8,0,5.01442141830921,51052.749389045,1.17539355903864,216.948610989978,142.697494506836,160.0,2.25,2.2412109375,1,0.147025585174561,228791fb499afffb54b46200aca536f79142f117,0b252757d18c79a6a6ca319df6f813e337d41c571b34f1cd538cb138a0153cc0
876,118,autopareto-seed0-20260731,6,autopareto,0,bf16,cached_decode,headline,256,256,1,9,0,4.84511628746986,52836.7091337005,1.1650382168591,218.876940095124,142.697494506836,160.0,2.25,2.2412109375,1,0.147025585174561,228791fb499afffb54b46200aca536f79142f117,0b252757d18c79a6a6ca319df6f813e337d41c571b34f1cd538cb138a0153cc0
877,119,autopareto-seed0-20260731,7,autopareto,0,bf16,cached_decode,headline,256,256,1,0,1,,,,,,,,,,,228791fb499afffb54b46200aca536f79142f117,0b252757d18c79a6a6ca319df6f813e337d41c571b34f1cd538cb138a0153cc0
878,119,autopareto-seed0-20260731,7,autopareto,0,bf16,cached_decode,headline,256,256,1,1,1,,,,,,,,,,,228791fb499afffb54b46200aca536f79142f117,0b252757d18c79a6a6ca319df6f813e337d41c571b34f1cd538cb138a0153cc0
879,119,autopareto-seed0-20260731,7,autopareto,0,bf16,cached_decode,headline,256,256,1,0,0,6.71456754207611,38126.0592578455,1.26678641326725,201.296759524214,132.193580627441,192.0,1.875,1.86767578125,1,0.116261005401611,228791fb499afffb54b46200aca536f79142f117,0b252757d18c79a6a6ca319df6f813e337d41c571b34f1cd538cb138a0153cc0
880,119,autopareto-seed0-20260731,7,autopareto,0,bf16,cached_decode,headline,256,256,1,1,0,4.06384468078613,62994.5335288941,1.00660789385438,253.326048361875,132.197486877441,192.0,1.875,1.86767578125,1,0.116261005401611,228791fb499afffb54b46200aca536f79142f117,0b252757d18c79a6a6ca319df6f813e337d41c571b34f1cd538cb138a0153cc0
881,119,autopareto-seed0-20260731,7,autopareto,0,bf16,cached_decode,headline,256,256,1,2,0,4.21075336635113,60796.7215666776,1.0125169120729,251.847645169645,132.197486877441,192.0,1.875,1.86767578125,1,0.116261005401611,228791fb499afffb54b46200aca536f79142f117,0b252757d18c79a6a6ca319df6f813e337d41c571b34f1cd538cb138a0153cc0
882,119,autopareto-seed0-20260731,7,autopareto,0,bf16,cached_decode,headline,256,256,1,3,0,6.01826794445515,42537.1556007011,1.02099227160215,249.757032538406,132.197486877441,192.0,1.875,1.86767578125,1,0.116261005401611,228791fb499afffb54b46200aca536f79142f117,0b252757d18c79a6a6ca319df6f813e337d41c571b34f1cd538cb138a0153cc0
883,119,autopareto-seed0-20260731,7,autopareto,0,bf16,cached_decode,headline,256,256,1,4,0,6.77884742617607,37764.5319190211,1.03395226411521,246.626472855796,132.197486877441,192.0,1.875,1.86767578125,1,0.116261005401611,228791fb499afffb54b46200aca536f79142f117,0b252757d18c79a6a6ca319df6f813e337d41c571b34f1cd538cb138a0153cc0
884,119,autopareto-seed0-20260731,7,autopareto,0,bf16,cached_decode,headline,256,256,1,5,0,4.29916568100452,59546.4373776319,1.01012619584799,252.443705596538,132.197486877441,192.0,1.875,1.86767578125,1,0.116261005401611,228791fb499afffb54b46200aca536f79142f117,0b252757d18c79a6a6ca319df6f813e337d41c571b34f1cd538cb138a0153cc0
885,119,autopareto-seed0-20260731,7,autopareto,0,bf16,cached_decode,headline,256,256,1,6,0,4.3069813400507,59438.3814992304,1.0105843115598,252.329268407519,132.197486877441,192.0,1.875,1.86767578125,1,0.116261005401611,228791fb499afffb54b46200aca536f79142f117,0b252757d18c79a6a6ca319df6f813e337d41c571b34f1cd538cb138a0153cc0
886,119,autopareto-seed0-20260731,7,autopareto,0,bf16,cached_decode,headline,256,256,1,7,0,4.68536280095577,54638.2448650035,1.01458287239075,251.334816444439,132.197486877441,192.0,1.875,1.86767578125,1,0.116261005401611,228791fb499afffb54b46200aca536f79142f117,0b252757d18c79a6a6ca319df6f813e337d41c571b34f1cd538cb138a0153cc0
887,119,autopareto-seed0-20260731,7,autopareto,0,bf16,cached_decode,headline,256,256,1,8,0,4.14385087788105,61778.2848718014,1.01747242361307,250.621042970863,132.197486877441,192.0,1.875,1.86767578125,1,0.116261005401611,228791fb499afffb54b46200aca536f79142f117,0b252757d18c79a6a6ca319df6f813e337d41c571b34f1cd538cb138a0153cc0
888,119,autopareto-seed0-20260731,7,autopareto,0,bf16,cached_decode,headline,256,256,1,9,0,4.36129793524742,58698.1223940338,1.01756285503507,250.598770128271,132.197486877441,192.0,1.875,1.86767578125,1,0.116261005401611,228791fb499afffb54b46200aca536f79142f117,0b252757d18c79a6a6ca319df6f813e337d41c571b34f1cd538cb138a0153cc0
889,120,autopareto-seed0-20260731,8,autopareto,0,bf16,cached_decode,headline,256,256,1,0,1,,,,,,,,,,,228791fb499afffb54b46200aca536f79142f117,0b252757d18c79a6a6ca319df6f813e337d41c571b34f1cd538cb138a0153cc0
890,120,autopareto-seed0-20260731,8,autopareto,0,bf16,cached_decode,headline,256,256,1,1,1,,,,,,,,,,,228791fb499afffb54b46200aca536f79142f117,0b252757d18c79a6a6ca319df6f813e337d41c571b34f1cd538cb138a0153cc0
891,120,autopareto-seed0-20260731,8,autopareto,0,bf16,cached_decode,headline,256,256,1,0,0,4.59531135857105,55708.9563740911,1.1280175652355,226.060309572186,80.5051574707031,128.0,1.0,0.99609375,1,0.138468742370605,228791fb499afffb54b46200aca536f79142f117,0b252757d18c79a6a6ca319df6f813e337d41c571b34f1cd538cb138a0153cc0
892,120,autopareto-seed0-20260731,8,autopareto,0,bf16,cached_decode,headline,256,256,1,1,0,6.13394379615784,41734.9764698452,1.17953439615667,216.18699787889,80.5090637207031,128.0,1.0,0.99609375,1,0.138468742370605,228791fb499afffb54b46200aca536f79142f117,0b252757d18c79a6a6ca319df6f813e337d41c571b34f1cd538cb138a0153cc0
893,120,autopareto-seed0-20260731,8,autopareto,0,bf16,cached_decode,headline,256,256,1,2,0,5.03339059650898,50860.3485248203,1.01577165164053,251.040673942967,80.5090637207031,128.0,1.0,0.99609375,1,0.138468742370605,228791fb499afffb54b46200aca536f79142f117,0b252757d18c79a6a6ca319df6f813e337d41c571b34f1cd538cb138a0153cc0
894,120,autopareto-seed0-20260731,8,autopareto,0,bf16,cached_decode,headline,256,256,1,3,0,3.84583696722984,66565.484231745,0.857381677255034,297.417132608198,80.5090637207031,128.0,1.0,0.99609375,1,0.138468742370605,228791fb499afffb54b46200aca536f79142f117,0b252757d18c79a6a6ca319df6f813e337d41c571b34f1cd538cb138a0153cc0
895,120,autopareto-seed0-20260731,8,autopareto,0,bf16,cached_decode,headline,256,256,1,4,0,3.30684520304203,77415.1749723575,0.804942287504673,316.792898023164,80.5090637207031,128.0,1.0,0.99609375,1,0.138468742370605,228791fb499afffb54b46200aca536f79142f117,0b252757d18c79a6a6ca319df6f813e337d41c571b34f1cd538cb138a0153cc0
896,120,autopareto-seed0-20260731,8,autopareto,0,bf16,cached_decode,headline,256,256,1,5,0,3.26771289110184,78342.2560461484,0.805295864120126,316.653805590589,80.5090637207031,128.0,1.0,0.99609375,1,0.138468742370605,228791fb499afffb54b46200aca536f79142f117,0b252757d18c79a6a6ca319df6f813e337d41c571b34f1cd538cb138a0153cc0
897,120,autopareto-seed0-20260731,8,autopareto,0,bf16,cached_decode,headline,256,256,1,6,0,3.33259627223015,76816.9856436546,0.802260590717196,317.851833868641,80.5090637207031,128.0,1.0,0.99609375,1,0.138468742370605,228791fb499afffb54b46200aca536f79142f117,0b252757d18c79a6a6ca319df6f813e337d41c571b34f1cd538cb138a0153cc0
898,120,autopareto-seed0-20260731,8,autopareto,0,bf16,cached_decode,headline,256,256,1,7,0,3.3230222761631,77038.3039067641,0.809312514960766,315.082239908723,80.5090637207031,128.0,1.0,0.99609375,1,0.138468742370605,228791fb499afffb54b46200aca536f79142f117,0b252757d18c79a6a6ca319df6f813e337d41c571b34f1cd538cb138a0153cc0
899,120,autopareto-seed0-20260731,8,autopareto,0,bf16,cached_decode,headline,256,256,1,8,0,5.02208061516285,50974.8886202813,0.820295955985785,310.863412332145,80.5090637207031,128.0,1.0,0.99609375,1,0.138468742370605,228791fb499afffb54b46200aca536f79142f117,0b252757d18c79a6a6ca319df6f813e337d41c571b34f1cd538cb138a0153cc0
900,120,autopareto-seed0-20260731,8,autopareto,0,bf16,cached_decode,headline,256,256,1,9,0,4.47499938309193,57206.7117969346,0.814132375642657,313.216876799315,80.5090637207031,128.0,1.0,0.99609375,1,0.138468742370605,228791fb499afffb54b46200aca536f79142f117,0b252757d18c79a6a6ca319df6f813e337d41c571b34f1cd538cb138a0153cc0
901,121,autopareto-seed0-20260731,9,autopareto,0,bf16,cached_decode,headline,256,256,1,0,1,,,,,,,,,,,228791fb499afffb54b46200aca536f79142f117,0b252757d18c79a6a6ca319df6f813e337d41c571b34f1cd538cb138a0153cc0
902,121,autopareto-seed0-20260731,9,autopareto,0,bf16,cached_decode,headline,256,256,1,1,1,,,,,,,,,,,228791fb499afffb54b46200aca536f79142f117,0b252757d18c79a6a6ca319df6f813e337d41c571b34f1cd538cb138a0153cc0
903,121,autopareto-seed0-20260731,9,autopareto,0,bf16,cached_decode,headline,256,256,1,0,0,5.51158003509045,46447.6608105354,1.12527500838041,226.611271112309,115.693023681641,160.0,1.5,1.494140625,1,0.102024078369141,228791fb499afffb54b46200aca536f79142f117,0b252757d18c79a6a6ca319df6f813e337d41c571b34f1cd538cb138a0153cc0
904,121,autopareto-seed0-20260731,9,autopareto,0,bf16,cached_decode,headline,256,256,1,1,0,4.94289770722389,51791.4824791668,1.1273397076875,226.196237266475,115.696929931641,160.0,1.5,1.494140625,1,0.102024078369141,228791fb499afffb54b46200aca536f79142f117,0b252757d18c79a6a6ca319df6f813e337d41c571b34f1cd538cb138a0153cc0
905,121,autopareto-seed0-20260731,9,autopareto,0,bf16,cached_decode,headline,256,256,1,2,0,4.69755008816719,54496.4918298256,1.03243909776211,246.987934254652,115.696929931641,160.0,1.5,1.494140625,1,0.102024078369141,228791fb499afffb54b46200aca536f79142f117,0b252757d18c79a6a6ca319df6f813e337d41c571b34f1cd538cb138a0153cc0
906,121,autopareto-seed0-20260731,9,autopareto,0,bf16,cached_decode,headline,256,256,1,3,0,3.22947464883327,79269.8589823228,0.782319936901331,325.953600275128,115.696929931641,160.0,1.5,1.494140625,1,0.102024078369141,228791fb499afffb54b46200aca536f79142f117,0b252757d18c79a6a6ca319df6f813e337d41c571b34f1cd538cb138a0153cc0
907,121,autopareto-seed0-20260731,9,autopareto,0,bf16,cached_decode,headline,256,256,1,4,0,3.18343937397003,80416.1694088571,0.785405222326517,324.673165839975,115.696929931641,160.0,1.5,1.494140625,1,0.102024078369141,228791fb499afffb54b46200aca536f79142f117,0b252757d18c79a6a6ca319df6f813e337d41c571b34f1cd538cb138a0153cc0
908,121,autopareto-seed0-20260731,9,autopareto,0,bf16,cached_decode,headline,256,256,1,5,0,3.16180102527142,80966.5117930767,0.783664938062429,325.394167347175,115.696929931641,160.0,1.5,1.494140625,1,0.102024078369141,228791fb499afffb54b46200aca536f79142f117,0b252757d18c79a6a6ca319df6f813e337d41c571b34f1cd538cb138a0153cc0
909,121,autopareto-seed0-20260731,9,autopareto,0,bf16,cached_decode,headline,256,256,1,6,0,3.24554368853569,78877.385291184,0.780519675463438,326.705409250052,115.696929931641,160.0,1.5,1.494140625,1,0.102024078369141,228791fb499afffb54b46200aca536f79142f117,0b252757d18c79a6a6ca319df6f813e337d41c571b34f1cd538cb138a0153cc0
910,121,autopareto-seed0-20260731,9,autopareto,0,bf16,cached_decode,headline,256,256,1,7,0,3.24264355003834,78947.9312325196,0.786963563412428,324.03024975422,115.696929931641,160.0,1.5,1.494140625,1,0.102024078369141,228791fb499afffb54b46200aca536f79142f117,0b252757d18c79a6a6ca319df6f813e337d41c571b34f1cd538cb138a0153cc0
911,121,autopareto-seed0-20260731,9,autopareto,0,bf16,cached_decode,headline,256,256,1,8,0,3.17800045013428,80553.7960163547,0.785121146589518,324.790640409691,115.696929931641,160.0,1.5,1.494140625,1,0.102024078369141,228791fb499afffb54b46200aca536f79142f117,0b252757d18c79a6a6ca319df6f813e337d41c571b34f1cd538cb138a0153cc0
912,121,autopareto-seed0-20260731,9,autopareto,0,bf16,cached_decode,headline,256,256,1,9,0,3.17853130400181,80540.3425404976,0.784289406612515,325.135081323347,115.696929931641,160.0,1.5,1.494140625,1,0.102024078369141,228791fb499afffb54b46200aca536f79142f117,0b252757d18c79a6a6ca319df6f813e337d41c571b34f1cd538cb138a0153cc0
913,122,autopareto-seed0-20260731,10,autopareto,0,bf16,cached_decode,headline,256,256,1,0,1,,,,,,,,,,,228791fb499afffb54b46200aca536f79142f117,0b252757d18c79a6a6ca319df6f813e337d41c571b34f1cd538cb138a0153cc0
914,122,autopareto-seed0-20260731,10,autopareto,0,bf16,cached_decode,headline,256,256,1,1,1,,,,,,,,,,,228791fb499afffb54b46200aca536f79142f117,0b252757d18c79a6a6ca319df6f813e337d41c571b34f1cd538cb138a0153cc0
915,122,autopareto-seed0-20260731,10,autopareto,0,bf16,cached_decode,headline,256,256,1,0,0,4.29005920886993,59672.8360929625,0.926587011665106,275.203512233306,115.693023681641,160.0,1.5,1.494140625,1,0.144054591655731,228791fb499afffb54b46200aca536f79142f117,0b252757d18c79a6a6ca319df6f813e337d41c571b34f1cd538cb138a0153cc0
916,122,autopareto-seed0-20260731,10,autopareto,0,bf16,cached_decode,headline,256,256,1,1,0,4.32888604700565,59137.6158254566,0.934509055688977,272.870549993759,115.696929931641,160.0,1.5,1.494140625,1,0.144054591655731,228791fb499afffb54b46200aca536f79142f117,0b252757d18c79a6a6ca319df6f813e337d41c571b34f1cd538cb138a0153cc0
917,122,autopareto-seed0-20260731,10,autopareto,0,bf16,cached_decode,headline,256,256,1,2,0,4.48951870203018,57021.7025455837,0.934569586068392,272.852876662454,115.696929931641,160.0,1.5,1.494140625,1,0.144054591655731,228791fb499afffb54b46200aca536f79142f117,0b252757d18c79a6a6ca319df6f813e337d41c571b34f1cd538cb138a0153cc0
918,122,autopareto-seed0-20260731,10,autopareto,0,bf16,cached_decode,headline,256,256,1,3,0,4.35675494372845,58759.3296631274,0.935168266296387,272.678200480321,115.696929931641,160.0,1.5,1.494140625,1,0.144054591655731,228791fb499afffb54b46200aca536f79142f117,0b252757d18c79a6a6ca319df6f813e337d41c571b34f1cd538cb138a0153cc0
919,122,autopareto-seed0-20260731,10,autopareto,0,bf16,cached_decode,headline,256,256,1,4,0,3.87036800384521,66143.5811131303,0.937678258866072,271.948290993085,115.696929931641,160.0,1.5,1.494140625,1,0.144054591655731,228791fb499afffb54b46200aca536f79142f117,0b252757d18c79a6a6ca319df6f813e337d41c571b34f1cd538cb138a0153cc0
920,122,autopareto-seed0-20260731,10,autopareto,0,bf16,cached_decode,headline,256,256,1,5,0,3.85041534900665,66486.3337577449,0.831063240766525,306.835854952269,115.696929931641,160.0,1.5,1.494140625,1,0.144054591655731,228791fb499afffb54b46200aca536f79142f117,0b252757d18c79a6a6ca319df6f813e337d41c571b34f1cd538cb138a0153cc0
921,122,autopareto-seed0-20260731,10,autopareto,0,bf16,cached_decode,headline,256,256,1,6,0,3.27559188008308,78153.8144469654,0.778281891718507,327.644781040633,115.696929931641,160.0,1.5,1.494140625,1,0.144054591655731,228791fb499afffb54b46200aca536f79142f117,0b252757d18c79a6a6ca319df6f813e337d41c571b34f1cd538cb138a0153cc0
922,122,autopareto-seed0-20260731,10,autopareto,0,bf16,cached_decode,headline,256,256,1,7,0,3.24779935181141,78822.6033289957,0.780543796718121,326.69531302686,115.696929931641,160.0,1.5,1.494140625,1,0.144054591655731,228791fb499afffb54b46200aca536f79142f117,0b252757d18c79a6a6ca319df6f813e337d41c571b34f1cd538cb138a0153cc0
923,122,autopareto-seed0-20260731,10,autopareto,0,bf16,cached_decode,headline,256,256,1,8,0,3.21467593312263,79634.7766697994,0.776501847431064,328.39587033003,115.696929931641,160.0,1.5,1.494140625,1,0.144054591655731,228791fb499afffb54b46200aca536f79142f117,0b252757d18c79a6a6ca319df6f813e337d41c571b34f1cd538cb138a0153cc0
924,122,autopareto-seed0-20260731,10,autopareto,0,bf16,cached_decode,headline,256,256,1,9,0,3.41780856251717,74901.7960828853,0.783863306045532,325.311821631804,115.696929931641,160.0,1.5,1.494140625,1,0.144054591655731,228791fb499afffb54b46200aca536f79142f117,0b252757d18c79a6a6ca319df6f813e337d41c571b34f1cd538cb138a0153cc0
925,123,autopareto-seed0-20260731,11,autopareto,0,bf16,cached_decode,headline,256,256,1,0,1,,,,,,,,,,,228791fb499afffb54b46200aca536f79142f117,0b252757d18c79a6a6ca319df6f813e337d41c571b34f1cd538cb138a0153cc0
926,123,autopareto-seed0-20260731,11,autopareto,0,bf16,cached_decode,headline,256,256,1,1,1,,,,,,,,,,,228791fb499afffb54b46200aca536f79142f117,0b252757d18c79a6a6ca319df6f813e337d41c571b34f1cd538cb138a0153cc0
927,123,autopareto-seed0-20260731,11,autopareto,0,bf16,cached_decode,headline,256,256,1,0,0,9.68887284398079,26422.0621038535,1.25867207534611,202.594468404234,132.193580627441,192.0,1.875,1.86767578125,1,0.120276927947998,228791fb499afffb54b46200aca536f79142f117,0b252757d18c79a6a6ca319df6f813e337d41c571b34f1cd538cb138a0153cc0
928,123,autopareto-seed0-20260731,11,autopareto,0,bf16,cached_decode,headline,256,256,1,1,0,5.45904412865639,46894.656640742,1.23946103639901,205.734583428979,132.197486877441,192.0,1.875,1.86767578125,1,0.120276927947998,228791fb499afffb54b46200aca536f79142f117,0b252757d18c79a6a6ca319df6f813e337d41c571b34f1cd538cb138a0153cc0
929,123,autopareto-seed0-20260731,11,autopareto,0,bf16,cached_decode,headline,256,256,1,2,0,5.51620684564114,46408.7020598746,1.21877060085535,209.227232607217,132.197486877441,192.0,1.875,1.86767578125,1,0.120276927947998,228791fb499afffb54b46200aca536f79142f117,0b252757d18c79a6a6ca319df6f813e337d41c571b34f1cd538cb138a0153cc0
930,123,autopareto-seed0-20260731,11,autopareto,0,bf16,cached_decode,headline,256,256,1,3,0,4.21725027263165,60703.0608691504,1.03377829492092,246.667976347391,132.197486877441,192.0,1.875,1.86767578125,1,0.120276927947998,228791fb499afffb54b46200aca536f79142f117,0b252757d18c79a6a6ca319df6f813e337d41c571b34f1cd538cb138a0153cc0
931,123,autopareto-seed0-20260731,11,autopareto,0,bf16,cached_decode,headline,256,256,1,4,0,4.84731048345566,52812.7919335378,1.3631050772965,187.072885463645,132.197486877441,192.0,1.875,1.86767578125,1,0.120276927947998,228791fb499afffb54b46200aca536f79142f117,0b252757d18c79a6a6ca319df6f813e337d41c571b34f1cd538cb138a0153cc0
932,123,autopareto-seed0-20260731,11,autopareto,0,bf16,cached_decode,headline,256,256,1,5,0,6.34906254708767,40320.9132216579,1.39335686713457,183.011262954053,132.197486877441,192.0,1.875,1.86767578125,1,0.120276927947998,228791fb499afffb54b46200aca536f79142f117,0b252757d18c79a6a6ca319df6f813e337d41c571b34f1cd538cb138a0153cc0
933,123,autopareto-seed0-20260731,11,autopareto,0,bf16,cached_decode,headline,256,256,1,6,0,15.7847329974174,16218.2027432383,1.07344289310277,237.553391650792,132.197486877441,192.0,1.875,1.86767578125,1,0.120276927947998,228791fb499afffb54b46200aca536f79142f117,0b252757d18c79a6a6ca319df6f813e337d41c571b34f1cd538cb138a0153cc0
934,123,autopareto-seed0-20260731,11,autopareto,0,bf16,cached_decode,headline,256,256,1,7,0,4.17001359164715,61390.6871941107,1.03168469853699,247.168539343086,132.197486877441,192.0,1.875,1.86767578125,1,0.120276927947998,228791fb499afffb54b46200aca536f79142f117,0b252757d18c79a6a6ca319df6f813e337d41c571b34f1cd538cb138a0153cc0
935,123,autopareto-seed0-20260731,11,autopareto,0,bf16,cached_decode,headline,256,256,1,8,0,5.33672235906124,47969.5181379141,1.00509622134268,253.707052703225,132.197486877441,192.0,1.875,1.86767578125,1,0.120276927947998,228791fb499afffb54b46200aca536f79142f117,0b252757d18c79a6a6ca319df6f813e337d41c571b34f1cd538cb138a0153cc0
936,123,autopareto-seed0-20260731,11,autopareto,0,bf16,cached_decode,headline,256,256,1,9,0,4.09125536680222,62572.481316436,1.01536745205522,251.14060873613,132.197486877441,192.0,1.875,1.86767578125,1,0.120276927947998,228791fb499afffb54b46200aca536f79142f117,0b252757d18c79a6a6ca319df6f813e337d41c571b34f1cd538cb138a0153cc0
937,124,autopareto-seed0-20260731,12,autopareto,0,bf16,cached_decode,headline,256,256,1,0,1,,,,,,,,,,,228791fb499afffb54b46200aca536f79142f117,0b252757d18c79a6a6ca319df6f813e337d41c571b34f1cd538cb138a0153cc0
938,124,autopareto-seed0-20260731,12,autopareto,0,bf16,cached_decode,headline,256,256,1,1,1,,,,,,,,,,,228791fb499afffb54b46200aca536f79142f117,0b252757d18c79a6a6ca319df6f813e337d41c571b34f1cd538cb138a0153cc0
939,124,autopareto-seed0-20260731,12,autopareto,0,bf16,cached_decode,headline,256,256,1,0,0,7.7112689614296,33198.1676790768,1.35815536975861,187.754660238411,132.193580627441,192.0,1.875,1.86767578125,1,0.120752334594727,228791fb499afffb54b46200aca536f79142f117,0b252757d18c79a6a6ca319df6f813e337d41c571b34f1cd538cb138a0153cc0
940,124,autopareto-seed0-20260731,12,autopareto,0,bf16,cached_decode,headline,256,256,1,1,0,4.39092330634594,58302.0886814439,0.990662993863225,257.403376909834,132.197486877441,192.0,1.875,1.86767578125,1,0.120752334594727,228791fb499afffb54b46200aca536f79142f117,0b252757d18c79a6a6ca319df6f813e337d41c571b34f1cd538cb138a0153cc0
941,124,autopareto-seed0-20260731,12,autopareto,0,bf16,cached_decode,headline,256,256,1,2,0,4.92804870009422,51947.5385856283,0.995834533125162,256.066637094569,132.197486877441,192.0,1.875,1.86767578125,1,0.120752334594727,228791fb499afffb54b46200aca536f79142f117,0b252757d18c79a6a6ca319df6f813e337d41c571b34f1cd538cb138a0153cc0
942,124,autopareto-seed0-20260731,12,autopareto,0,bf16,cached_decode,headline,256,256,1,3,0,3.96309047937393,64596.0523314728,0.98011794872582,260.172768319881,132.197486877441,192.0,1.875,1.86767578125,1,0.120752334594727,228791fb499afffb54b46200aca536f79142f117,0b252757d18c79a6a6ca319df6f813e337d41c571b34f1cd538cb138a0153cc0
943,124,autopareto-seed0-20260731,12,autopareto,0,bf16,cached_decode,headline,256,256,1,4,0,3.99855338037014,64023.1542879396,0.981091981753707,259.914467493849,132.197486877441,192.0,1.875,1.86767578125,1,0.120752334594727,228791fb499afffb54b46200aca536f79142f117,0b252757d18c79a6a6ca319df6f813e337d41c571b34f1cd538cb138a0153cc0
944,124,autopareto-seed0-20260731,12,autopareto,0,bf16,cached_decode,headline,256,256,1,5,0,4.01518680155277,63757.9302415017,0.982831636443734,259.454407595882,132.197486877441,192.0,1.875,1.86767578125,1,0.120752334594727,228791fb499afffb54b46200aca536f79142f117,0b252757d18c79a6a6ca319df6f813e337d41c571b34f1cd538cb138a0153cc0
945,124,autopareto-seed0-20260731,12,autopareto,0,bf16,cached_decode,headline,256,256,1,6,0,3.95238026976585,64771.0955239552,0.978601213544607,260.57601040199,132.197486877441,192.0,1.875,1.86767578125,1,0.120752334594727,228791fb499afffb54b46200aca536f79142f117,0b252757d18c79a6a6ca319df6f813e337d41c571b34f1cd538cb138a0153cc0
946,124,autopareto-seed0-20260731,12,autopareto,0,bf16,cached_decode,headline,256,256,1,7,0,3.96019592881203,64643.2662933408,0.984082393348217,259.124644159514,132.197486877441,192.0,1.875,1.86767578125,1,0.120752334594727,228791fb499afffb54b46200aca536f79142f117,0b252757d18c79a6a6ca319df6f813e337d41c571b34f1cd538cb138a0153cc0
947,124,autopareto-seed0-20260731,12,autopareto,0,bf16,cached_decode,headline,256,256,1,8,0,3.94263863563538,64931.1346178558,0.994628366082907,256.377164271167,132.197486877441,192.0,1.875,1.86767578125,1,0.120752334594727,228791fb499afffb54b46200aca536f79142f117,0b252757d18c79a6a6ca319df6f813e337d41c571b34f1cd538cb138a0153cc0
948,124,autopareto-seed0-20260731,12,autopareto,0,bf16,cached_decode,headline,256,256,1,9,0,7.88780488073826,32455.1638726692,0.996513731777668,255.892108526301,132.197486877441,192.0,1.875,1.86767578125,1,0.120752334594727,228791fb499afffb54b46200aca536f79142f117,0b252757d18c79a6a6ca319df6f813e337d41c571b34f1cd538cb138a0153cc0
949,125,autopareto-seed0-20260731,13,autopareto,0,bf16,cached_decode,headline,256,256,1,0,1,,,,,,,,,,,228791fb499afffb54b46200aca536f79142f117,0b252757d18c79a6a6ca319df6f813e337d41c571b34f1cd538cb138a0153cc0
950,125,autopareto-seed0-20260731,13,autopareto,0,bf16,cached_decode,headline,256,256,1,1,1,,,,,,,,,,,228791fb499afffb54b46200aca536f79142f117,0b252757d18c79a6a6ca319df6f813e337d41c571b34f1cd538cb138a0153cc0
951,125,autopareto-seed0-20260731,13,autopareto,0,bf16,cached_decode,headline,256,256,1,0,0,6.62636011838913,38633.5779260717,1.4346364159137,177.745383549039,132.193580627441,192.0,1.875,1.86767578125,1,0.114667892456055,228791fb499afffb54b46200aca536f79142f117,0b252757d18c79a6a6ca319df6f813e337d41c571b34f1cd538cb138a0153cc0
952,125,autopareto-seed0-20260731,13,autopareto,0,bf16,cached_decode,headline,256,256,1,1,0,7.97480344772339,32101.1046451661,1.42011795565486,179.562549001369,132.197486877441,192.0,1.875,1.86767578125,1,0.114667892456055,228791fb499afffb54b46200aca536f79142f117,0b252757d18c79a6a6ca319df6f813e337d41c571b34f1cd538cb138a0153cc0
953,125,autopareto-seed0-20260731,13,autopareto,0,bf16,cached_decode,headline,256,256,1,2,0,6.31561875343323,40534.4290075832,1.17104217596352,217.754753188278,132.197486877441,192.0,1.875,1.86767578125,1,0.114667892456055,228791fb499afffb54b46200aca536f79142f117,0b252757d18c79a6a6ca319df6f813e337d41c571b34f1cd538cb138a0153cc0
954,125,autopareto-seed0-20260731,13,autopareto,0,bf16,cached_decode,headline,256,256,1,3,0,4.03342954814434,63469.5603194006,0.983451118692756,259.290975578895,132.197486877441,192.0,1.875,1.86767578125,1,0.114667892456055,228791fb499afffb54b46200aca536f79142f117,0b252757d18c79a6a6ca319df6f813e337d41c571b34f1cd538cb138a0153cc0
955,125,autopareto-seed0-20260731,13,autopareto,0,bf16,cached_decode,headline,256,256,1,4,0,3.95248830318451,64769.3251346858,0.982604335993528,259.514425755271,132.197486877441,192.0,1.875,1.86767578125,1,0.114667892456055,228791fb499afffb54b46200aca536f79142f117,0b252757d18c79a6a6ca319df6f813e337d41c571b34f1cd538cb138a0153cc0
956,125,autopareto-seed0-20260731,13,autopareto,0,bf16,cached_decode,headline,256,256,1,5,0,3.90233099460602,65601.8160309454,0.972056090831757,262.330540804291,132.197486877441,192.0,1.875,1.86767578125,1,0.114667892456055,228791fb499afffb54b46200aca536f79142f117,0b252757d18c79a6a6ca319df6f813e337d41c571b34f1cd538cb138a0153cc0
957,125,autopareto-seed0-20260731,13,autopareto,0,bf16,cached_decode,headline,256,256,1,6,0,15.8425197005272,16159.0457098489,1.03019723668694,247.525416414497,132.197486877441,192.0,1.875,1.86767578125,1,0.114667892456055,228791fb499afffb54b46200aca536f79142f117,0b252757d18c79a6a6ca319df6f813e337d41c571b34f1cd538cb138a0153cc0
958,125,autopareto-seed0-20260731,13,autopareto,0,bf16,cached_decode,headline,256,256,1,7,0,4.99919056892395,51208.2899162419,0.987296540290117,258.281063078645,132.197486877441,192.0,1.875,1.86767578125,1,0.114667892456055,228791fb499afffb54b46200aca536f79142f117,0b252757d18c79a6a6ca319df6f813e337d41c571b34f1cd538cb138a0153cc0
959,125,autopareto-seed0-20260731,13,autopareto,0,bf16,cached_decode,headline,256,256,1,8,0,4.20529209077358,60875.6762845711,1.03536318428814,246.290387633711,132.197486877441,192.0,1.875,1.86767578125,1,0.114667892456055,228791fb499afffb54b46200aca536f79142f117,0b252757d18c79a6a6ca319df6f813e337d41c571b34f1cd538cb138a0153cc0
960,125,autopareto-seed0-20260731,13,autopareto,0,bf16,cached_decode,headline,256,256,1,9,0,6.3302107155323,40440.9918570101,0.993466783314943,256.676925975452,132.197486877441,192.0,1.875,1.86767578125,1,0.114667892456055,228791fb499afffb54b46200aca536f79142f117,0b252757d18c79a6a6ca319df6f813e337d41c571b34f1cd538cb138a0153cc0
961,126,autopareto-seed0-20260731,14,autopareto,0,bf16,cached_decode,headline,256,256,1,0,1,,,,,,,,,,,228791fb499afffb54b46200aca536f79142f117,0b252757d18c79a6a6ca319df6f813e337d41c571b34f1cd538cb138a0153cc0
962,126,autopareto-seed0-20260731,14,autopareto,0,bf16,cached_decode,headline,256,256,1,1,1,,,,,,,,,,,228791fb499afffb54b46200aca536f79142f117,0b252757d18c79a6a6ca319df6f813e337d41c571b34f1cd538cb138a0153cc0
963,126,autopareto-seed0-20260731,14,autopareto,0,bf16,cached_decode,headline,256,256,1,0,0,16.250828281045,15753.0432032563,1.19081812724471,214.138493667386,132.193580627441,160.0,1.875,1.86767578125,1,0.119172096252441,228791fb499afffb54b46200aca536f79142f117,0b252757d18c79a6a6ca319df6f813e337d41c571b34f1cd538cb138a0153cc0
964,126,autopareto-seed0-20260731,14,autopareto,0,bf16,cached_decode,headline,256,256,1,1,0,5.34390099346638,47905.0791384409,1.17090564407408,217.780144190565,132.197486877441,160.0,1.875,1.86767578125,1,0.119172096252441,228791fb499afffb54b46200aca536f79142f117,0b252757d18c79a6a6ca319df6f813e337d41c571b34f1cd538cb138a0153cc0
965,126,autopareto-seed0-20260731,14,autopareto,0,bf16,cached_decode,headline,256,256,1,2,0,4.75846603512764,53798.8499046065,1.18276529572904,215.596450894191,132.197486877441,160.0,1.875,1.86767578125,1,0.119172096252441,228791fb499afffb54b46200aca536f79142f117,0b252757d18c79a6a6ca319df6f813e337d41c571b34f1cd538cb138a0153cc0
966,126,autopareto-seed0-20260731,14,autopareto,0,bf16,cached_decode,headline,256,256,1,3,0,17.702791839838,14460.995887886,1.21251165494323,210.307256808958,132.197486877441,160.0,1.875,1.86767578125,1,0.119172096252441,228791fb499afffb54b46200aca536f79142f117,0b252757d18c79a6a6ca319df6f813e337d41c571b34f1cd538cb138a0153cc0
967,126,autopareto-seed0-20260731,14,autopareto,0,bf16,cached_decode,headline,256,256,1,4,0,15.1534415781498,16893.8520454082,1.2085790913552,210.991570037889,132.197486877441,160.0,1.875,1.86767578125,1,0.119172096252441,228791fb499afffb54b46200aca536f79142f117,0b252757d18c79a6a6ca319df6f813e337d41c571b34f1cd538cb138a0153cc0
968,126,autopareto-seed0-20260731,14,autopareto,0,bf16,cached_decode,headline,256,256,1,5,0,5.14934584498405,49715.052689531,1.15620269067585,220.549564584511,132.197486877441,160.0,1.875,1.86767578125,1,0.119172096252441,228791fb499afffb54b46200aca536f79142f117,0b252757d18c79a6a6ca319df6f813e337d41c571b34f1cd538cb138a0153cc0
969,126,autopareto-seed0-20260731,14,autopareto,0,bf16,cached_decode,headline,256,256,1,6,0,6.13370537757874,41736.5987182539,1.16589763574302,218.715599193654,132.197486877441,160.0,1.875,1.86767578125,1,0.119172096252441,228791fb499afffb54b46200aca536f79142f117,0b252757d18c79a6a6ca319df6f813e337d41c571b34f1cd538cb138a0153cc0
970,126,autopareto-seed0-20260731,14,autopareto,0,bf16,cached_decode,headline,256,256,1,7,0,7.17730633914471,35667.9773585513,1.17517908290029,216.988205210964,132.197486877441,160.0,1.875,1.86767578125,1,0.119172096252441,228791fb499afffb54b46200aca536f79142f117,0b252757d18c79a6a6ca319df6f813e337d41c571b34f1cd538cb138a0153cc0
971,126,autopareto-seed0-20260731,14,autopareto,0,bf16,cached_decode,headline,256,256,1,8,0,4.87690046429634,52492.3569538007,1.15890467911959,220.035352858979,132.197486877441,160.0,1.875,1.86767578125,1,0.119172096252441,228791fb499afffb54b46200aca536f79142f117,0b252757d18c79a6a6ca319df6f813e337d41c571b34f1cd538cb138a0153cc0
972,126,autopareto-seed0-20260731,14,autopareto,0,bf16,cached_decode,headline,256,256,1,9,0,10.1740974932909,25161.9369844661,1.18757783994079,214.722767151595,132.197486877441,160.0,1.875,1.86767578125,1,0.119172096252441,228791fb499afffb54b46200aca536f79142f117,0b252757d18c79a6a6ca319df6f813e337d41c571b34f1cd538cb138a0153cc0
973,127,autopareto-seed0-20260731,15,autopareto,0,bf16,cached_decode,headline,256,256,1,0,1,,,,,,,,,,,228791fb499afffb54b46200aca536f79142f117,0b252757d18c79a6a6ca319df6f813e337d41c571b34f1cd538cb138a0153cc0
974,127,autopareto-seed0-20260731,15,autopareto,0,bf16,cached_decode,headline,256,256,1,1,1,,,,,,,,,,,228791fb499afffb54b46200aca536f79142f117,0b252757d18c79a6a6ca319df6f813e337d41c571b34f1cd538cb138a0153cc0
975,127,autopareto-seed0-20260731,15,autopareto,0,bf16,cached_decode,headline,256,256,1,0,0,5.31565211713314,48159.6602559588,1.36034411936998,187.45256907355,132.193580627441,192.0,1.875,1.86767578125,1,0.108682870864868,228791fb499afffb54b46200aca536f79142f117,0b252757d18c79a6a6ca319df6f813e337d41c571b34f1cd538cb138a0153cc0
976,127,autopareto-seed0-20260731,15,autopareto,0,bf16,cached_decode,headline,256,256,1,1,0,5.87413646280766,43580.8738221992,1.39647185616195,182.603035553355,132.197486877441,192.0,1.875,1.86767578125,1,0.108682870864868,228791fb499afffb54b46200aca536f79142f117,0b252757d18c79a6a6ca319df6f813e337d41c571b34f1cd538cb138a0153cc0
977,127,autopareto-seed0-20260731,15,autopareto,0,bf16,cached_decode,headline,256,256,1,2,0,5.62265701591969,45530.0757764835,0.990953948348761,257.327800575304,132.197486877441,192.0,1.875,1.86767578125,1,0.108682870864868,228791fb499afffb54b46200aca536f79142f117,0b252757d18c79a6a6ca319df6f813e337d41c571b34f1cd538cb138a0153cc0
978,127,autopareto-seed0-20260731,15,autopareto,0,bf16,cached_decode,headline,256,256,1,3,0,4.00409661233425,63934.5212629025,0.977627173066139,260.835630417516,132.197486877441,192.0,1.875,1.86767578125,1,0.108682870864868,228791fb499afffb54b46200aca536f79142f117,0b252757d18c79a6a6ca319df6f813e337d41c571b34f1cd538cb138a0153cc0
979,127,autopareto-seed0-20260731,15,autopareto,0,bf16,cached_decode,headline,256,256,1,4,0,4.2190533131361,60677.1190122057,0.980656545609236,260.029876047562,132.197486877441,192.0,1.875,1.86767578125,1,0.108682870864868,228791fb499afffb54b46200aca536f79142f117,0b252757d18c79a6a6ca319df6f813e337d41c571b34f1cd538cb138a0153cc0
980,127,autopareto-seed0-20260731,15,autopareto,0,bf16,cached_decode,headline,256,256,1,5,0,16.7241133749485,15307.2389704957,1.03869012929499,245.501514655849,132.197486877441,192.0,1.875,1.86767578125,1,0.108682870864868,228791fb499afffb54b46200aca536f79142f117,0b252757d18c79a6a6ca319df6f813e337d41c571b34f1cd538cb138a0153cc0
981,127,autopareto-seed0-20260731,15,autopareto,0,bf16,cached_decode,headline,256,256,1,6,0,4.00478579103947,63923.5188490702,0.975457757711411,261.415728138011,132.197486877441,192.0,1.875,1.86767578125,1,0.108682870864868,228791fb499afffb54b46200aca536f79142f117,0b252757d18c79a6a6ca319df6f813e337d41c571b34f1cd538cb138a0153cc0
982,127,autopareto-seed0-20260731,15,autopareto,0,bf16,cached_decode,headline,256,256,1,7,0,4.12223301827908,62102.2632308334,0.981362011283636,259.842949969559,132.197486877441,192.0,1.875,1.86767578125,1,0.108682870864868,228791fb499afffb54b46200aca536f79142f117,0b252757d18c79a6a6ca319df6f813e337d41c571b34f1cd538cb138a0153cc0
983,127,autopareto-seed0-20260731,15,autopareto,0,bf16,cached_decode,headline,256,256,1,8,0,5.26214763522148,48649.3382067995,1.00984152778983,252.514867910117,132.197486877441,192.0,1.875,1.86767578125,1,0.108682870864868,228791fb499afffb54b46200aca536f79142f117,0b252757d18c79a6a6ca319df6f813e337d41c571b34f1cd538cb138a0153cc0
984,127,autopareto-seed0-20260731,15,autopareto,0,bf16,cached_decode,headline,256,256,1,9,0,5.22712618112564,48975.2860614647,0.98996090516448,257.585929575302,132.197486877441,192.0,1.875,1.86767578125,1,0.108682870864868,228791fb499afffb54b46200aca536f79142f117,0b252757d18c79a6a6ca319df6f813e337d41c571b34f1cd538cb138a0153cc0
985,128,autopareto-seed0-20260731,16,autopareto,0,bf16,cached_decode,headline,256,256,1,0,1,,,,,,,,,,,228791fb499afffb54b46200aca536f79142f117,0b252757d18c79a6a6ca319df6f813e337d41c571b34f1cd538cb138a0153cc0
986,128,autopareto-seed0-20260731,16,autopareto,0,bf16,cached_decode,headline,256,256,1,1,1,,,,,,,,,,,228791fb499afffb54b46200aca536f79142f117,0b252757d18c79a6a6ca319df6f813e337d41c571b34f1cd538cb138a0153cc0
987,128,autopareto-seed0-20260731,16,autopareto,0,bf16,cached_decode,headline,256,256,1,0,0,6.44793175160885,39702.6534804939,1.35188267566264,188.625836095584,132.193580627441,192.0,1.875,1.86767578125,1,0.112673282623291,228791fb499afffb54b46200aca536f79142f117,0b252757d18c79a6a6ca319df6f813e337d41c571b34f1cd538cb138a0153cc0
988,128,autopareto-seed0-20260731,16,autopareto,0,bf16,cached_decode,headline,256,256,1,1,0,5.83493150770664,43873.6940891048,1.36629887484014,186.635592472281,132.197486877441,192.0,1.875,1.86767578125,1,0.112673282623291,228791fb499afffb54b46200aca536f79142f117,0b252757d18c79a6a6ca319df6f813e337d41c571b34f1cd538cb138a0153cc0
989,128,autopareto-seed0-20260731,16,autopareto,0,bf16,cached_decode,headline,256,256,1,2,0,16.0070192068815,15992.9838710972,1.41006403975189,180.842850261517,132.197486877441,192.0,1.875,1.86767578125,1,0.112673282623291,228791fb499afffb54b46200aca536f79142f117,0b252757d18c79a6a6ca319df6f813e337d41c571b34f1cd538cb138a0153cc0
990,128,autopareto-seed0-20260731,16,autopareto,0,bf16,cached_decode,headline,256,256,1,3,0,6.05450011789799,42282.5988958571,1.37697047181427,185.189156354251,132.197486877441,192.0,1.875,1.86767578125,1,0.112673282623291,228791fb499afffb54b46200aca536f79142f117,0b252757d18c79a6a6ca319df6f813e337d41c571b34f1cd538cb138a0153cc0
991,128,autopareto-seed0-20260731,16,autopareto,0,bf16,cached_decode,headline,256,256,1,4,0,5.91524504125118,43278.0042440729,1.26469241268933,201.630054423866,132.197486877441,192.0,1.875,1.86767578125,1,0.112673282623291,228791fb499afffb54b46200aca536f79142f117,0b252757d18c79a6a6ca319df6f813e337d41c571b34f1cd538cb138a0153cc0
992,128,autopareto-seed0-20260731,16,autopareto,0,bf16,cached_decode,headline,256,256,1,5,0,6.29824958741665,40646.2139117931,1.01975540071726,250.059965184438,132.197486877441,192.0,1.875,1.86767578125,1,0.112673282623291,228791fb499afffb54b46200aca536f79142f117,0b252757d18c79a6a6ca319df6f813e337d41c571b34f1cd538cb138a0153cc0
993,128,autopareto-seed0-20260731,16,autopareto,0,bf16,cached_decode,headline,256,256,1,6,0,7.626598700881,33566.7326996539,1.01484933122993,251.268825975338,132.197486877441,192.0,1.875,1.86767578125,1,0.112673282623291,228791fb499afffb54b46200aca536f79142f117,0b252757d18c79a6a6ca319df6f813e337d41c571b34f1cd538cb138a0153cc0
994,128,autopareto-seed0-20260731,16,autopareto,0,bf16,cached_decode,headline,256,256,1,7,0,6.65813684463501,38449.1947182311,1.01523699425161,251.172880267209,132.197486877441,192.0,1.875,1.86767578125,1,0.112673282623291,228791fb499afffb54b46200aca536f79142f117,0b252757d18c79a6a6ca319df6f813e337d41c571b34f1cd538cb138a0153cc0
995,128,autopareto-seed0-20260731,16,autopareto,0,bf16,cached_decode,headline,256,256,1,8,0,4.36417944729328,58659.3661172146,0.998348640277982,255.421793261518,132.197486877441,192.0,1.875,1.86767578125,1,0.112673282623291,228791fb499afffb54b46200aca536f79142f117,0b252757d18c79a6a6ca319df6f813e337d41c571b34f1cd538cb138a0153cc0
996,128,autopareto-seed0-20260731,16,autopareto,0,bf16,cached_decode,headline,256,256,1,9,0,4.0038526058197,63938.4176200436,1.01611176691949,250.956645028404,132.197486877441,192.0,1.875,1.86767578125,1,0.112673282623291,228791fb499afffb54b46200aca536f79142f117,0b252757d18c79a6a6ca319df6f813e337d41c571b34f1cd538cb138a0153cc0
997,130,autopareto-seed0-20260731,18,autopareto,0,bf16,cached_decode,headline,256,256,1,0,1,,,,,,,,,,,228791fb499afffb54b46200aca536f79142f117,0b252757d18c79a6a6ca319df6f813e337d41c571b34f1cd538cb138a0153cc0
998,130,autopareto-seed0-20260731,18,autopareto,0,bf16,cached_decode,headline,256,256,1,1,1,,,,,,,,,,,228791fb499afffb54b46200aca536f79142f117,0b252757d18c79a6a6ca319df6f813e337d41c571b34f1cd538cb138a0153cc0
999,130,autopareto-seed0-20260731,18,autopareto,0,bf16,cached_decode,headline,256,256,1,0,0,4.33531403541565,59049.9322329843,0.941755855455995,270.770814455441,159.880889892578,224.0,2.0,1.9921875,1,0.116261005401611,228791fb499afffb54b46200aca536f79142f117,0b252757d18c79a6a6ca319df6f813e337d41c571b34f1cd538cb138a0153cc0
1000,130,autopareto-seed0-20260731,18,autopareto,0,bf16,cached_decode,headline,256,256,1,1,0,3.94500233232975,64892.2303295109,0.949975972995162,268.427841596893,159.884796142578,224.0,2.0,1.9921875,1,0.116261005401611,228791fb499afffb54b46200aca536f79142f117,0b252757d18c79a6a6ca319df6f813e337d41c571b34f1cd538cb138a0153cc0
1001,130,autopareto-seed0-20260731,18,autopareto,0,bf16,cached_decode,headline,256,256,1,2,0,4.3516643345356,58828.0667624884,0.935709182173014,272.520570341961,159.884796142578,224.0,2.0,1.9921875,1,0.116261005401611,228791fb499afffb54b46200aca536f79142f117,0b252757d18c79a6a6ca319df6f813e337d41c571b34f1cd538cb138a0153cc0
1002,130,autopareto-seed0-20260731,18,autopareto,0,bf16,cached_decode,headline,256,256,1,3,0,3.90523672103882,65553.0044109342,0.927246997132897,275.007630963999,159.884796142578,224.0,2.0,1.9921875,1,0.116261005401611,228791fb499afffb54b46200aca536f79142f117,0b252757d18c79a6a6ca319df6f813e337d41c571b34f1cd538cb138a0153cc0
1003,130,autopareto-seed0-20260731,18,autopareto,0,bf16,cached_decode,headline,256,256,1,4,0,3.84433381259441,66591.5116843701,0.824405590072274,309.313768696843,159.884796142578,224.0,2.0,1.9921875,1,0.116261005401611,228791fb499afffb54b46200aca536f79142f117,0b252757d18c79a6a6ca319df6f813e337d41c571b34f1cd538cb138a0153cc0
1004,130,autopareto-seed0-20260731,18,autopareto,0,bf16,cached_decode,headline,256,256,1,5,0,3.56125086545944,71884.8544153244,0.794456005096436,320.974350202119,159.884796142578,224.0,2.0,1.9921875,1,0.116261005401611,228791fb499afffb54b46200aca536f79142f117,0b252757d18c79a6a6ca319df6f813e337d41c571b34f1cd538cb138a0153cc0
1005,130,autopareto-seed0-20260731,18,autopareto,0,bf16,cached_decode,headline,256,256,1,6,0,3.325080499053,76990.6172415706,0.79129084572196,322.25824597698,159.884796142578,224.0,2.0,1.9921875,1,0.116261005401611,228791fb499afffb54b46200aca536f79142f117,0b252757d18c79a6a6ca319df6f813e337d41c571b34f1cd538cb138a0153cc0
1006,130,autopareto-seed0-20260731,18,autopareto,0,bf16,cached_decode,headline,256,256,1,7,0,3.34554724395275,76519.6188643676,0.790606878697872,322.53703688992,159.884796142578,224.0,2.0,1.9921875,1,0.116261005401611,228791fb499afffb54b46200aca536f79142f117,0b252757d18c79a6a6ca319df6f813e337d41c571b34f1cd538cb138a0153cc0
1007,130,autopareto-seed0-20260731,18,autopareto,0,bf16,cached_decode,headline,256,256,1,8,0,3.36049497127533,76179.2540052058,0.806593315675855,316.14444980409,159.884796142578,224.0,2.0,1.9921875,1,0.116261005401611,228791fb499afffb54b46200aca536f79142f117,0b252757d18c79a6a6ca319df6f813e337d41c571b34f1cd538cb138a0153cc0
1008,130,autopareto-seed0-20260731,18,autopareto,0,bf16,cached_decode,headline,256,256,1,9,0,4.79372777044773,53403.1159587708,0.799690617248416,318.873317380422,159.884796142578,224.0,2.0,1.9921875,1,0.116261005401611,228791fb499afffb54b46200aca536f79142f117,0b252757d18c79a6a6ca319df6f813e337d41c571b34f1cd538cb138a0153cc0
1009,131,autopareto-seed0-20260731,19,autopareto,0,bf16,cached_decode,headline,256,256,1,0,1,,,,,,,,,,,228791fb499afffb54b46200aca536f79142f117,0b252757d18c79a6a6ca319df6f813e337d41c571b34f1cd538cb138a0153cc0
1010,131,autopareto-seed0-20260731,19,autopareto,0,bf16,cached_decode,headline,256,256,1,1,1,,,,,,,,,,,228791fb499afffb54b46200aca536f79142f117,0b252757d18c79a6a6ca319df6f813e337d41c571b34f1cd538cb138a0153cc0
1011,131,autopareto-seed0-20260731,19,autopareto,0,bf16,cached_decode,headline,256,256,1,0,0,4.40595112740993,58103.231878219,0.95936375297606,265.801161664655,159.880889892578,224.0,2.0,1.9921875,1,0.116145968437195,228791fb499afffb54b46200aca536f79142f117,0b252757d18c79a6a6ca319df6f813e337d41c571b34f1cd538cb138a0153cc0
1012,131,autopareto-seed0-20260731,19,autopareto,0,bf16,cached_decode,headline,256,256,1,1,0,3.96270863711834,64602.2767361877,0.949396902695298,268.591565104189,159.884796142578,224.0,2.0,1.9921875,1,0.116145968437195,228791fb499afffb54b46200aca536f79142f117,0b252757d18c79a6a6ca319df6f813e337d41c571b34f1cd538cb138a0153cc0
1013,131,autopareto-seed0-20260731,19,autopareto,0,bf16,cached_decode,headline,256,256,1,2,0,4.12890501320362,62001.9107199973,0.946569504216313,269.39384679535,159.884796142578,224.0,2.0,1.9921875,1,0.116145968437195,228791fb499afffb54b46200aca536f79142f117,0b252757d18c79a6a6ca319df6f813e337d41c571b34f1cd538cb138a0153cc0
1014,131,autopareto-seed0-20260731,19,autopareto,0,bf16,cached_decode,headline,256,256,1,3,0,3.9160493761301,65372.0051540777,0.797232350334525,319.856563639195,159.884796142578,224.0,2.0,1.9921875,1,0.116145968437195,228791fb499afffb54b46200aca536f79142f117,0b252757d18c79a6a6ca319df6f813e337d41c571b34f1cd538cb138a0153cc0
1015,131,autopareto-seed0-20260731,19,autopareto,0,bf16,cached_decode,headline,256,256,1,4,0,3.86176258325577,66290.9732229504,0.818116284906864,311.691631989736,159.884796142578,224.0,2.0,1.9921875,1,0.116145968437195,228791fb499afffb54b46200aca536f79142f117,0b252757d18c79a6a6ca319df6f813e337d41c571b34f1cd538cb138a0153cc0
1016,131,autopareto-seed0-20260731,19,autopareto,0,bf16,cached_decode,headline,256,256,1,5,0,3.58025915920734,71503.2037112859,0.800588196143508,318.515812784093,159.884796142578,224.0,2.0,1.9921875,1,0.116145968437195,228791fb499afffb54b46200aca536f79142f117,0b252757d18c79a6a6ca319df6f813e337d41c571b34f1cd538cb138a0153cc0
1017,131,autopareto-seed0-20260731,19,autopareto,0,bf16,cached_decode,headline,256,256,1,6,0,3.92390415072441,65241.1450857531,0.812359312549233,313.900506907214,159.884796142578,224.0,2.0,1.9921875,1,0.116145968437195,228791fb499afffb54b46200aca536f79142f117,0b252757d18c79a6a6ca319df6f813e337d41c571b34f1cd538cb138a0153cc0
1018,131,autopareto-seed0-20260731,19,autopareto,0,bf16,cached_decode,headline,256,256,1,7,0,3.81093099713326,67175.1863763931,0.831891464069486,306.530372066302,159.884796142578,224.0,2.0,1.9921875,1,0.116145968437195,228791fb499afffb54b46200aca536f79142f117,0b252757d18c79a6a6ca319df6f813e337d41c571b34f1cd538cb138a0153cc0
1019,131,autopareto-seed0-20260731,19,autopareto,0,bf16,cached_decode,headline,256,256,1,8,0,4.8843938857317,52411.8254974947,0.815181832760572,312.813644455808,159.884796142578,224.0,2.0,1.9921875,1,0.116145968437195,228791fb499afffb54b46200aca536f79142f117,0b252757d18c79a6a6ca319df6f813e337d41c571b34f1cd538cb138a0153cc0
1020,131,autopareto-seed0-20260731,19,autopareto,0,bf16,cached_decode,headline,256,256,1,9,0,3.43227759003639,74586.0418583701,0.803756777197123,317.260155353515,159.884796142578,224.0,2.0,1.9921875,1,0.116145968437195,228791fb499afffb54b46200aca536f79142f117,0b252757d18c79a6a6ca319df6f813e337d41c571b34f1cd538cb138a0153cc0
1021,132,autopareto-seed0-20260731,20,autopareto,0,bf16,cached_decode,headline,256,256,1,0,1,,,,,,,,,,,228791fb499afffb54b46200aca536f79142f117,0b252757d18c79a6a6ca319df6f813e337d41c571b34f1cd538cb138a0153cc0
1022,132,autopareto-seed0-20260731,20,autopareto,0,bf16,cached_decode,headline,256,256,1,1,1,,,,,,,,,,,228791fb499afffb54b46200aca536f79142f117,0b252757d18c79a6a6ca319df6f813e337d41c571b34f1cd538cb138a0153cc0
1023,132,autopareto-seed0-20260731,20,autopareto,0,bf16,cached_decode,headline,256,256,1,0,0,4.32868860661983,59140.3132136834,0.944838350638747,269.887436118157,159.880889892578,192.0,2.0,1.9921875,1,0.118115425109863,228791fb499afffb54b46200aca536f79142f117,0b252757d18c79a6a6ca319df6f813e337d41c571b34f1cd538cb138a0153cc0
1024,132,autopareto-seed0-20260731,20,autopareto,0,bf16,cached_decode,headline,256,256,1,1,0,6.55548274517059,39051.2811872771,1.0372574031353,245.840617024488,159.884796142578,192.0,2.0,1.9921875,1,0.118115425109863,228791fb499afffb54b46200aca536f79142f117,0b252757d18c79a6a6ca319df6f813e337d41c571b34f1cd538cb138a0153cc0
1025,132,autopareto-seed0-20260731,20,autopareto,0,bf16,cached_decode,headline,256,256,1,2,0,3.9269682019949,65190.2401119399,0.953447263687849,267.450555171434,159.884796142578,192.0,2.0,1.9921875,1,0.118115425109863,228791fb499afffb54b46200aca536f79142f117,0b252757d18c79a6a6ca319df6f813e337d41c571b34f1cd538cb138a0153cc0
1026,132,autopareto-seed0-20260731,20,autopareto,0,bf16,cached_decode,headline,256,256,1,3,0,4.03409637510777,63459.0689453128,0.927198341116309,275.022062370162,159.884796142578,192.0,2.0,1.9921875,1,0.118115425109863,228791fb499afffb54b46200aca536f79142f117,0b252757d18c79a6a6ca319df6f813e337d41c571b34f1cd538cb138a0153cc0
1027,132,autopareto-seed0-20260731,20,autopareto,0,bf16,cached_decode,headline,256,256,1,4,0,3.3889003098011,75540.7290263504,0.792825555428863,321.634435537415,159.884796142578,192.0,2.0,1.9921875,1,0.118115425109863,228791fb499afffb54b46200aca536f79142f117,0b252757d18c79a6a6ca319df6f813e337d41c571b34f1cd538cb138a0153cc0
1028,132,autopareto-seed0-20260731,20,autopareto,0,bf16,cached_decode,headline,256,256,1,5,0,3.32959555089474,76886.2151834649,0.799225799739361,319.058769227869,159.884796142578,192.0,2.0,1.9921875,1,0.118115425109863,228791fb499afffb54b46200aca536f79142f117,0b252757d18c79a6a6ca319df6f813e337d41c571b34f1cd538cb138a0153cc0
1029,132,autopareto-seed0-20260731,20,autopareto,0,bf16,cached_decode,headline,256,256,1,6,0,3.42121720314026,74827.1696298684,0.80178583227098,318.040042286277,159.884796142578,192.0,2.0,1.9921875,1,0.118115425109863,228791fb499afffb54b46200aca536f79142f117,0b252757d18c79a6a6ca319df6f813e337d41c571b34f1cd538cb138a0153cc0
1030,132,autopareto-seed0-20260731,20,autopareto,0,bf16,cached_decode,headline,256,256,1,7,0,3.39835695922375,75330.5209169303,0.804943507537246,316.792417868158,159.884796142578,192.0,2.0,1.9921875,1,0.118115425109863,228791fb499afffb54b46200aca536f79142f117,0b252757d18c79a6a6ca319df6f813e337d41c571b34f1cd538cb138a0153cc0
1031,132,autopareto-seed0-20260731,20,autopareto,0,bf16,cached_decode,headline,256,256,1,8,0,3.83092649281025,66824.5659321451,0.818111846223474,311.693323079379,159.884796142578,192.0,2.0,1.9921875,1,0.118115425109863,228791fb499afffb54b46200aca536f79142f117,0b252757d18c79a6a6ca319df6f813e337d41c571b34f1cd538cb138a0153cc0
1032,132,autopareto-seed0-20260731,20,autopareto,0,bf16,cached_decode,headline,256,256,1,9,0,3.52131947875023,72700.0209849912,0.821688929572701,310.336419078454,159.884796142578,192.0,2.0,1.9921875,1,0.118115425109863,228791fb499afffb54b46200aca536f79142f117,0b252757d18c79a6a6ca319df6f813e337d41c571b34f1cd538cb138a0153cc0
1033,133,autopareto-seed0-20260731,21,autopareto,0,bf16,cached_decode,headline,256,256,1,0,1,,,,,,,,,,,228791fb499afffb54b46200aca536f79142f117,0b252757d18c79a6a6ca319df6f813e337d41c571b34f1cd538cb138a0153cc0
1034,133,autopareto-seed0-20260731,21,autopareto,0,bf16,cached_decode,headline,256,256,1,1,1,,,,,,,,,,,228791fb499afffb54b46200aca536f79142f117,0b252757d18c79a6a6ca319df6f813e337d41c571b34f1cd538cb138a0153cc0
1035,133,autopareto-seed0-20260731,21,autopareto,0,bf16,cached_decode,headline,256,256,1,0,0,4.58632409572601,55818.122456406,0.943962819874287,270.137758215901,159.880889892578,224.0,2.0,1.9921875,1,0.094853401184082,228791fb499afffb54b46200aca536f79142f117,0b252757d18c79a6a6ca319df6f813e337d41c571b34f1cd538cb138a0153cc0
1036,133,autopareto-seed0-20260731,21,autopareto,0,bf16,cached_decode,headline,256,256,1,1,0,4.06074896454811,63042.5574776914,0.894717495888472,285.006162472301,159.884796142578,224.0,2.0,1.9921875,1,0.094853401184082,228791fb499afffb54b46200aca536f79142f117,0b252757d18c79a6a6ca319df6f813e337d41c571b34f1cd538cb138a0153cc0
1037,133,autopareto-seed0-20260731,21,autopareto,0,bf16,cached_decode,headline,256,256,1,2,0,3.19162011146545,80210.0472673284,0.795845165848732,320.414084224605,159.884796142578,224.0,2.0,1.9921875,1,0.094853401184082,228791fb499afffb54b46200aca536f79142f117,0b252757d18c79a6a6ca319df6f813e337d41c571b34f1cd538cb138a0153cc0
1038,133,autopareto-seed0-20260731,21,autopareto,0,bf16,cached_decode,headline,256,256,1,3,0,3.2220147550106,79453.3915780151,0.788758054375648,323.293053662506,159.884796142578,224.0,2.0,1.9921875,1,0.094853401184082,228791fb499afffb54b46200aca536f79142f117,0b252757d18c79a6a6ca319df6f813e337d41c571b34f1cd538cb138a0153cc0
1039,133,autopareto-seed0-20260731,21,autopareto,0,bf16,cached_decode,headline,256,256,1,4,0,3.32239829003811,77052.7726213896,0.788295030593872,323.482947504937,159.884796142578,224.0,2.0,1.9921875,1,0.094853401184082,228791fb499afffb54b46200aca536f79142f117,0b252757d18c79a6a6ca319df6f813e337d41c571b34f1cd538cb138a0153cc0
1040,133,autopareto-seed0-20260731,21,autopareto,0,bf16,cached_decode,headline,256,256,1,5,0,3.36660631000996,76040.9672015505,0.787009224295616,324.011450092251,159.884796142578,224.0,2.0,1.9921875,1,0.094853401184082,228791fb499afffb54b46200aca536f79142f117,0b252757d18c79a6a6ca319df6f813e337d41c571b34f1cd538cb138a0153cc0
1041,133,autopareto-seed0-20260731,21,autopareto,0,bf16,cached_decode,headline,256,256,1,6,0,3.29567305743694,77677.6080449837,0.794540245085955,320.940319357157,159.884796142578,224.0,2.0,1.9921875,1,0.094853401184082,228791fb499afffb54b46200aca536f79142f117,0b252757d18c79a6a6ca319df6f813e337d41c571b34f1cd538cb138a0153cc0
1042,133,autopareto-seed0-20260731,21,autopareto,0,bf16,cached_decode,headline,256,256,1,7,0,3.89977544546127,65644.8053433291,0.946260064840317,269.481942094885,159.884796142578,224.0,2.0,1.9921875,1,0.094853401184082,228791fb499afffb54b46200aca536f79142f117,0b252757d18c79a6a6ca319df6f813e337d41c571b34f1cd538cb138a0153cc0
1043,133,autopareto-seed0-20260731,21,autopareto,0,bf16,cached_decode,headline,256,256,1,8,0,3.88075411319733,65966.5602439015,0.854751460254192,298.332336190647,159.884796142578,224.0,2.0,1.9921875,1,0.094853401184082,228791fb499afffb54b46200aca536f79142f117,0b252757d18c79a6a6ca319df6f813e337d41c571b34f1cd538cb138a0153cc0
1044,133,autopareto-seed0-20260731,21,autopareto,0,bf16,cached_decode,headline,256,256,1,9,0,3.40942479670048,75085.9793850704,0.800147036090493,318.691426073296,159.884796142578,224.0,2.0,1.9921875,1,0.094853401184082,228791fb499afffb54b46200aca536f79142f117,0b252757d18c79a6a6ca319df6f813e337d41c571b34f1cd538cb138a0153cc0
1045,134,autopareto-seed0-20260731,22,autopareto,0,bf16,cached_decode,headline,256,256,1,0,1,,,,,,,,,,,228791fb499afffb54b46200aca536f79142f117,0b252757d18c79a6a6ca319df6f813e337d41c571b34f1cd538cb138a0153cc0
1046,134,autopareto-seed0-20260731,22,autopareto,0,bf16,cached_decode,headline,256,256,1,1,1,,,,,,,,,,,228791fb499afffb54b46200aca536f79142f117,0b252757d18c79a6a6ca319df6f813e337d41c571b34f1cd538cb138a0153cc0
1047,134,autopareto-seed0-20260731,22,autopareto,0,bf16,cached_decode,headline,256,256,1,0,0,4.2470283806324,60277.4403786491,0.931899776682258,273.634575713548,159.880889892578,224.0,2.0,1.9921875,1,0.116003036499023,228791fb499afffb54b46200aca536f79142f117,0b252757d18c79a6a6ca319df6f813e337d41c571b34f1cd538cb138a0153cc0
1048,134,autopareto-seed0-20260731,22,autopareto,0,bf16,cached_decode,headline,256,256,1,1,0,3.86618264019489,66215.1853196193,0.944747997447848,269.913247436205,159.884796142578,224.0,2.0,1.9921875,1,0.116003036499023,228791fb499afffb54b46200aca536f79142f117,0b252757d18c79a6a6ca319df6f813e337d41c571b34f1cd538cb138a0153cc0
1049,134,autopareto-seed0-20260731,22,autopareto,0,bf16,cached_decode,headline,256,256,1,2,0,3.93628887832165,65035.8771709746,0.82577851600945,308.799508653095,159.884796142578,224.0,2.0,1.9921875,1,0.116003036499023,228791fb499afffb54b46200aca536f79142f117,0b252757d18c79a6a6ca319df6f813e337d41c571b34f1cd538cb138a0153cc0
1050,134,autopareto-seed0-20260731,22,autopareto,0,bf16,cached_decode,headline,256,256,1,3,0,3.58589366078377,71390.8509891635,0.799238448962569,319.05371961396,159.884796142578,224.0,2.0,1.9921875,1,0.116003036499023,228791fb499afffb54b46200aca536f79142f117,0b252757d18c79a6a6ca319df6f813e337d41c571b34f1cd538cb138a0153cc0
1051,134,autopareto-seed0-20260731,22,autopareto,0,bf16,cached_decode,headline,256,256,1,4,0,3.40131856501102,75264.9289112295,0.796663027256727,320.085144252371,159.884796142578,224.0,2.0,1.9921875,1,0.116003036499023,228791fb499afffb54b46200aca536f79142f117,0b252757d18c79a6a6ca319df6f813e337d41c571b34f1cd538cb138a0153cc0
1052,134,autopareto-seed0-20260731,22,autopareto,0,bf16,cached_decode,headline,256,256,1,5,0,3.40633280575275,75154.1363097748,0.801213443279266,318.267250929187,159.884796142578,224.0,2.0,1.9921875,1,0.116003036499023,228791fb499afffb54b46200aca536f79142f117,0b252757d18c79a6a6ca319df6f813e337d41c571b34f1cd538cb138a0153cc0
1053,134,autopareto-seed0-20260731,22,autopareto,0,bf16,cached_decode,headline,256,256,1,6,0,3.88493947684765,65895.4924589265,0.957937045022845,266.19703384988,159.884796142578,224.0,2.0,1.9921875,1,0.116003036499023,228791fb499afffb54b46200aca536f79142f117,0b252757d18c79a6a6ca319df6f813e337d41c571b34f1cd538cb138a0153cc0
1054,134,autopareto-seed0-20260731,22,autopareto,0,bf16,cached_decode,headline,256,256,1,7,0,3.46488878130913,73884.0453930173,0.814253408461809,313.170319399357,159.884796142578,224.0,2.0,1.9921875,1,0.116003036499023,228791fb499afffb54b46200aca536f79142f117,0b252757d18c79a6a6ca319df6f813e337d41c571b34f1cd538cb138a0153cc0
1055,134,autopareto-seed0-20260731,22,autopareto,0,bf16,cached_decode,headline,256,256,1,8,0,3.70122864842415,69166.2213597627,0.815691124647856,312.618333453226,159.884796142578,224.0,2.0,1.9921875,1,0.116003036499023,228791fb499afffb54b46200aca536f79142f117,0b252757d18c79a6a6ca319df6f813e337d41c571b34f1cd538cb138a0153cc0
1056,134,autopareto-seed0-20260731,22,autopareto,0,bf16,cached_decode,headline,256,256,1,9,0,3.67098115384579,69736.1248318613,0.814548904076219,313.056709945729,159.884796142578,224.0,2.0,1.9921875,1,0.116003036499023,228791fb499afffb54b46200aca536f79142f117,0b252757d18c79a6a6ca319df6f813e337d41c571b34f1cd538cb138a0153cc0
1057,135,autopareto-seed0-20260731,23,autopareto,0,bf16,cached_decode,headline,256,256,1,0,1,,,,,,,,,,,228791fb499afffb54b46200aca536f79142f117,0b252757d18c79a6a6ca319df6f813e337d41c571b34f1cd538cb138a0153cc0
1058,135,autopareto-seed0-20260731,23,autopareto,0,bf16,cached_decode,headline,256,256,1,1,1,,,,,,,,,,,228791fb499afffb54b46200aca536f79142f117,0b252757d18c79a6a6ca319df6f813e337d41c571b34f1cd538cb138a0153cc0
1059,135,autopareto-seed0-20260731,23,autopareto,0,bf16,cached_decode,headline,256,256,1,0,0,4.46250848472118,57366.8377049584,0.976848853752017,261.043455208613,144.880157470703,160.0,1.0,0.99609375,1,0.128327369689941,228791fb499afffb54b46200aca536f79142f117,0b252757d18c79a6a6ca319df6f813e337d41c571b34f1cd538cb138a0153cc0
1060,135,autopareto-seed0-20260731,23,autopareto,0,bf16,cached_decode,headline,256,256,1,1,0,4.12565283477306,62050.7857186393,0.977756900712848,260.80102304989,144.884063720703,160.0,1.0,0.99609375,1,0.128327369689941,228791fb499afffb54b46200aca536f79142f117,0b252757d18c79a6a6ca319df6f813e337d41c571b34f1cd538cb138a0153cc0
1061,135,autopareto-seed0-20260731,23,autopareto,0,bf16,cached_decode,headline,256,256,1,2,0,4.11314703524113,62239.4477529278,0.854068057611585,298.571053825747,144.884063720703,160.0,1.0,0.99609375,1,0.128327369689941,228791fb499afffb54b46200aca536f79142f117,0b252757d18c79a6a6ca319df6f813e337d41c571b34f1cd538cb138a0153cc0
1062,135,autopareto-seed0-20260731,23,autopareto,0,bf16,cached_decode,headline,256,256,1,3,0,3.64522822201252,70228.7989690432,0.827005695551634,308.341286367935,144.884063720703,160.0,1.0,0.99609375,1,0.128327369689941,228791fb499afffb54b46200aca536f79142f117,0b252757d18c79a6a6ca319df6f813e337d41c571b34f1cd538cb138a0153cc0
1063,135,autopareto-seed0-20260731,23,autopareto,0,bf16,cached_decode,headline,256,256,1,4,0,3.51695716381073,72790.1956367919,0.823248075321317,309.748674359758,144.884063720703,160.0,1.0,0.99609375,1,0.128327369689941,228791fb499afffb54b46200aca536f79142f117,0b252757d18c79a6a6ca319df6f813e337d41c571b34f1cd538cb138a0153cc0
1064,135,autopareto-seed0-20260731,23,autopareto,0,bf16,cached_decode,headline,256,256,1,5,0,3.85722517967224,66368.9538658858,0.845581477507949,301.567627464502,144.884063720703,160.0,1.0,0.99609375,1,0.128327369689941,228791fb499afffb54b46200aca536f79142f117,0b252757d18c79a6a6ca319df6f813e337d41c571b34f1cd538cb138a0153cc0
1065,135,autopareto-seed0-20260731,23,autopareto,0,bf16,cached_decode,headline,256,256,1,6,0,3.59713472425938,71167.7542332553,0.825923230499029,308.745402216047,144.884063720703,160.0,1.0,0.99609375,1,0.128327369689941,228791fb499afffb54b46200aca536f79142f117,0b252757d18c79a6a6ca319df6f813e337d41c571b34f1cd538cb138a0153cc0
1066,135,autopareto-seed0-20260731,23,autopareto,0,bf16,cached_decode,headline,256,256,1,7,0,3.94110381603241,64956.4213352087,0.925299912691116,275.586322339927,144.884063720703,160.0,1.0,0.99609375,1,0.128327369689941,228791fb499afffb54b46200aca536f79142f117,0b252757d18c79a6a6ca319df6f813e337d41c571b34f1cd538cb138a0153cc0
1067,135,autopareto-seed0-20260731,23,autopareto,0,bf16,cached_decode,headline,256,256,1,8,0,4.18786518275738,61128.9974314417,1.01129165664315,252.152777415804,144.884063720703,160.0,1.0,0.99609375,1,0.128327369689941,228791fb499afffb54b46200aca536f79142f117,0b252757d18c79a6a6ca319df6f813e337d41c571b34f1cd538cb138a0153cc0
1068,135,autopareto-seed0-20260731,23,autopareto,0,bf16,cached_decode,headline,256,256,1,9,0,4.16274741292,61497.8461593533,0.993659388273954,256.62717326402,144.884063720703,160.0,1.0,0.99609375,1,0.128327369689941,228791fb499afffb54b46200aca536f79142f117,0b252757d18c79a6a6ca319df6f813e337d41c571b34f1cd538cb138a0153cc0
1069,136,autopareto-seed0-20260731,24,autopareto,0,bf16,cached_decode,headline,256,256,1,0,1,,,,,,,,,,,228791fb499afffb54b46200aca536f79142f117,0b252757d18c79a6a6ca319df6f813e337d41c571b34f1cd538cb138a0153cc0
1070,136,autopareto-seed0-20260731,24,autopareto,0,bf16,cached_decode,headline,256,256,1,1,1,,,,,,,,,,,228791fb499afffb54b46200aca536f79142f117,0b252757d18c79a6a6ca319df6f813e337d41c571b34f1cd538cb138a0153cc0
1071,136,autopareto-seed0-20260731,24,autopareto,0,bf16,cached_decode,headline,256,256,1,0,0,3.32550331950188,76980.8282850687,0.713407406583428,357.439518635246,105.193016052246,128.0,1.125,1.12060546875,1,0.114252090454102,228791fb499afffb54b46200aca536f79142f117,0b252757d18c79a6a6ca319df6f813e337d41c571b34f1cd538cb138a0153cc0
1072,136,autopareto-seed0-20260731,24,autopareto,0,bf16,cached_decode,headline,256,256,1,1,0,5.15690818428993,49642.148134396,0.74107157625258,344.096316970452,105.196922302246,128.0,1.125,1.12060546875,1,0.114252090454102,228791fb499afffb54b46200aca536f79142f117,0b252757d18c79a6a6ca319df6f813e337d41c571b34f1cd538cb138a0153cc0
1073,136,autopareto-seed0-20260731,24,autopareto,0,bf16,cached_decode,headline,256,256,1,2,0,3.08276526629925,83042.3265756199,0.720269167795777,354.034313006026,105.196922302246,128.0,1.125,1.12060546875,1,0.114252090454102,228791fb499afffb54b46200aca536f79142f117,0b252757d18c79a6a6ca319df6f813e337d41c571b34f1cd538cb138a0153cc0
1074,136,autopareto-seed0-20260731,24,autopareto,0,bf16,cached_decode,headline,256,256,1,3,0,3.11184488236904,82266.3113609659,0.721569983288646,353.396075094207,105.196922302246,128.0,1.125,1.12060546875,1,0.114252090454102,228791fb499afffb54b46200aca536f79142f117,0b252757d18c79a6a6ca319df6f813e337d41c571b34f1cd538cb138a0153cc0
1075,136,autopareto-seed0-20260731,24,autopareto,0,bf16,cached_decode,headline,256,256,1,4,0,3.52904200553894,72540.9330912469,0.725580297410488,351.442839490082,105.196922302246,128.0,1.125,1.12060546875,1,0.114252090454102,228791fb499afffb54b46200aca536f79142f117,0b252757d18c79a6a6ca319df6f813e337d41c571b34f1cd538cb138a0153cc0
1076,136,autopareto-seed0-20260731,24,autopareto,0,bf16,cached_decode,headline,256,256,1,5,0,3.08641977608204,82943.999382019,0.721137396991253,353.608065625105,105.196922302246,128.0,1.125,1.12060546875,1,0.114252090454102,228791fb499afffb54b46200aca536f79142f117,0b252757d18c79a6a6ca319df6f813e337d41c571b34f1cd538cb138a0153cc0
1077,136,autopareto-seed0-20260731,24,autopareto,0,bf16,cached_decode,headline,256,256,1,6,0,3.03303450345993,84403.9194766721,0.792686924338341,321.690685402499,105.196922302246,128.0,1.125,1.12060546875,1,0.114252090454102,228791fb499afffb54b46200aca536f79142f117,0b252757d18c79a6a6ca319df6f813e337d41c571b34f1cd538cb138a0153cc0
1078,136,autopareto-seed0-20260731,24,autopareto,0,bf16,cached_decode,headline,256,256,1,7,0,4.16846573352814,61413.4831290372,0.73134089820087,348.674606640092,105.196922302246,128.0,1.125,1.12060546875,1,0.114252090454102,228791fb499afffb54b46200aca536f79142f117,0b252757d18c79a6a6ca319df6f813e337d41c571b34f1cd538cb138a0153cc0
1079,136,autopareto-seed0-20260731,24,autopareto,0,bf16,cached_decode,headline,256,256,1,8,0,3.44559922814369,74297.6716238468,0.727029806002975,350.74215375285,105.196922302246,128.0,1.125,1.12060546875,1,0.114252090454102,228791fb499afffb54b46200aca536f79142f117,0b252757d18c79a6a6ca319df6f813e337d41c571b34f1cd538cb138a0153cc0
1080,136,autopareto-seed0-20260731,24,autopareto,0,bf16,cached_decode,headline,256,256,1,9,0,4.08651120960712,62645.1236443841,0.75180296599865,339.184615561171,105.196922302246,128.0,1.125,1.12060546875,1,0.114252090454102,228791fb499afffb54b46200aca536f79142f117,0b252757d18c79a6a6ca319df6f813e337d41c571b34f1cd538cb138a0153cc0
1081,137,autopareto-seed0-20260731,25,autopareto,0,bf16,cached_decode,headline,256,256,1,0,1,,,,,,,,,,,228791fb499afffb54b46200aca536f79142f117,0b252757d18c79a6a6ca319df6f813e337d41c571b34f1cd538cb138a0153cc0
1082,137,autopareto-seed0-20260731,25,autopareto,0,bf16,cached_decode,headline,256,256,1,1,1,,,,,,,,,,,228791fb499afffb54b46200aca536f79142f117,0b252757d18c79a6a6ca319df6f813e337d41c571b34f1cd538cb138a0153cc0
1083,137,autopareto-seed0-20260731,25,autopareto,0,bf16,cached_decode,headline,256,256,1,0,0,3.42007540166378,74852.1508840017,0.730971783399582,348.850674938578,141.380882263184,192.0,1.5,1.494140625,1,0.101349055767059,228791fb499afffb54b46200aca536f79142f117,0b252757d18c79a6a6ca319df6f813e337d41c571b34f1cd538cb138a0153cc0
1084,137,autopareto-seed0-20260731,25,autopareto,0,bf16,cached_decode,headline,256,256,1,1,0,3.09062004089355,82831.2754763558,0.726451763883233,351.021241433709,141.384788513184,192.0,1.5,1.494140625,1,0.101349055767059,228791fb499afffb54b46200aca536f79142f117,0b252757d18c79a6a6ca319df6f813e337d41c571b34f1cd538cb138a0153cc0
1085,137,autopareto-seed0-20260731,25,autopareto,0,bf16,cached_decode,headline,256,256,1,2,0,3.06744128465652,83457.1801848411,0.729790300130844,349.415441606008,141.384788513184,192.0,1.5,1.494140625,1,0.101349055767059,228791fb499afffb54b46200aca536f79142f117,0b252757d18c79a6a6ca319df6f813e337d41c571b34f1cd538cb138a0153cc0
1086,137,autopareto-seed0-20260731,25,autopareto,0,bf16,cached_decode,headline,256,256,1,3,0,3.10561992228031,82431.2074260623,0.72802128456533,350.264484577878,141.384788513184,192.0,1.5,1.494140625,1,0.101349055767059,228791fb499afffb54b46200aca536f79142f117,0b252757d18c79a6a6ca319df6f813e337d41c571b34f1cd538cb138a0153cc0
1087,137,autopareto-seed0-20260731,25,autopareto,0,bf16,cached_decode,headline,256,256,1,4,0,3.15246358513832,81206.3305685314,0.6312539242208,403.957884800105,141.384788513184,192.0,1.5,1.494140625,1,0.101349055767059,228791fb499afffb54b46200aca536f79142f117,0b252757d18c79a6a6ca319df6f813e337d41c571b34f1cd538cb138a0153cc0
1088,137,autopareto-seed0-20260731,25,autopareto,0,bf16,cached_decode,headline,256,256,1,5,0,2.69017927348614,95160.9442995432,0.617670752108097,412.841306035117,141.384788513184,192.0,1.5,1.494140625,1,0.101349055767059,228791fb499afffb54b46200aca536f79142f117,0b252757d18c79a6a6ca319df6f813e337d41c571b34f1cd538cb138a0153cc0
1089,137,autopareto-seed0-20260731,25,autopareto,0,bf16,cached_decode,headline,256,256,1,6,0,2.65577994287014,96393.5286458023,0.614926228299737,414.683889326158,141.384788513184,192.0,1.5,1.494140625,1,0.101349055767059,228791fb499afffb54b46200aca536f79142f117,0b252757d18c79a6a6ca319df6f813e337d41c571b34f1cd538cb138a0153cc0
1090,137,autopareto-seed0-20260731,25,autopareto,0,bf16,cached_decode,headline,256,256,1,7,0,2.71899253129959,94152.5204843576,0.615999545902014,413.961344121774,141.384788513184,192.0,1.5,1.494140625,1,0.101349055767059,228791fb499afffb54b46200aca536f79142f117,0b252757d18c79a6a6ca319df6f813e337d41c571b34f1cd538cb138a0153cc0
1091,137,autopareto-seed0-20260731,25,autopareto,0,bf16,cached_decode,headline,256,256,1,8,0,2.66481004655361,96066.884891508,0.617632392793894,412.866946382934,141.384788513184,192.0,1.5,1.494140625,1,0.101349055767059,228791fb499afffb54b46200aca536f79142f117,0b252757d18c79a6a6ca319df6f813e337d41c571b34f1cd538cb138a0153cc0
1092,137,autopareto-seed0-20260731,25,autopareto,0,bf16,cached_decode,headline,256,256,1,9,0,2.69640050828457,94941.3854557035,0.615762609988451,414.120630034329,141.384788513184,192.0,1.5,1.494140625,1,0.101349055767059,228791fb499afffb54b46200aca536f79142f117,0b252757d18c79a6a6ca319df6f813e337d41c571b34f1cd538cb138a0153cc0
1093,138,autopareto-seed1-20260731,1,autopareto,1,bf16,cached_decode,headline,256,256,1,0,1,,,,,,,,,,,228791fb499afffb54b46200aca536f79142f117,0b252757d18c79a6a6ca319df6f813e337d41c571b34f1cd538cb138a0153cc0
1094,138,autopareto-seed1-20260731,1,autopareto,1,bf16,cached_decode,headline,256,256,1,1,1,,,,,,,,,,,228791fb499afffb54b46200aca536f79142f117,0b252757d18c79a6a6ca319df6f813e337d41c571b34f1cd538cb138a0153cc0
1095,138,autopareto-seed1-20260731,1,autopareto,1,bf16,cached_decode,headline,256,256,1,0,0,8.36050510406494,30620.159525473,1.59243635088205,160.131988860186,249.882385253906,288.0,4.0,3.984375,1,0.130964517593384,228791fb499afffb54b46200aca536f79142f117,0b252757d18c79a6a6ca319df6f813e337d41c571b34f1cd538cb138a0153cc0
1096,138,autopareto-seed1-20260731,1,autopareto,1,bf16,cached_decode,headline,256,256,1,1,0,6.3775721937418,40140.6667338409,1.59324802458286,160.050410272288,249.886291503906,288.0,4.0,3.984375,1,0.130964517593384,228791fb499afffb54b46200aca536f79142f117,0b252757d18c79a6a6ca319df6f813e337d41c571b34f1cd538cb138a0153cc0
1097,138,autopareto-seed1-20260731,1,autopareto,1,bf16,cached_decode,headline,256,256,1,2,0,7.31298513710499,35006.2245718365,1.59062146767974,160.314697859555,249.886291503906,288.0,4.0,3.984375,1,0.130964517593384,228791fb499afffb54b46200aca536f79142f117,0b252757d18c79a6a6ca319df6f813e337d41c571b34f1cd538cb138a0153cc0
1098,138,autopareto-seed1-20260731,1,autopareto,1,bf16,cached_decode,headline,256,256,1,3,0,6.38496316969395,40094.2015163215,1.63798351585865,155.679222367709,249.886291503906,288.0,4.0,3.984375,1,0.130964517593384,228791fb499afffb54b46200aca536f79142f117,0b252757d18c79a6a6ca319df6f813e337d41c571b34f1cd538cb138a0153cc0
1099,138,autopareto-seed1-20260731,1,autopareto,1,bf16,cached_decode,headline,256,256,1,4,0,6.56360015273094,39002.9852585528,1.6273189317435,156.699461319973,249.886291503906,288.0,4.0,3.984375,1,0.130964517593384,228791fb499afffb54b46200aca536f79142f117,0b252757d18c79a6a6ca319df6f813e337d41c571b34f1cd538cb138a0153cc0
1100,138,autopareto-seed1-20260731,1,autopareto,1,bf16,cached_decode,headline,256,256,1,5,0,6.48771785199642,39459.1759136416,1.58774751424789,160.604880632291,249.886291503906,288.0,4.0,3.984375,1,0.130964517593384,228791fb499afffb54b46200aca536f79142f117,0b252757d18c79a6a6ca319df6f813e337d41c571b34f1cd538cb138a0153cc0
1101,138,autopareto-seed1-20260731,1,autopareto,1,bf16,cached_decode,headline,256,256,1,6,0,7.16369785368443,35735.7338666,1.60996450856328,158.388584744368,249.886291503906,288.0,4.0,3.984375,1,0.130964517593384,228791fb499afffb54b46200aca536f79142f117,0b252757d18c79a6a6ca319df6f813e337d41c571b34f1cd538cb138a0153cc0
1102,138,autopareto-seed1-20260731,1,autopareto,1,bf16,cached_decode,headline,256,256,1,7,0,6.40992820262909,39938.0448434663,1.59197885729373,160.178006656122,249.886291503906,288.0,4.0,3.984375,1,0.130964517593384,228791fb499afffb54b46200aca536f79142f117,0b252757d18c79a6a6ca319df6f813e337d41c571b34f1cd538cb138a0153cc0
1103,138,autopareto-seed1-20260731,1,autopareto,1,bf16,cached_decode,headline,256,256,1,8,0,6.33466243743896,40412.5717081616,1.63092493079603,156.352996502137,249.886291503906,288.0,4.0,3.984375,1,0.130964517593384,228791fb499afffb54b46200aca536f79142f117,0b252757d18c79a6a6ca319df6f813e337d41c571b34f1cd538cb138a0153cc0
1104,138,autopareto-seed1-20260731,1,autopareto,1,bf16,cached_decode,headline,256,256,1,9,0,8.18245112895966,31286.4685612303,1.5936526209116,160.00977669408,249.886291503906,288.0,4.0,3.984375,1,0.130964517593384,228791fb499afffb54b46200aca536f79142f117,0b252757d18c79a6a6ca319df6f813e337d41c571b34f1cd538cb138a0153cc0
1105,139,autopareto-seed1-20260731,2,autopareto,1,bf16,cached_decode,headline,256,256,1,0,1,,,,,,,,,,,228791fb499afffb54b46200aca536f79142f117,0b252757d18c79a6a6ca319df6f813e337d41c571b34f1cd538cb138a0153cc0
1106,139,autopareto-seed1-20260731,2,autopareto,1,bf16,cached_decode,headline,256,256,1,1,1,,,,,,,,,,,228791fb499afffb54b46200aca536f79142f117,0b252757d18c79a6a6ca319df6f813e337d41c571b34f1cd538cb138a0153cc0
1107,139,autopareto-seed1-20260731,2,autopareto,1,bf16,cached_decode,headline,256,256,1,0,0,7.32631795108318,34942.5184259374,1.37730391509831,185.144322327581,231.382377624512,256.0,3.5,3.486328125,1,0.113972187042236,228791fb499afffb54b46200aca536f79142f117,0b252757d18c79a6a6ca319df6f813e337d41c571b34f1cd538cb138a0153cc0
1108,139,autopareto-seed1-20260731,2,autopareto,1,bf16,cached_decode,headline,256,256,1,1,0,5.7452954351902,44558.1959862304,1.38361797295511,184.29942728727,231.386283874512,256.0,3.5,3.486328125,1,0.113972187042236,228791fb499afffb54b46200aca536f79142f117,0b252757d18c79a6a6ca319df6f813e337d41c571b34f1cd538cb138a0153cc0
1109,139,autopareto-seed1-20260731,2,autopareto,1,bf16,cached_decode,headline,256,256,1,2,0,5.69913163781166,44919.1238717024,1.36691791564226,186.551070171749,231.386283874512,256.0,3.5,3.486328125,1,0.113972187042236,228791fb499afffb54b46200aca536f79142f117,0b252757d18c79a6a6ca319df6f813e337d41c571b34f1cd538cb138a0153cc0
1110,139,autopareto-seed1-20260731,2,autopareto,1,bf16,cached_decode,headline,256,256,1,3,0,5.89882209897041,43398.4947680796,1.37884169630706,184.937836361465,231.386283874512,256.0,3.5,3.486328125,1,0.113972187042236,228791fb499afffb54b46200aca536f79142f117,0b252757d18c79a6a6ca319df6f813e337d41c571b34f1cd538cb138a0153cc0
1111,139,autopareto-seed1-20260731,2,autopareto,1,bf16,cached_decode,headline,256,256,1,4,0,5.4932851344347,46602.3506399226,1.37636971473694,185.269987612839,231.386283874512,256.0,3.5,3.486328125,1,0.113972187042236,228791fb499afffb54b46200aca536f79142f117,0b252757d18c79a6a6ca319df6f813e337d41c571b34f1cd538cb138a0153cc0
1112,139,autopareto-seed1-20260731,2,autopareto,1,bf16,cached_decode,headline,256,256,1,5,0,6.60934671759605,38733.0262639198,1.37150868214667,185.926639269157,231.386283874512,256.0,3.5,3.486328125,1,0.113972187042236,228791fb499afffb54b46200aca536f79142f117,0b252757d18c79a6a6ca319df6f813e337d41c571b34f1cd538cb138a0153cc0
1113,139,autopareto-seed1-20260731,2,autopareto,1,bf16,cached_decode,headline,256,256,1,6,0,5.70173189043999,44898.6386801581,1.37707606703043,185.174955912123,231.386283874512,256.0,3.5,3.486328125,1,0.113972187042236,228791fb499afffb54b46200aca536f79142f117,0b252757d18c79a6a6ca319df6f813e337d41c571b34f1cd538cb138a0153cc0
1114,139,autopareto-seed1-20260731,2,autopareto,1,bf16,cached_decode,headline,256,256,1,7,0,5.72862662374973,44687.8487312606,1.37182109057903,185.88429770559,231.386283874512,256.0,3.5,3.486328125,1,0.113972187042236,228791fb499afffb54b46200aca536f79142f117,0b252757d18c79a6a6ca319df6f813e337d41c571b34f1cd538cb138a0153cc0
1115,139,autopareto-seed1-20260731,2,autopareto,1,bf16,cached_decode,headline,256,256,1,8,0,5.49251027405262,46608.9251046793,1.36724200285971,186.506850628231,231.386283874512,256.0,3.5,3.486328125,1,0.113972187042236,228791fb499afffb54b46200aca536f79142f117,0b252757d18c79a6a6ca319df6f813e337d41c571b34f1cd538cb138a0153cc0
1116,139,autopareto-seed1-20260731,2,autopareto,1,bf16,cached_decode,headline,256,256,1,9,0,6.43273442983627,39796.4509171438,1.37563215196133,185.369322486706,231.386283874512,256.0,3.5,3.486328125,1,0.113972187042236,228791fb499afffb54b46200aca536f79142f117,0b252757d18c79a6a6ca319df6f813e337d41c571b34f1cd538cb138a0153cc0
1117,140,autopareto-seed1-20260731,3,autopareto,1,bf16,cached_decode,headline,256,256,1,0,1,,,,,,,,,,,228791fb499afffb54b46200aca536f79142f117,0b252757d18c79a6a6ca319df6f813e337d41c571b34f1cd538cb138a0153cc0
1118,140,autopareto-seed1-20260731,3,autopareto,1,bf16,cached_decode,headline,256,256,1,1,1,,,,,,,,,,,228791fb499afffb54b46200aca536f79142f117,0b252757d18c79a6a6ca319df6f813e337d41c571b34f1cd538cb138a0153cc0
1119,140,autopareto-seed1-20260731,3,autopareto,1,bf16,cached_decode,headline,256,256,1,0,0,6.26876763999462,40837.3726227664,1.3883048389107,183.677239215041,142.693588256836,160.0,2.25,2.2412109375,1,0.116261005401611,228791fb499afffb54b46200aca536f79142f117,0b252757d18c79a6a6ca319df6f813e337d41c571b34f1cd538cb138a0153cc0
1120,140,autopareto-seed1-20260731,3,autopareto,1,bf16,cached_decode,headline,256,256,1,1,0,5.5235717445612,46346.8226428074,1.16679187305272,218.54797405542,142.697494506836,160.0,2.25,2.2412109375,1,0.116261005401611,228791fb499afffb54b46200aca536f79142f117,0b252757d18c79a6a6ca319df6f813e337d41c571b34f1cd538cb138a0153cc0
1121,140,autopareto-seed1-20260731,3,autopareto,1,bf16,cached_decode,headline,256,256,1,2,0,11.0619030892849,23142.4916611296,1.39819736219943,182.377686365302,142.697494506836,160.0,2.25,2.2412109375,1,0.116261005401611,228791fb499afffb54b46200aca536f79142f117,0b252757d18c79a6a6ca319df6f813e337d41c571b34f1cd538cb138a0153cc0
1122,140,autopareto-seed1-20260731,3,autopareto,1,bf16,cached_decode,headline,256,256,1,3,0,5.57904876768589,45885.9584599375,1.24594378657639,204.664129110263,142.697494506836,160.0,2.25,2.2412109375,1,0.116261005401611,228791fb499afffb54b46200aca536f79142f117,0b252757d18c79a6a6ca319df6f813e337d41c571b34f1cd538cb138a0153cc0
1123,140,autopareto-seed1-20260731,3,autopareto,1,bf16,cached_decode,headline,256,256,1,4,0,4.73656132817268,54047.6481276264,1.1580177526921,220.203878055572,142.697494506836,160.0,2.25,2.2412109375,1,0.116261005401611,228791fb499afffb54b46200aca536f79142f117,0b252757d18c79a6a6ca319df6f813e337d41c571b34f1cd538cb138a0153cc0
1124,140,autopareto-seed1-20260731,3,autopareto,1,bf16,cached_decode,headline,256,256,1,5,0,5.66378235816956,45199.4769238864,1.15872061811388,220.070305139715,142.697494506836,160.0,2.25,2.2412109375,1,0.116261005401611,228791fb499afffb54b46200aca536f79142f117,0b252757d18c79a6a6ca319df6f813e337d41c571b34f1cd538cb138a0153cc0
1125,140,autopareto-seed1-20260731,3,autopareto,1,bf16,cached_decode,headline,256,256,1,6,0,4.77003492414951,53668.3701630642,1.15478307940066,220.82069312303,142.697494506836,160.0,2.25,2.2412109375,1,0.116261005401611,228791fb499afffb54b46200aca536f79142f117,0b252757d18c79a6a6ca319df6f813e337d41c571b34f1cd538cb138a0153cc0
1126,140,autopareto-seed1-20260731,3,autopareto,1,bf16,cached_decode,headline,256,256,1,7,0,5.90241327881813,43372.0900091327,1.16812742501497,218.298102192688,142.697494506836,160.0,2.25,2.2412109375,1,0.116261005401611,228791fb499afffb54b46200aca536f79142f117,0b252757d18c79a6a6ca319df6f813e337d41c571b34f1cd538cb138a0153cc0
1127,140,autopareto-seed1-20260731,3,autopareto,1,bf16,cached_decode,headline,256,256,1,8,0,5.25202229619026,48743.1289440067,1.15959436446428,219.90448368366,142.697494506836,160.0,2.25,2.2412109375,1,0.116261005401611,228791fb499afffb54b46200aca536f79142f117,0b252757d18c79a6a6ca319df6f813e337d41c571b34f1cd538cb138a0153cc0
1128,140,autopareto-seed1-20260731,3,autopareto,1,bf16,cached_decode,headline,256,256,1,9,0,4.90534119307995,52188.0109708054,1.15147691220045,221.454722450926,142.697494506836,160.0,2.25,2.2412109375,1,0.116261005401611,228791fb499afffb54b46200aca536f79142f117,0b252757d18c79a6a6ca319df6f813e337d41c571b34f1cd538cb138a0153cc0
1129,141,autopareto-seed1-20260731,4,autopareto,1,bf16,cached_decode,headline,256,256,1,0,1,,,,,,,,,,,228791fb499afffb54b46200aca536f79142f117,0b252757d18c79a6a6ca319df6f813e337d41c571b34f1cd538cb138a0153cc0
1130,141,autopareto-seed1-20260731,4,autopareto,1,bf16,cached_decode,headline,256,256,1,1,1,,,,,,,,,,,228791fb499afffb54b46200aca536f79142f117,0b252757d18c79a6a6ca319df6f813e337d41c571b34f1cd538cb138a0153cc0
1131,141,autopareto-seed1-20260731,4,autopareto,1,bf16,cached_decode,headline,256,256,1,0,0,5.3888838738203,47505.1988489994,1.02342763543129,249.162706938765,132.193580627441,160.0,1.875,1.86767578125,1,0.132303714752197,228791fb499afffb54b46200aca536f79142f117,0b252757d18c79a6a6ca319df6f813e337d41c571b34f1cd538cb138a0153cc0
1132,141,autopareto-seed1-20260731,4,autopareto,1,bf16,cached_decode,headline,256,256,1,1,0,4.20503132045269,60879.4514216461,1.02804989181459,248.042436491,132.197486877441,160.0,1.875,1.86767578125,1,0.132303714752197,228791fb499afffb54b46200aca536f79142f117,0b252757d18c79a6a6ca319df6f813e337d41c571b34f1cd538cb138a0153cc0
1133,141,autopareto-seed1-20260731,4,autopareto,1,bf16,cached_decode,headline,256,256,1,2,0,5.3974986076355,47429.3776820717,1.03268691524863,246.928663697269,132.197486877441,160.0,1.875,1.86767578125,1,0.132303714752197,228791fb499afffb54b46200aca536f79142f117,0b252757d18c79a6a6ca319df6f813e337d41c571b34f1cd538cb138a0153cc0
1134,141,autopareto-seed1-20260731,4,autopareto,1,bf16,cached_decode,headline,256,256,1,3,0,4.31385636329651,59343.6541323256,1.01765495166183,250.576091221869,132.197486877441,160.0,1.875,1.86767578125,1,0.132303714752197,228791fb499afffb54b46200aca536f79142f117,0b252757d18c79a6a6ca319df6f813e337d41c571b34f1cd538cb138a0153cc0
1135,141,autopareto-seed1-20260731,4,autopareto,1,bf16,cached_decode,headline,256,256,1,4,0,4.27920185029507,59824.2403504167,1.02047218382359,249.884322220862,132.197486877441,160.0,1.875,1.86767578125,1,0.132303714752197,228791fb499afffb54b46200aca536f79142f117,0b252757d18c79a6a6ca319df6f813e337d41c571b34f1cd538cb138a0153cc0
1136,141,autopareto-seed1-20260731,4,autopareto,1,bf16,cached_decode,headline,256,256,1,5,0,4.21692430973053,60707.7531387702,1.05177399516106,242.447523111609,132.197486877441,160.0,1.875,1.86767578125,1,0.132303714752197,228791fb499afffb54b46200aca536f79142f117,0b252757d18c79a6a6ca319df6f813e337d41c571b34f1cd538cb138a0153cc0
1137,141,autopareto-seed1-20260731,4,autopareto,1,bf16,cached_decode,headline,256,256,1,6,0,4.23868373036385,60396.1079157999,1.02405370958149,249.010376715702,132.197486877441,160.0,1.875,1.86767578125,1,0.132303714752197,228791fb499afffb54b46200aca536f79142f117,0b252757d18c79a6a6ca319df6f813e337d41c571b34f1cd538cb138a0153cc0
1138,141,autopareto-seed1-20260731,4,autopareto,1,bf16,cached_decode,headline,256,256,1,7,0,4.42175380885601,57895.5796876968,1.03408728912473,246.594269827876,132.197486877441,160.0,1.875,1.86767578125,1,0.132303714752197,228791fb499afffb54b46200aca536f79142f117,0b252757d18c79a6a6ca319df6f813e337d41c571b34f1cd538cb138a0153cc0
1139,141,autopareto-seed1-20260731,4,autopareto,1,bf16,cached_decode,headline,256,256,1,8,0,4.1916836053133,61073.3118490859,1.0199460182339,250.013231525282,132.197486877441,160.0,1.875,1.86767578125,1,0.132303714752197,228791fb499afffb54b46200aca536f79142f117,0b252757d18c79a6a6ca319df6f813e337d41c571b34f1cd538cb138a0153cc0
1140,141,autopareto-seed1-20260731,4,autopareto,1,bf16,cached_decode,headline,256,256,1,9,0,4.20182012021542,60925.9779514016,1.02396187745035,249.032708751762,132.197486877441,160.0,1.875,1.86767578125,1,0.132303714752197,228791fb499afffb54b46200aca536f79142f117,0b252757d18c79a6a6ca319df6f813e337d41c571b34f1cd538cb138a0153cc0
1141,142,autopareto-seed1-20260731,5,autopareto,1,bf16,cached_decode,headline,256,256,1,0,1,,,,,,,,,,,228791fb499afffb54b46200aca536f79142f117,0b252757d18c79a6a6ca319df6f813e337d41c571b34f1cd538cb138a0153cc0
1142,142,autopareto-seed1-20260731,5,autopareto,1,bf16,cached_decode,headline,256,256,1,1,1,,,,,,,,,,,228791fb499afffb54b46200aca536f79142f117,0b252757d18c79a6a6ca319df6f813e337d41c571b34f1cd538cb138a0153cc0
1143,142,autopareto-seed1-20260731,5,autopareto,1,bf16,cached_decode,headline,256,256,1,0,0,4.16789203882217,61421.9364646365,0.932924235239625,273.334093346286,80.5051574707031,128.0,1.0,0.99609375,1,0.165105819702148,228791fb499afffb54b46200aca536f79142f117,0b252757d18c79a6a6ca319df6f813e337d41c571b34f1cd538cb138a0153cc0
1144,142,autopareto-seed1-20260731,5,autopareto,1,bf16,cached_decode,headline,256,256,1,1,0,4.17434424161911,61326.9977707217,0.93230002373457,273.517101263745,80.5090637207031,128.0,1.0,0.99609375,1,0.165105819702148,228791fb499afffb54b46200aca536f79142f117,0b252757d18c79a6a6ca319df6f813e337d41c571b34f1cd538cb138a0153cc0
1145,142,autopareto-seed1-20260731,5,autopareto,1,bf16,cached_decode,headline,256,256,1,2,0,3.88108007609844,65961.0198657253,0.854172233492136,298.53463973826,80.5090637207031,128.0,1.0,0.99609375,1,0.165105819702148,228791fb499afffb54b46200aca536f79142f117,0b252757d18c79a6a6ca319df6f813e337d41c571b34f1cd538cb138a0153cc0
1146,142,autopareto-seed1-20260731,5,autopareto,1,bf16,cached_decode,headline,256,256,1,3,0,3.31840477883816,77145.5012458218,0.796915171667933,319.983869131627,80.5090637207031,128.0,1.0,0.99609375,1,0.165105819702148,228791fb499afffb54b46200aca536f79142f117,0b252757d18c79a6a6ca319df6f813e337d41c571b34f1cd538cb138a0153cc0
1147,142,autopareto-seed1-20260731,5,autopareto,1,bf16,cached_decode,headline,256,256,1,4,0,3.45540791749954,74086.7666313767,0.789846232160926,322.847650108237,80.5090637207031,128.0,1.0,0.99609375,1,0.165105819702148,228791fb499afffb54b46200aca536f79142f117,0b252757d18c79a6a6ca319df6f813e337d41c571b34f1cd538cb138a0153cc0
1148,142,autopareto-seed1-20260731,5,autopareto,1,bf16,cached_decode,headline,256,256,1,5,0,3.47034446895123,73767.8931559684,0.789679780602455,322.915701102867,80.5090637207031,128.0,1.0,0.99609375,1,0.165105819702148,228791fb499afffb54b46200aca536f79142f117,0b252757d18c79a6a6ca319df6f813e337d41c571b34f1cd538cb138a0153cc0
1149,142,autopareto-seed1-20260731,5,autopareto,1,bf16,cached_decode,headline,256,256,1,6,0,3.34533676505089,76524.4332572018,0.788255427032709,323.499199948317,80.5090637207031,128.0,1.0,0.99609375,1,0.165105819702148,228791fb499afffb54b46200aca536f79142f117,0b252757d18c79a6a6ca319df6f813e337d41c571b34f1cd538cb138a0153cc0
1150,142,autopareto-seed1-20260731,5,autopareto,1,bf16,cached_decode,headline,256,256,1,7,0,3.31787951290607,77157.7144390557,0.793217631056905,321.475456439655,80.5090637207031,128.0,1.0,0.99609375,1,0.165105819702148,228791fb499afffb54b46200aca536f79142f117,0b252757d18c79a6a6ca319df6f813e337d41c571b34f1cd538cb138a0153cc0
1151,142,autopareto-seed1-20260731,5,autopareto,1,bf16,cached_decode,headline,256,256,1,8,0,3.30126471817493,77546.0382169918,0.794527724385262,320.945376949933,80.5090637207031,128.0,1.0,0.99609375,1,0.165105819702148,228791fb499afffb54b46200aca536f79142f117,0b252757d18c79a6a6ca319df6f813e337d41c571b34f1cd538cb138a0153cc0
1152,142,autopareto-seed1-20260731,5,autopareto,1,bf16,cached_decode,headline,256,256,1,9,0,3.25553491711617,78635.310791497,0.787867669016123,323.65841375169,80.5090637207031,128.0,1.0,0.99609375,1,0.165105819702148,228791fb499afffb54b46200aca536f79142f117,0b252757d18c79a6a6ca319df6f813e337d41c571b34f1cd538cb138a0153cc0
1153,143,autopareto-seed1-20260731,6,autopareto,1,bf16,cached_decode,headline,256,256,1,0,1,,,,,,,,,,,228791fb499afffb54b46200aca536f79142f117,0b252757d18c79a6a6ca319df6f813e337d41c571b34f1cd538cb138a0153cc0
1154,143,autopareto-seed1-20260731,6,autopareto,1,bf16,cached_decode,headline,256,256,1,1,1,,,,,,,,,,,228791fb499afffb54b46200aca536f79142f117,0b252757d18c79a6a6ca319df6f813e337d41c571b34f1cd538cb138a0153cc0
1155,143,autopareto-seed1-20260731,6,autopareto,1,bf16,cached_decode,headline,256,256,1,0,0,4.209378734231,60816.5755953932,0.943490603938699,270.272961845594,115.693023681641,160.0,1.5,1.494140625,1,0.119172096252441,228791fb499afffb54b46200aca536f79142f117,0b252757d18c79a6a6ca319df6f813e337d41c571b34f1cd538cb138a0153cc0
1156,143,autopareto-seed1-20260731,6,autopareto,1,bf16,cached_decode,headline,256,256,1,1,0,4.15853224694729,61560.1815250863,0.936273088678718,272.356434338895,115.696929931641,160.0,1.5,1.494140625,1,0.119172096252441,228791fb499afffb54b46200aca536f79142f117,0b252757d18c79a6a6ca319df6f813e337d41c571b34f1cd538cb138a0153cc0
1157,143,autopareto-seed1-20260731,6,autopareto,1,bf16,cached_decode,headline,256,256,1,2,0,4.06002998352051,63053.721533854,0.930875333026052,273.935715076966,115.696929931641,160.0,1.5,1.494140625,1,0.119172096252441,228791fb499afffb54b46200aca536f79142f117,0b252757d18c79a6a6ca319df6f813e337d41c571b34f1cd538cb138a0153cc0
1158,143,autopareto-seed1-20260731,6,autopareto,1,bf16,cached_decode,headline,256,256,1,3,0,3.87471169233322,66069.43182548,0.918658319860697,277.578719407524,115.696929931641,160.0,1.5,1.494140625,1,0.119172096252441,228791fb499afffb54b46200aca536f79142f117,0b252757d18c79a6a6ca319df6f813e337d41c571b34f1cd538cb138a0153cc0
1159,143,autopareto-seed1-20260731,6,autopareto,1,bf16,cached_decode,headline,256,256,1,4,0,3.35444137454033,76316.7309892487,0.806297335773706,316.260501785371,115.696929931641,160.0,1.5,1.494140625,1,0.119172096252441,228791fb499afffb54b46200aca536f79142f117,0b252757d18c79a6a6ca319df6f813e337d41c571b34f1cd538cb138a0153cc0
1160,143,autopareto-seed1-20260731,6,autopareto,1,bf16,cached_decode,headline,256,256,1,5,0,3.3173430711031,77170.1914794341,0.805770726874471,316.467192831797,115.696929931641,160.0,1.5,1.494140625,1,0.119172096252441,228791fb499afffb54b46200aca536f79142f117,0b252757d18c79a6a6ca319df6f813e337d41c571b34f1cd538cb138a0153cc0
1161,143,autopareto-seed1-20260731,6,autopareto,1,bf16,cached_decode,headline,256,256,1,6,0,4.02224250137806,63646.0879502645,0.822841750457883,309.901630365865,115.696929931641,160.0,1.5,1.494140625,1,0.119172096252441,228791fb499afffb54b46200aca536f79142f117,0b252757d18c79a6a6ca319df6f813e337d41c571b34f1cd538cb138a0153cc0
1162,143,autopareto-seed1-20260731,6,autopareto,1,bf16,cached_decode,headline,256,256,1,7,0,3.42419184744358,74762.1662002155,0.794168842956424,321.090410762931,115.696929931641,160.0,1.5,1.494140625,1,0.119172096252441,228791fb499afffb54b46200aca536f79142f117,0b252757d18c79a6a6ca319df6f813e337d41c571b34f1cd538cb138a0153cc0
1163,143,autopareto-seed1-20260731,6,autopareto,1,bf16,cached_decode,headline,256,256,1,8,0,3.42048890888691,74843.1019129681,0.805283213034272,316.658780255919,115.696929931641,160.0,1.5,1.494140625,1,0.119172096252441,228791fb499afffb54b46200aca536f79142f117,0b252757d18c79a6a6ca319df6f813e337d41c571b34f1cd538cb138a0153cc0
1164,143,autopareto-seed1-20260731,6,autopareto,1,bf16,cached_decode,headline,256,256,1,9,0,4.0378887206316,63399.4688095211,0.948554411530495,268.830123923579,115.696929931641,160.0,1.5,1.494140625,1,0.119172096252441,228791fb499afffb54b46200aca536f79142f117,0b252757d18c79a6a6ca319df6f813e337d41c571b34f1cd538cb138a0153cc0
1165,144,autopareto-seed1-20260731,7,autopareto,1,bf16,cached_decode,headline,256,256,1,0,1,,,,,,,,,,,228791fb499afffb54b46200aca536f79142f117,0b252757d18c79a6a6ca319df6f813e337d41c571b34f1cd538cb138a0153cc0
1166,144,autopareto-seed1-20260731,7,autopareto,1,bf16,cached_decode,headline,256,256,1,1,1,,,,,,,,,,,228791fb499afffb54b46200aca536f79142f117,0b252757d18c79a6a6ca319df6f813e337d41c571b34f1cd538cb138a0153cc0
1167,144,autopareto-seed1-20260731,7,autopareto,1,bf16,cached_decode,headline,256,256,1,0,0,5.22064045071602,49036.1292674138,0.99459994584322,256.38449013167,132.193580627441,192.0,1.875,1.86767578125,1,0.120377063751221,228791fb499afffb54b46200aca536f79142f117,0b252757d18c79a6a6ca319df6f813e337d41c571b34f1cd538cb138a0153cc0
1168,144,autopareto-seed1-20260731,7,autopareto,1,bf16,cached_decode,headline,256,256,1,1,0,4.07195091247559,62869.1272322736,0.986854815855622,258.396671833546,132.197486877441,192.0,1.875,1.86767578125,1,0.120377063751221,228791fb499afffb54b46200aca536f79142f117,0b252757d18c79a6a6ca319df6f813e337d41c571b34f1cd538cb138a0153cc0
1169,144,autopareto-seed1-20260731,7,autopareto,1,bf16,cached_decode,headline,256,256,1,2,0,4.12380136549473,62078.6447528827,0.993783684447408,256.595075961418,132.197486877441,192.0,1.875,1.86767578125,1,0.120377063751221,228791fb499afffb54b46200aca536f79142f117,0b252757d18c79a6a6ca319df6f813e337d41c571b34f1cd538cb138a0153cc0
1170,144,autopareto-seed1-20260731,7,autopareto,1,bf16,cached_decode,headline,256,256,1,3,0,4.17894124984741,61259.5355365064,0.988858612254262,257.873063792898,132.197486877441,192.0,1.875,1.86767578125,1,0.120377063751221,228791fb499afffb54b46200aca536f79142f117,0b252757d18c79a6a6ca319df6f813e337d41c571b34f1cd538cb138a0153cc0
1171,144,autopareto-seed1-20260731,7,autopareto,1,bf16,cached_decode,headline,256,256,1,4,0,4.05842438340187,63078.6669444891,0.988772200420499,257.895600110476,132.197486877441,192.0,1.875,1.86767578125,1,0.120377063751221,228791fb499afffb54b46200aca536f79142f117,0b252757d18c79a6a6ca319df6f813e337d41c571b34f1cd538cb138a0153cc0
1172,144,autopareto-seed1-20260731,7,autopareto,1,bf16,cached_decode,headline,256,256,1,5,0,4.07833978533745,62770.6403768459,0.991935804486275,257.073087640046,132.197486877441,192.0,1.875,1.86767578125,1,0.120377063751221,228791fb499afffb54b46200aca536f79142f117,0b252757d18c79a6a6ca319df6f813e337d41c571b34f1cd538cb138a0153cc0
1173,144,autopareto-seed1-20260731,7,autopareto,1,bf16,cached_decode,headline,256,256,1,6,0,7.02053867280483,36464.4384043715,1.00160188786685,254.592171888855,132.197486877441,192.0,1.875,1.86767578125,1,0.120377063751221,228791fb499afffb54b46200aca536f79142f117,0b252757d18c79a6a6ca319df6f813e337d41c571b34f1cd538cb138a0153cc0
1174,144,autopareto-seed1-20260731,7,autopareto,1,bf16,cached_decode,headline,256,256,1,7,0,4.12167608737946,62110.6546397157,0.987825399264693,258.142785344266,132.197486877441,192.0,1.875,1.86767578125,1,0.120377063751221,228791fb499afffb54b46200aca536f79142f117,0b252757d18c79a6a6ca319df6f813e337d41c571b34f1cd538cb138a0153cc0
1175,144,autopareto-seed1-20260731,7,autopareto,1,bf16,cached_decode,headline,256,256,1,8,0,4.28767316043377,59706.0434462083,0.993316639214754,256.71572380141,132.197486877441,192.0,1.875,1.86767578125,1,0.120377063751221,228791fb499afffb54b46200aca536f79142f117,0b252757d18c79a6a6ca319df6f813e337d41c571b34f1cd538cb138a0153cc0
1176,144,autopareto-seed1-20260731,7,autopareto,1,bf16,cached_decode,headline,256,256,1,9,0,5.07285818457603,50464.6474798694,0.995156133547425,256.241198143455,132.197486877441,192.0,1.875,1.86767578125,1,0.120377063751221,228791fb499afffb54b46200aca536f79142f117,0b252757d18c79a6a6ca319df6f813e337d41c571b34f1cd538cb138a0153cc0
1177,145,autopareto-seed1-20260731,8,autopareto,1,bf16,cached_decode,headline,256,256,1,0,1,,,,,,,,,,,228791fb499afffb54b46200aca536f79142f117,0b252757d18c79a6a6ca319df6f813e337d41c571b34f1cd538cb138a0153cc0
1178,145,autopareto-seed1-20260731,8,autopareto,1,bf16,cached_decode,headline,256,256,1,1,1,,,,,,,,,,,228791fb499afffb54b46200aca536f79142f117,0b252757d18c79a6a6ca319df6f813e337d41c571b34f1cd538cb138a0153cc0
1179,145,autopareto-seed1-20260731,8,autopareto,1,bf16,cached_decode,headline,256,256,1,0,0,5.00980764627457,51099.7663134569,1.02176911383867,249.56714442267,132.193580627441,160.0,1.875,1.86767578125,1,0.116507411003113,228791fb499afffb54b46200aca536f79142f117,0b252757d18c79a6a6ca319df6f813e337d41c571b34f1cd538cb138a0153cc0
1180,145,autopareto-seed1-20260731,8,autopareto,1,bf16,cached_decode,headline,256,256,1,1,0,4.31999191641808,59259.3701453642,1.01122303307056,252.169888996393,132.197486877441,160.0,1.875,1.86767578125,1,0.116507411003113,228791fb499afffb54b46200aca536f79142f117,0b252757d18c79a6a6ca319df6f813e337d41c571b34f1cd538cb138a0153cc0
1181,145,autopareto-seed1-20260731,8,autopareto,1,bf16,cached_decode,headline,256,256,1,2,0,4.23219613730907,60488.6899600949,1.00681123323739,253.274885680458,132.197486877441,160.0,1.875,1.86767578125,1,0.116507411003113,228791fb499afffb54b46200aca536f79142f117,0b252757d18c79a6a6ca319df6f813e337d41c571b34f1cd538cb138a0153cc0
1182,145,autopareto-seed1-20260731,8,autopareto,1,bf16,cached_decode,headline,256,256,1,3,0,5.67899830639362,45078.3723093888,1.03254614397883,246.962328499313,132.197486877441,160.0,1.875,1.86767578125,1,0.116507411003113,228791fb499afffb54b46200aca536f79142f117,0b252757d18c79a6a6ca319df6f813e337d41c571b34f1cd538cb138a0153cc0
1183,145,autopareto-seed1-20260731,8,autopareto,1,bf16,cached_decode,headline,256,256,1,4,0,4.23938408493996,60386.1303601666,1.01647634059191,250.866635864353,132.197486877441,160.0,1.875,1.86767578125,1,0.116507411003113,228791fb499afffb54b46200aca536f79142f117,0b252757d18c79a6a6ca319df6f813e337d41c571b34f1cd538cb138a0153cc0
1184,145,autopareto-seed1-20260731,8,autopareto,1,bf16,cached_decode,headline,256,256,1,5,0,4.1678287088871,61422.8697676871,1.01605738326907,250.970077280046,132.197486877441,160.0,1.875,1.86767578125,1,0.116507411003113,228791fb499afffb54b46200aca536f79142f117,0b252757d18c79a6a6ca319df6f813e337d41c571b34f1cd538cb138a0153cc0
1185,145,autopareto-seed1-20260731,8,autopareto,1,bf16,cached_decode,headline,256,256,1,6,0,4.15562652051449,61603.2260686184,1.00789240188897,253.003197089377,132.197486877441,160.0,1.875,1.86767578125,1,0.116507411003113,228791fb499afffb54b46200aca536f79142f117,0b252757d18c79a6a6ca319df6f813e337d41c571b34f1cd538cb138a0153cc0
1186,145,autopareto-seed1-20260731,8,autopareto,1,bf16,cached_decode,headline,256,256,1,7,0,8.0815963447094,31676.9099916244,1.03122112900019,247.279650143741,132.197486877441,160.0,1.875,1.86767578125,1,0.116507411003113,228791fb499afffb54b46200aca536f79142f117,0b252757d18c79a6a6ca319df6f813e337d41c571b34f1cd538cb138a0153cc0
1187,145,autopareto-seed1-20260731,8,autopareto,1,bf16,cached_decode,headline,256,256,1,8,0,4.15647216141224,61590.6927939147,1.00746887736022,253.109555769258,132.197486877441,160.0,1.875,1.86767578125,1,0.116507411003113,228791fb499afffb54b46200aca536f79142f117,0b252757d18c79a6a6ca319df6f813e337d41c571b34f1cd538cb138a0153cc0
1188,145,autopareto-seed1-20260731,8,autopareto,1,bf16,cached_decode,headline,256,256,1,9,0,5.01416623592377,51055.3475802018,1.01865790225565,250.329378916458,132.197486877441,160.0,1.875,1.86767578125,1,0.116507411003113,228791fb499afffb54b46200aca536f79142f117,0b252757d18c79a6a6ca319df6f813e337d41c571b34f1cd538cb138a0153cc0
1189,146,autopareto-seed1-20260731,9,autopareto,1,bf16,cached_decode,headline,256,256,1,0,1,,,,,,,,,,,228791fb499afffb54b46200aca536f79142f117,0b252757d18c79a6a6ca319df6f813e337d41c571b34f1cd538cb138a0153cc0
1190,146,autopareto-seed1-20260731,9,autopareto,1,bf16,cached_decode,headline,256,256,1,1,1,,,,,,,,,,,228791fb499afffb54b46200aca536f79142f117,0b252757d18c79a6a6ca319df6f813e337d41c571b34f1cd538cb138a0153cc0
1191,146,autopareto-seed1-20260731,9,autopareto,1,bf16,cached_decode,headline,256,256,1,0,0,10.3615280240774,24706.7806413421,1.19350518472493,213.656382279371,132.193580627441,160.0,1.875,1.86767578125,1,0.118986845016479,228791fb499afffb54b46200aca536f79142f117,0b252757d18c79a6a6ca319df6f813e337d41c571b34f1cd538cb138a0153cc0
1192,146,autopareto-seed1-20260731,9,autopareto,1,bf16,cached_decode,headline,256,256,1,1,0,4.768256098032,53688.3914657308,1.19946799241006,212.594251462796,132.197486877441,160.0,1.875,1.86767578125,1,0.118986845016479,228791fb499afffb54b46200aca536f79142f117,0b252757d18c79a6a6ca319df6f813e337d41c571b34f1cd538cb138a0153cc0
1193,146,autopareto-seed1-20260731,9,autopareto,1,bf16,cached_decode,headline,256,256,1,2,0,4.90574724972248,52183.6912846421,1.14789975620806,222.144833310497,132.197486877441,160.0,1.875,1.86767578125,1,0.118986845016479,228791fb499afffb54b46200aca536f79142f117,0b252757d18c79a6a6ca319df6f813e337d41c571b34f1cd538cb138a0153cc0
1194,146,autopareto-seed1-20260731,9,autopareto,1,bf16,cached_decode,headline,256,256,1,3,0,5.30434399843216,48262.3299084048,0.990401236340404,257.471407186689,132.197486877441,160.0,1.875,1.86767578125,1,0.118986845016479,228791fb499afffb54b46200aca536f79142f117,0b252757d18c79a6a6ca319df6f813e337d41c571b34f1cd538cb138a0153cc0
1195,146,autopareto-seed1-20260731,9,autopareto,1,bf16,cached_decode,headline,256,256,1,4,0,4.25442308187485,60172.6709058718,1.00609909743071,253.454158393739,132.197486877441,160.0,1.875,1.86767578125,1,0.118986845016479,228791fb499afffb54b46200aca536f79142f117,0b252757d18c79a6a6ca319df6f813e337d41c571b34f1cd538cb138a0153cc0
1196,146,autopareto-seed1-20260731,9,autopareto,1,bf16,cached_decode,headline,256,256,1,5,0,5.64578920602798,45343.5278325074,1.01561001874506,251.080626710526,132.197486877441,160.0,1.875,1.86767578125,1,0.118986845016479,228791fb499afffb54b46200aca536f79142f117,0b252757d18c79a6a6ca319df6f813e337d41c571b34f1cd538cb138a0153cc0
1197,146,autopareto-seed1-20260731,9,autopareto,1,bf16,cached_decode,headline,256,256,1,6,0,4.09510545432568,62513.6526654243,0.992750203236938,256.862198736956,132.197486877441,160.0,1.875,1.86767578125,1,0.118986845016479,228791fb499afffb54b46200aca536f79142f117,0b252757d18c79a6a6ca319df6f813e337d41c571b34f1cd538cb138a0153cc0
1198,146,autopareto-seed1-20260731,9,autopareto,1,bf16,cached_decode,headline,256,256,1,7,0,6.96533545851707,36753.434421736,1.01613903231919,250.949911271492,132.197486877441,160.0,1.875,1.86767578125,1,0.118986845016479,228791fb499afffb54b46200aca536f79142f117,0b252757d18c79a6a6ca319df6f813e337d41c571b34f1cd538cb138a0153cc0
1199,146,autopareto-seed1-20260731,9,autopareto,1,bf16,cached_decode,headline,256,256,1,8,0,4.21965681016445,60668.4409460358,0.995029412209988,256.273831578142,132.197486877441,160.0,1.875,1.86767578125,1,0.118986845016479,228791fb499afffb54b46200aca536f79142f117,0b252757d18c79a6a6ca319df6f813e337d41c571b34f1cd538cb138a0153cc0
1200,146,autopareto-seed1-20260731,9,autopareto,1,bf16,cached_decode,headline,256,256,1,9,0,6.47770427167416,39520.1740097093,1.01937340013683,250.153672801127,132.197486877441,160.0,1.875,1.86767578125,1,0.118986845016479,228791fb499afffb54b46200aca536f79142f117,0b252757d18c79a6a6ca319df6f813e337d41c571b34f1cd538cb138a0153cc0
1201,147,autopareto-seed1-20260731,10,autopareto,1,bf16,cached_decode,headline,256,256,1,0,1,,,,,,,,,,,228791fb499afffb54b46200aca536f79142f117,0b252757d18c79a6a6ca319df6f813e337d41c571b34f1cd538cb138a0153cc0
1202,147,autopareto-seed1-20260731,10,autopareto,1,bf16,cached_decode,headline,256,256,1,1,1,,,,,,,,,,,228791fb499afffb54b46200aca536f79142f117,0b252757d18c79a6a6ca319df6f813e337d41c571b34f1cd538cb138a0153cc0
1203,147,autopareto-seed1-20260731,10,autopareto,1,bf16,cached_decode,headline,256,256,1,0,0,5.44865988194942,46984.0301186882,1.0941175725311,233.064532004627,113.317481994629,128.0,0.625,0.62255859375,1,0.141117095947266,228791fb499afffb54b46200aca536f79142f117,0b252757d18c79a6a6ca319df6f813e337d41c571b34f1cd538cb138a0153cc0
1204,147,autopareto-seed1-20260731,10,autopareto,1,bf16,cached_decode,headline,256,256,1,1,0,6.33715838193893,40396.6548681514,1.03619597479701,246.092444095775,113.321388244629,128.0,0.625,0.62255859375,1,0.141117095947266,228791fb499afffb54b46200aca536f79142f117,0b252757d18c79a6a6ca319df6f813e337d41c571b34f1cd538cb138a0153cc0
1205,147,autopareto-seed1-20260731,10,autopareto,1,bf16,cached_decode,headline,256,256,1,2,0,4.42763231694698,57818.7125024242,1.02032328210771,249.920789294584,113.321388244629,128.0,0.625,0.62255859375,1,0.141117095947266,228791fb499afffb54b46200aca536f79142f117,0b252757d18c79a6a6ca319df6f813e337d41c571b34f1cd538cb138a0153cc0
1206,147,autopareto-seed1-20260731,10,autopareto,1,bf16,cached_decode,headline,256,256,1,3,0,4.19780239462852,60984.2903342891,1.01876176521182,250.303857788558,113.321388244629,128.0,0.625,0.62255859375,1,0.141117095947266,228791fb499afffb54b46200aca536f79142f117,0b252757d18c79a6a6ca319df6f813e337d41c571b34f1cd538cb138a0153cc0
1207,147,autopareto-seed1-20260731,10,autopareto,1,bf16,cached_decode,headline,256,256,1,4,0,5.30657358467579,48242.0522235424,1.02224331535399,249.451374413436,113.321388244629,128.0,0.625,0.62255859375,1,0.141117095947266,228791fb499afffb54b46200aca536f79142f117,0b252757d18c79a6a6ca319df6f813e337d41c571b34f1cd538cb138a0153cc0
1208,147,autopareto-seed1-20260731,10,autopareto,1,bf16,cached_decode,headline,256,256,1,5,0,4.24687378108501,60279.6346668433,1.01744744181633,250.627196570251,113.321388244629,128.0,0.625,0.62255859375,1,0.141117095947266,228791fb499afffb54b46200aca536f79142f117,0b252757d18c79a6a6ca319df6f813e337d41c571b34f1cd538cb138a0153cc0
1209,147,autopareto-seed1-20260731,10,autopareto,1,bf16,cached_decode,headline,256,256,1,6,0,5.58606907725334,45828.2911399074,1.0258502997458,248.574280344011,113.321388244629,128.0,0.625,0.62255859375,1,0.141117095947266,228791fb499afffb54b46200aca536f79142f117,0b252757d18c79a6a6ca319df6f813e337d41c571b34f1cd538cb138a0153cc0
1210,147,autopareto-seed1-20260731,10,autopareto,1,bf16,cached_decode,headline,256,256,1,7,0,4.20203059911728,60922.9261809226,1.02688705734909,248.323316741652,113.321388244629,128.0,0.625,0.62255859375,1,0.141117095947266,228791fb499afffb54b46200aca536f79142f117,0b252757d18c79a6a6ca319df6f813e337d41c571b34f1cd538cb138a0153cc0
1211,147,autopareto-seed1-20260731,10,autopareto,1,bf16,cached_decode,headline,256,256,1,8,0,4.41201403737068,58023.3874669542,1.02431033179164,248.947991722367,113.321388244629,128.0,0.625,0.62255859375,1,0.141117095947266,228791fb499afffb54b46200aca536f79142f117,0b252757d18c79a6a6ca319df6f813e337d41c571b34f1cd538cb138a0153cc0
1212,147,autopareto-seed1-20260731,10,autopareto,1,bf16,cached_decode,headline,256,256,1,9,0,4.30208630859852,59506.0121151769,1.01771030947566,250.562461267961,113.321388244629,128.0,0.625,0.62255859375,1,0.141117095947266,228791fb499afffb54b46200aca536f79142f117,0b252757d18c79a6a6ca319df6f813e337d41c571b34f1cd538cb138a0153cc0
1213,148,autopareto-seed1-20260731,11,autopareto,1,bf16,cached_decode,headline,256,256,1,0,1,,,,,,,,,,,228791fb499afffb54b46200aca536f79142f117,0b252757d18c79a6a6ca319df6f813e337d41c571b34f1cd538cb138a0153cc0
1214,148,autopareto-seed1-20260731,11,autopareto,1,bf16,cached_decode,headline,256,256,1,1,1,,,,,,,,,,,228791fb499afffb54b46200aca536f79142f117,0b252757d18c79a6a6ca319df6f813e337d41c571b34f1cd538cb138a0153cc0
1215,148,autopareto-seed1-20260731,11,autopareto,1,bf16,cached_decode,headline,256,256,1,0,0,5.47247007489204,46779.6071054898,0.846376676112413,301.284294802722,102.192291259766,128.0,0.5,0.498046875,1,0.124782502651215,228791fb499afffb54b46200aca536f79142f117,0b252757d18c79a6a6ca319df6f813e337d41c571b34f1cd538cb138a0153cc0
1216,148,autopareto-seed1-20260731,11,autopareto,1,bf16,cached_decode,headline,256,256,1,1,0,3.91511246562004,65387.6490772678,0.840565087273717,303.367346396774,102.196197509766,128.0,0.5,0.498046875,1,0.124782502651215,228791fb499afffb54b46200aca536f79142f117,0b252757d18c79a6a6ca319df6f813e337d41c571b34f1cd538cb138a0153cc0
1217,148,autopareto-seed1-20260731,11,autopareto,1,bf16,cached_decode,headline,256,256,1,2,0,5.36938570439816,47677.7073009127,0.852163063362241,299.238503712996,102.196197509766,128.0,0.5,0.498046875,1,0.124782502651215,228791fb499afffb54b46200aca536f79142f117,0b252757d18c79a6a6ca319df6f813e337d41c571b34f1cd538cb138a0153cc0
1218,148,autopareto-seed1-20260731,11,autopareto,1,bf16,cached_decode,headline,256,256,1,3,0,4.29289974272251,59633.3516602574,0.856071440503001,297.872336273909,102.196197509766,128.0,0.5,0.498046875,1,0.124782502651215,228791fb499afffb54b46200aca536f79142f117,0b252757d18c79a6a6ca319df6f813e337d41c571b34f1cd538cb138a0153cc0
1219,148,autopareto-seed1-20260731,11,autopareto,1,bf16,cached_decode,headline,256,256,1,4,0,3.76779586076736,67944.2330370473,0.838352354243398,304.168049042022,102.196197509766,128.0,0.5,0.498046875,1,0.124782502651215,228791fb499afffb54b46200aca536f79142f117,0b252757d18c79a6a6ca319df6f813e337d41c571b34f1cd538cb138a0153cc0
1220,148,autopareto-seed1-20260731,11,autopareto,1,bf16,cached_decode,headline,256,256,1,5,0,4.62959334254265,55296.4334140416,0.844829399138689,301.836086978004,102.196197509766,128.0,0.5,0.498046875,1,0.124782502651215,228791fb499afffb54b46200aca536f79142f117,0b252757d18c79a6a6ca319df6f813e337d41c571b34f1cd538cb138a0153cc0
1221,148,autopareto-seed1-20260731,11,autopareto,1,bf16,cached_decode,headline,256,256,1,6,0,5.84221258759499,43819.0148272892,0.848711632192135,300.455408324452,102.196197509766,128.0,0.5,0.498046875,1,0.124782502651215,228791fb499afffb54b46200aca536f79142f117,0b252757d18c79a6a6ca319df6f813e337d41c571b34f1cd538cb138a0153cc0
1222,148,autopareto-seed1-20260731,11,autopareto,1,bf16,cached_decode,headline,256,256,1,7,0,6.43999315798283,39751.5950281205,0.86853713542223,293.59711818889,102.196197509766,128.0,0.5,0.498046875,1,0.124782502651215,228791fb499afffb54b46200aca536f79142f117,0b252757d18c79a6a6ca319df6f813e337d41c571b34f1cd538cb138a0153cc0
1223,148,autopareto-seed1-20260731,11,autopareto,1,bf16,cached_decode,headline,256,256,1,8,0,3.44150885939598,74385.9773311554,0.832784801721573,306.201553477983,102.196197509766,128.0,0.5,0.498046875,1,0.124782502651215,228791fb499afffb54b46200aca536f79142f117,0b252757d18c79a6a6ca319df6f813e337d41c571b34f1cd538cb138a0153cc0
1224,148,autopareto-seed1-20260731,11,autopareto,1,bf16,cached_decode,headline,256,256,1,9,0,13.5452281683683,18899.644717527,0.907977998256683,280.843809530186,102.196197509766,128.0,0.5,0.498046875,1,0.124782502651215,228791fb499afffb54b46200aca536f79142f117,0b252757d18c79a6a6ca319df6f813e337d41c571b34f1cd538cb138a0153cc0
1225,149,autopareto-seed1-20260731,12,autopareto,1,bf16,cached_decode,headline,256,256,1,0,1,,,,,,,,,,,228791fb499afffb54b46200aca536f79142f117,0b252757d18c79a6a6ca319df6f813e337d41c571b34f1cd538cb138a0153cc0
1226,149,autopareto-seed1-20260731,12,autopareto,1,bf16,cached_decode,headline,256,256,1,1,1,,,,,,,,,,,228791fb499afffb54b46200aca536f79142f117,0b252757d18c79a6a6ca319df6f813e337d41c571b34f1cd538cb138a0153cc0
1227,149,autopareto-seed1-20260731,12,autopareto,1,bf16,cached_decode,headline,256,256,1,0,0,4.39827144145966,58204.6841372394,0.982952978461981,259.422378880215,102.192291259766,128.0,0.5,0.498046875,1,0.116261005401611,228791fb499afffb54b46200aca536f79142f117,0b252757d18c79a6a6ca319df6f813e337d41c571b34f1cd538cb138a0153cc0
1228,149,autopareto-seed1-20260731,12,autopareto,1,bf16,cached_decode,headline,256,256,1,1,0,6.44386932253838,39727.6833508405,1.00257938355207,254.343949400347,102.196197509766,128.0,0.5,0.498046875,1,0.116261005401611,228791fb499afffb54b46200aca536f79142f117,0b252757d18c79a6a6ca319df6f813e337d41c571b34f1cd538cb138a0153cc0
1229,149,autopareto-seed1-20260731,12,autopareto,1,bf16,cached_decode,headline,256,256,1,2,0,4.18558903038502,61162.2398046211,1.19737936370075,212.965086697227,102.196197509766,128.0,0.5,0.498046875,1,0.116261005401611,228791fb499afffb54b46200aca536f79142f117,0b252757d18c79a6a6ca319df6f813e337d41c571b34f1cd538cb138a0153cc0
1230,149,autopareto-seed1-20260731,12,autopareto,1,bf16,cached_decode,headline,256,256,1,3,0,7.06879235804081,36215.5212705884,1.22790586203337,207.670643071717,102.196197509766,128.0,0.5,0.498046875,1,0.116261005401611,228791fb499afffb54b46200aca536f79142f117,0b252757d18c79a6a6ca319df6f813e337d41c571b34f1cd538cb138a0153cc0
1231,149,autopareto-seed1-20260731,12,autopareto,1,bf16,cached_decode,headline,256,256,1,4,0,6.00782223045826,42611.1143405908,1.22780688852072,207.687383402147,102.196197509766,128.0,0.5,0.498046875,1,0.116261005401611,228791fb499afffb54b46200aca536f79142f117,0b252757d18c79a6a6ca319df6f813e337d41c571b34f1cd538cb138a0153cc0
1232,149,autopareto-seed1-20260731,12,autopareto,1,bf16,cached_decode,headline,256,256,1,5,0,6.58783689141273,38859.4927621382,1.22482894174755,208.192337157035,102.196197509766,128.0,0.5,0.498046875,1,0.116261005401611,228791fb499afffb54b46200aca536f79142f117,0b252757d18c79a6a6ca319df6f813e337d41c571b34f1cd538cb138a0153cc0
1233,149,autopareto-seed1-20260731,12,autopareto,1,bf16,cached_decode,headline,256,256,1,6,0,5.26017881929874,48667.54701585,1.21769645065069,209.411795413986,102.196197509766,128.0,0.5,0.498046875,1,0.116261005401611,228791fb499afffb54b46200aca536f79142f117,0b252757d18c79a6a6ca319df6f813e337d41c571b34f1cd538cb138a0153cc0
1234,149,autopareto-seed1-20260731,12,autopareto,1,bf16,cached_decode,headline,256,256,1,7,0,5.85518404841423,43721.9390344071,1.21674791350961,209.575046045876,102.196197509766,128.0,0.5,0.498046875,1,0.116261005401611,228791fb499afffb54b46200aca536f79142f117,0b252757d18c79a6a6ca319df6f813e337d41c571b34f1cd538cb138a0153cc0
1235,149,autopareto-seed1-20260731,12,autopareto,1,bf16,cached_decode,headline,256,256,1,8,0,5.05627878010273,50630.1197250834,1.15261508896947,221.236041797779,102.196197509766,128.0,0.5,0.498046875,1,0.116261005401611,228791fb499afffb54b46200aca536f79142f117,0b252757d18c79a6a6ca319df6f813e337d41c571b34f1cd538cb138a0153cc0
1236,149,autopareto-seed1-20260731,12,autopareto,1,bf16,cached_decode,headline,256,256,1,9,0,3.46979312598705,73779.6147218937,0.829726940020919,307.330023529875,102.196197509766,128.0,0.5,0.498046875,1,0.116261005401611,228791fb499afffb54b46200aca536f79142f117,0b252757d18c79a6a6ca319df6f813e337d41c571b34f1cd538cb138a0153cc0
1237,150,autopareto-seed1-20260731,13,autopareto,1,bf16,cached_decode,headline,256,256,1,0,1,,,,,,,,,,,228791fb499afffb54b46200aca536f79142f117,0b252757d18c79a6a6ca319df6f813e337d41c571b34f1cd538cb138a0153cc0
1238,150,autopareto-seed1-20260731,13,autopareto,1,bf16,cached_decode,headline,256,256,1,1,1,,,,,,,,,,,228791fb499afffb54b46200aca536f79142f117,0b252757d18c79a6a6ca319df6f813e337d41c571b34f1cd538cb138a0153cc0
1239,150,autopareto-seed1-20260731,13,autopareto,1,bf16,cached_decode,headline,256,256,1,0,0,7.36613571643829,34753.636079323,1.30439475923777,195.49296575602,74.5047912597656,96.0,0.5,0.498046875,1,0.142021179199219,228791fb499afffb54b46200aca536f79142f117,0b252757d18c79a6a6ca319df6f813e337d41c571b34f1cd538cb138a0153cc0
1240,150,autopareto-seed1-20260731,13,autopareto,1,bf16,cached_decode,headline,256,256,1,1,0,5.92623837292194,43197.7223814874,1.25832737237215,202.649966613445,74.5086975097656,96.0,0.5,0.498046875,1,0.142021179199219,228791fb499afffb54b46200aca536f79142f117,0b252757d18c79a6a6ca319df6f813e337d41c571b34f1cd538cb138a0153cc0
1241,150,autopareto-seed1-20260731,13,autopareto,1,bf16,cached_decode,headline,256,256,1,2,0,15.7360397279263,16268.3880077962,1.2767674215138,199.723141194862,74.5086975097656,96.0,0.5,0.498046875,1,0.142021179199219,228791fb499afffb54b46200aca536f79142f117,0b252757d18c79a6a6ca319df6f813e337d41c571b34f1cd538cb138a0153cc0
1242,150,autopareto-seed1-20260731,13,autopareto,1,bf16,cached_decode,headline,256,256,1,3,0,6.00390508770943,42638.9152160411,1.29499992541969,196.911208251505,74.5086975097656,96.0,0.5,0.498046875,1,0.142021179199219,228791fb499afffb54b46200aca536f79142f117,0b252757d18c79a6a6ca319df6f813e337d41c571b34f1cd538cb138a0153cc0
1243,150,autopareto-seed1-20260731,13,autopareto,1,bf16,cached_decode,headline,256,256,1,4,0,6.27400539815426,40803.2801621931,1.31259696744382,194.27136152584,74.5086975097656,96.0,0.5,0.498046875,1,0.142021179199219,228791fb499afffb54b46200aca536f79142f117,0b252757d18c79a6a6ca319df6f813e337d41c571b34f1cd538cb138a0153cc0
1244,150,autopareto-seed1-20260731,13,autopareto,1,bf16,cached_decode,headline,256,256,1,5,0,5.71085326373577,44826.9265865425,1.26398985274136,201.742125893615,74.5086975097656,96.0,0.5,0.498046875,1,0.142021179199219,228791fb499afffb54b46200aca536f79142f117,0b252757d18c79a6a6ca319df6f813e337d41c571b34f1cd538cb138a0153cc0
1245,150,autopareto-seed1-20260731,13,autopareto,1,bf16,cached_decode,headline,256,256,1,6,0,9.35752689838409,27357.6557973034,1.35007296688855,188.878680081779,74.5086975097656,96.0,0.5,0.498046875,1,0.142021179199219,228791fb499afffb54b46200aca536f79142f117,0b252757d18c79a6a6ca319df6f813e337d41c571b34f1cd538cb138a0153cc0
1246,150,autopareto-seed1-20260731,13,autopareto,1,bf16,cached_decode,headline,256,256,1,7,0,8.24817642569542,31037.1634634884,1.33693732134998,190.734446505325,74.5086975097656,96.0,0.5,0.498046875,1,0.142021179199219,228791fb499afffb54b46200aca536f79142f117,0b252757d18c79a6a6ca319df6f813e337d41c571b34f1cd538cb138a0153cc0
1247,150,autopareto-seed1-20260731,13,autopareto,1,bf16,cached_decode,headline,256,256,1,8,0,6.79934583604336,37650.6808409337,1.31546582840383,193.847680794121,74.5086975097656,96.0,0.5,0.498046875,1,0.142021179199219,228791fb499afffb54b46200aca536f79142f117,0b252757d18c79a6a6ca319df6f813e337d41c571b34f1cd538cb138a0153cc0
1248,150,autopareto-seed1-20260731,13,autopareto,1,bf16,cached_decode,headline,256,256,1,9,0,12.8725524991751,19887.2756600842,1.29797423444688,196.459986055629,74.5086975097656,96.0,0.5,0.498046875,1,0.142021179199219,228791fb499afffb54b46200aca536f79142f117,0b252757d18c79a6a6ca319df6f813e337d41c571b34f1cd538cb138a0153cc0
1249,151,autopareto-seed1-20260731,14,autopareto,1,bf16,cached_decode,headline,256,256,1,0,1,,,,,,,,,,,228791fb499afffb54b46200aca536f79142f117,0b252757d18c79a6a6ca319df6f813e337d41c571b34f1cd538cb138a0153cc0
1250,151,autopareto-seed1-20260731,14,autopareto,1,bf16,cached_decode,headline,256,256,1,1,1,,,,,,,,,,,228791fb499afffb54b46200aca536f79142f117,0b252757d18c79a6a6ca319df6f813e337d41c571b34f1cd538cb138a0153cc0
1251,151,autopareto-seed1-20260731,14,autopareto,1,bf16,cached_decode,headline,256,256,1,0,0,3.36562097072601,76063.229408978,0.680932026356459,374.486718394577,75.7551498413086,128.0,0.75,0.7470703125,1,0.123942852020264,228791fb499afffb54b46200aca536f79142f117,0b252757d18c79a6a6ca319df6f813e337d41c571b34f1cd538cb138a0153cc0
1252,151,autopareto-seed1-20260731,14,autopareto,1,bf16,cached_decode,headline,256,256,1,1,0,2.69816070795059,94879.4485241936,0.620904520153999,410.691163814935,75.7590560913086,128.0,0.75,0.7470703125,1,0.123942852020264,228791fb499afffb54b46200aca536f79142f117,0b252757d18c79a6a6ca319df6f813e337d41c571b34f1cd538cb138a0153cc0
1253,151,autopareto-seed1-20260731,14,autopareto,1,bf16,cached_decode,headline,256,256,1,2,0,2.66849994659424,95934.0472637927,0.620598094537854,410.893946089043,75.7590560913086,128.0,0.75,0.7470703125,1,0.123942852020264,228791fb499afffb54b46200aca536f79142f117,0b252757d18c79a6a6ca319df6f813e337d41c571b34f1cd538cb138a0153cc0
1254,151,autopareto-seed1-20260731,14,autopareto,1,bf16,cached_decode,headline,256,256,1,3,0,2.65901163220406,96276.3746120966,0.622381759807467,409.716377419036,75.7590560913086,128.0,0.75,0.7470703125,1,0.123942852020264,228791fb499afffb54b46200aca536f79142f117,0b252757d18c79a6a6ca319df6f813e337d41c571b34f1cd538cb138a0153cc0
1255,151,autopareto-seed1-20260731,14,autopareto,1,bf16,cached_decode,headline,256,256,1,4,0,2.73188389837742,93708.2282860004,0.622937483713031,409.350868533497,75.7590560913086,128.0,0.75,0.7470703125,1,0.123942852020264,228791fb499afffb54b46200aca536f79142f117,0b252757d18c79a6a6ca319df6f813e337d41c571b34f1cd538cb138a0153cc0
1256,151,autopareto-seed1-20260731,14,autopareto,1,bf16,cached_decode,headline,256,256,1,5,0,2.7087964117527,94506.9178655467,0.624436603859067,408.368116833767,75.7590560913086,128.0,0.75,0.7470703125,1,0.123942852020264,228791fb499afffb54b46200aca536f79142f117,0b252757d18c79a6a6ca319df6f813e337d41c571b34f1cd538cb138a0153cc0
1257,151,autopareto-seed1-20260731,14,autopareto,1,bf16,cached_decode,headline,256,256,1,6,0,2.74793989956379,93160.6983255484,0.623067101463675,409.26571054862,75.7590560913086,128.0,0.75,0.7470703125,1,0.123942852020264,228791fb499afffb54b46200aca536f79142f117,0b252757d18c79a6a6ca319df6f813e337d41c571b34f1cd538cb138a0153cc0
1258,151,autopareto-seed1-20260731,14,autopareto,1,bf16,cached_decode,headline,256,256,1,7,0,2.66601704061031,96023.3922366061,0.623025642707944,409.292944816296,75.7590560913086,128.0,0.75,0.7470703125,1,0.123942852020264,228791fb499afffb54b46200aca536f79142f117,0b252757d18c79a6a6ca319df6f813e337d41c571b34f1cd538cb138a0153cc0
1259,151,autopareto-seed1-20260731,14,autopareto,1,bf16,cached_decode,headline,256,256,1,8,0,2.71289236843586,94364.2302136737,0.620341865345836,411.063663836133,75.7590560913086,128.0,0.75,0.7470703125,1,0.123942852020264,228791fb499afffb54b46200aca536f79142f117,0b252757d18c79a6a6ca319df6f813e337d41c571b34f1cd538cb138a0153cc0
1260,151,autopareto-seed1-20260731,14,autopareto,1,bf16,cached_decode,headline,256,256,1,9,0,2.64993123710155,96606.2803501301,0.625734891742468,407.520826096029,75.7590560913086,128.0,0.75,0.7470703125,1,0.123942852020264,228791fb499afffb54b46200aca536f79142f117,0b252757d18c79a6a6ca319df6f813e337d41c571b34f1cd538cb138a0153cc0
1261,152,autopareto-seed1-20260731,15,autopareto,1,bf16,cached_decode,headline,256,256,1,0,1,,,,,,,,,,,228791fb499afffb54b46200aca536f79142f117,0b252757d18c79a6a6ca319df6f813e337d41c571b34f1cd538cb138a0153cc0
1262,152,autopareto-seed1-20260731,15,autopareto,1,bf16,cached_decode,headline,256,256,1,1,1,,,,,,,,,,,228791fb499afffb54b46200aca536f79142f117,0b252757d18c79a6a6ca319df6f813e337d41c571b34f1cd538cb138a0153cc0
1263,152,autopareto-seed1-20260731,15,autopareto,1,bf16,cached_decode,headline,256,256,1,0,0,2.39541754126549,106870.72111226,0.485377499833703,525.364278499449,49.8170928955078,96.0,0.25,0.2490234375,1,0.0453667640686035,228791fb499afffb54b46200aca536f79142f117,0b252757d18c79a6a6ca319df6f813e337d41c571b34f1cd538cb138a0153cc0
1264,152,autopareto-seed1-20260731,15,autopareto,1,bf16,cached_decode,headline,256,256,1,1,0,2.19324976205826,116721.772608222,0.475515846163034,536.259731526531,49.8209991455078,96.0,0.25,0.2490234375,1,0.0453667640686035,228791fb499afffb54b46200aca536f79142f117,0b252757d18c79a6a6ca319df6f813e337d41c571b34f1cd538cb138a0153cc0
1265,152,autopareto-seed1-20260731,15,autopareto,1,bf16,cached_decode,headline,256,256,1,2,0,2.23243236541748,114673.126929033,0.475910374894738,535.815173301067,49.8209991455078,96.0,0.25,0.2490234375,1,0.0453667640686035,228791fb499afffb54b46200aca536f79142f117,0b252757d18c79a6a6ca319df6f813e337d41c571b34f1cd538cb138a0153cc0
1266,152,autopareto-seed1-20260731,15,autopareto,1,bf16,cached_decode,headline,256,256,1,3,0,2.15893052518368,118577.229333593,0.478637954220176,532.76176231252,49.8209991455078,96.0,0.25,0.2490234375,1,0.0453667640686035,228791fb499afffb54b46200aca536f79142f117,0b252757d18c79a6a6ca319df6f813e337d41c571b34f1cd538cb138a0153cc0
1267,152,autopareto-seed1-20260731,15,autopareto,1,bf16,cached_decode,headline,256,256,1,4,0,2.21263617277145,115699.093755367,0.479236463084817,532.096406768759,49.8209991455078,96.0,0.25,0.2490234375,1,0.0453667640686035,228791fb499afffb54b46200aca536f79142f117,0b252757d18c79a6a6ca319df6f813e337d41c571b34f1cd538cb138a0153cc0
1268,152,autopareto-seed1-20260731,15,autopareto,1,bf16,cached_decode,headline,256,256,1,5,0,2.17446498572826,117730.109098198,0.477205172181129,534.3613499294,49.8209991455078,96.0,0.25,0.2490234375,1,0.0453667640686035,228791fb499afffb54b46200aca536f79142f117,0b252757d18c79a6a6ca319df6f813e337d41c571b34f1cd538cb138a0153cc0
1269,152,autopareto-seed1-20260731,15,autopareto,1,bf16,cached_decode,headline,256,256,1,6,0,2.20549665391445,116073.628833504,0.47696141526103,534.634441782768,49.8209991455078,96.0,0.25,0.2490234375,1,0.0453667640686035,228791fb499afffb54b46200aca536f79142f117,0b252757d18c79a6a6ca319df6f813e337d41c571b34f1cd538cb138a0153cc0
1270,152,autopareto-seed1-20260731,15,autopareto,1,bf16,cached_decode,headline,256,256,1,7,0,2.27831117808819,112363.930995071,0.47667745873332,534.952923256774,49.8209991455078,96.0,0.25,0.2490234375,1,0.0453667640686035,228791fb499afffb54b46200aca536f79142f117,0b252757d18c79a6a6ca319df6f813e337d41c571b34f1cd538cb138a0153cc0
1271,152,autopareto-seed1-20260731,15,autopareto,1,bf16,cached_decode,headline,256,256,1,8,0,1.88712030649185,135656.428007975,0.41020112298429,621.646274746464,49.8209991455078,96.0,0.25,0.2490234375,1,0.0453667640686035,228791fb499afffb54b46200aca536f79142f117,0b252757d18c79a6a6ca319df6f813e337d41c571b34f1cd538cb138a0153cc0
1272,152,autopareto-seed1-20260731,15,autopareto,1,bf16,cached_decode,headline,256,256,1,9,0,3.57157923281193,71676.9762933271,0.429683675989509,593.459826959371,49.8209991455078,96.0,0.25,0.2490234375,1,0.0453667640686035,228791fb499afffb54b46200aca536f79142f117,0b252757d18c79a6a6ca319df6f813e337d41c571b34f1cd538cb138a0153cc0
1273,153,autopareto-seed1-20260731,16,autopareto,1,bf16,cached_decode,headline,256,256,1,0,1,,,,,,,,,,,228791fb499afffb54b46200aca536f79142f117,0b252757d18c79a6a6ca319df6f813e337d41c571b34f1cd538cb138a0153cc0
1274,153,autopareto-seed1-20260731,16,autopareto,1,bf16,cached_decode,headline,256,256,1,1,1,,,,,,,,,,,228791fb499afffb54b46200aca536f79142f117,0b252757d18c79a6a6ca319df6f813e337d41c571b34f1cd538cb138a0153cc0
1275,153,autopareto-seed1-20260731,16,autopareto,1,bf16,cached_decode,headline,256,256,1,0,0,1.24678388237953,205328.287939859,0.233474278822541,1092.19739872853,48.5670852661133,96.0,0.125,0.12451171875,1,0.0463528633117676,228791fb499afffb54b46200aca536f79142f117,0b252757d18c79a6a6ca319df6f813e337d41c571b34f1cd538cb138a0153cc0
1276,153,autopareto-seed1-20260731,16,autopareto,1,bf16,cached_decode,headline,256,256,1,1,0,1.3152752071619,194636.072060079,0.241222796961665,1057.1140174638,48.5709915161133,96.0,0.125,0.12451171875,1,0.0463528633117676,228791fb499afffb54b46200aca536f79142f117,0b252757d18c79a6a6ca319df6f813e337d41c571b34f1cd538cb138a0153cc0
1277,153,autopareto-seed1-20260731,16,autopareto,1,bf16,cached_decode,headline,256,256,1,2,0,1.54567882418633,165623.023356591,0.245677396655083,1037.94652447415,48.5709915161133,96.0,0.125,0.12451171875,1,0.0463528633117676,228791fb499afffb54b46200aca536f79142f117,0b252757d18c79a6a6ca319df6f813e337d41c571b34f1cd538cb138a0153cc0
1278,153,autopareto-seed1-20260731,16,autopareto,1,bf16,cached_decode,headline,256,256,1,3,0,1.84103101491928,139052.518901331,0.251906387507915,1012.28080209751,48.5709915161133,96.0,0.125,0.12451171875,1,0.0463528633117676,228791fb499afffb54b46200aca536f79142f117,0b252757d18c79a6a6ca319df6f813e337d41c571b34f1cd538cb138a0153cc0
1279,153,autopareto-seed1-20260731,16,autopareto,1,bf16,cached_decode,headline,256,256,1,4,0,1.21741741895676,210281.203483497,0.233329178765416,1092.87660184315,48.5709915161133,96.0,0.125,0.12451171875,1,0.0463528633117676,228791fb499afffb54b46200aca536f79142f117,0b252757d18c79a6a6ca319df6f813e337d41c571b34f1cd538cb138a0153cc0
1280,153,autopareto-seed1-20260731,16,autopareto,1,bf16,cached_decode,headline,256,256,1,5,0,1.14970840513706,222665.154795908,0.234211670234799,1088.75872728443,48.5709915161133,96.0,0.125,0.12451171875,1,0.0463528633117676,228791fb499afffb54b46200aca536f79142f117,0b252757d18c79a6a6ca319df6f813e337d41c571b34f1cd538cb138a0153cc0
1281,153,autopareto-seed1-20260731,16,autopareto,1,bf16,cached_decode,headline,256,256,1,6,0,1.30725651979446,195829.966134153,0.238200172781944,1070.52819073072,48.5709915161133,96.0,0.125,0.12451171875,1,0.0463528633117676,228791fb499afffb54b46200aca536f79142f117,0b252757d18c79a6a6ca319df6f813e337d41c571b34f1cd538cb138a0153cc0
1282,153,autopareto-seed1-20260731,16,autopareto,1,bf16,cached_decode,headline,256,256,1,7,0,1.19391642510891,214420.368642342,0.233625182881951,1091.49192246475,48.5709915161133,96.0,0.125,0.12451171875,1,0.0463528633117676,228791fb499afffb54b46200aca536f79142f117,0b252757d18c79a6a6ca319df6f813e337d41c571b34f1cd538cb138a0153cc0
1283,153,autopareto-seed1-20260731,16,autopareto,1,bf16,cached_decode,headline,256,256,1,8,0,1.18848122656345,215400.962403281,0.23710292391479,1075.48230865192,48.5709915161133,96.0,0.125,0.12451171875,1,0.0463528633117676,228791fb499afffb54b46200aca536f79142f117,0b252757d18c79a6a6ca319df6f813e337d41c571b34f1cd538cb138a0153cc0
1284,153,autopareto-seed1-20260731,16,autopareto,1,bf16,cached_decode,headline,256,256,1,9,0,1.6519371420145,154969.576922166,0.268562834709883,949.498467557754,48.5709915161133,96.0,0.125,0.12451171875,1,0.0463528633117676,228791fb499afffb54b46200aca536f79142f117,0b252757d18c79a6a6ca319df6f813e337d41c571b34f1cd538cb138a0153cc0
1285,154,autopareto-seed1-20260731,17,autopareto,1,bf16,cached_decode,headline,256,256,1,0,1,,,,,,,,,,,228791fb499afffb54b46200aca536f79142f117,0b252757d18c79a6a6ca319df6f813e337d41c571b34f1cd538cb138a0153cc0
1286,154,autopareto-seed1-20260731,17,autopareto,1,bf16,cached_decode,headline,256,256,1,1,1,,,,,,,,,,,228791fb499afffb54b46200aca536f79142f117,0b252757d18c79a6a6ca319df6f813e337d41c571b34f1cd538cb138a0153cc0
1287,154,autopareto-seed1-20260731,17,autopareto,1,bf16,cached_decode,headline,256,256,1,0,0,5.21493330597878,49089.793671283,1.16360525228083,219.146484170782,132.193580627441,160.0,1.875,1.86767578125,1,0.126269817352295,228791fb499afffb54b46200aca536f79142f117,0b252757d18c79a6a6ca319df6f813e337d41c571b34f1cd538cb138a0153cc0
1288,154,autopareto-seed1-20260731,17,autopareto,1,bf16,cached_decode,headline,256,256,1,1,0,4.99557331204414,51245.3694519493,1.01909192837775,250.222764894159,132.197486877441,160.0,1.875,1.86767578125,1,0.126269817352295,228791fb499afffb54b46200aca536f79142f117,0b252757d18c79a6a6ca319df6f813e337d41c571b34f1cd538cb138a0153cc0
1289,154,autopareto-seed1-20260731,17,autopareto,1,bf16,cached_decode,headline,256,256,1,2,0,4.0770061314106,62791.1736574767,0.992771012708545,256.85681464882,132.197486877441,160.0,1.875,1.86767578125,1,0.126269817352295,228791fb499afffb54b46200aca536f79142f117,0b252757d18c79a6a6ca319df6f813e337d41c571b34f1cd538cb138a0153cc0
1290,154,autopareto-seed1-20260731,17,autopareto,1,bf16,cached_decode,headline,256,256,1,3,0,4.32347878813744,59211.57765418,0.990704858675599,257.392499660182,132.197486877441,160.0,1.875,1.86767578125,1,0.126269817352295,228791fb499afffb54b46200aca536f79142f117,0b252757d18c79a6a6ca319df6f813e337d41c571b34f1cd538cb138a0153cc0
1291,154,autopareto-seed1-20260731,17,autopareto,1,bf16,cached_decode,headline,256,256,1,4,0,9.51970182359219,26891.5985756579,0.991856373846531,257.093674773779,132.197486877441,160.0,1.875,1.86767578125,1,0.126269817352295,228791fb499afffb54b46200aca536f79142f117,0b252757d18c79a6a6ca319df6f813e337d41c571b34f1cd538cb138a0153cc0
1292,154,autopareto-seed1-20260731,17,autopareto,1,bf16,cached_decode,headline,256,256,1,5,0,4.18002158403397,61243.702898047,0.99132764339447,257.230797203271,132.197486877441,160.0,1.875,1.86767578125,1,0.126269817352295,228791fb499afffb54b46200aca536f79142f117,0b252757d18c79a6a6ca319df6f813e337d41c571b34f1cd538cb138a0153cc0
1293,154,autopareto-seed1-20260731,17,autopareto,1,bf16,cached_decode,headline,256,256,1,6,0,4.19414415955544,61037.4823232435,0.995378598570824,256.183928774571,132.197486877441,160.0,1.875,1.86767578125,1,0.126269817352295,228791fb499afffb54b46200aca536f79142f117,0b252757d18c79a6a6ca319df6f813e337d41c571b34f1cd538cb138a0153cc0
1294,154,autopareto-seed1-20260731,17,autopareto,1,bf16,cached_decode,headline,256,256,1,7,0,4.15966100990772,61543.4765934638,0.991115640848875,257.285819626049,132.197486877441,160.0,1.875,1.86767578125,1,0.126269817352295,228791fb499afffb54b46200aca536f79142f117,0b252757d18c79a6a6ca319df6f813e337d41c571b34f1cd538cb138a0153cc0
1295,154,autopareto-seed1-20260731,17,autopareto,1,bf16,cached_decode,headline,256,256,1,8,0,5.07431477308273,50450.1615386535,1.00017301365733,254.95588914916,132.197486877441,160.0,1.875,1.86767578125,1,0.126269817352295,228791fb499afffb54b46200aca536f79142f117,0b252757d18c79a6a6ca319df6f813e337d41c571b34f1cd538cb138a0153cc0
1296,154,autopareto-seed1-20260731,17,autopareto,1,bf16,cached_decode,headline,256,256,1,9,0,4.07033786177635,62894.0418936815,0.99548776820302,256.155834501419,132.197486877441,160.0,1.875,1.86767578125,1,0.126269817352295,228791fb499afffb54b46200aca536f79142f117,0b252757d18c79a6a6ca319df6f813e337d41c571b34f1cd538cb138a0153cc0
1297,155,autopareto-seed1-20260731,18,autopareto,1,bf16,cached_decode,headline,256,256,1,0,1,,,,,,,,,,,228791fb499afffb54b46200aca536f79142f117,0b252757d18c79a6a6ca319df6f813e337d41c571b34f1cd538cb138a0153cc0
1298,155,autopareto-seed1-20260731,18,autopareto,1,bf16,cached_decode,headline,256,256,1,1,1,,,,,,,,,,,228791fb499afffb54b46200aca536f79142f117,0b252757d18c79a6a6ca319df6f813e337d41c571b34f1cd538cb138a0153cc0
1299,155,autopareto-seed1-20260731,18,autopareto,1,bf16,cached_decode,headline,256,256,1,0,0,5.50593249499798,46495.3030631179,1.18034340068698,216.03882383007,132.193580627441,192.0,1.875,1.86767578125,1,0.115695834159851,228791fb499afffb54b46200aca536f79142f117,0b252757d18c79a6a6ca319df6f813e337d41c571b34f1cd538cb138a0153cc0
1300,155,autopareto-seed1-20260731,18,autopareto,1,bf16,cached_decode,headline,256,256,1,1,0,4.80575114488602,53269.508195908,1.11474915221334,228.751014964844,132.197486877441,192.0,1.875,1.86767578125,1,0.115695834159851,228791fb499afffb54b46200aca536f79142f117,0b252757d18c79a6a6ca319df6f813e337d41c571b34f1cd538cb138a0153cc0
1301,155,autopareto-seed1-20260731,18,autopareto,1,bf16,cached_decode,headline,256,256,1,2,0,4.16997633874416,61391.2356339886,1.00088822282851,254.773704179844,132.197486877441,192.0,1.875,1.86767578125,1,0.115695834159851,228791fb499afffb54b46200aca536f79142f117,0b252757d18c79a6a6ca319df6f813e337d41c571b34f1cd538cb138a0153cc0
1302,155,autopareto-seed1-20260731,18,autopareto,1,bf16,cached_decode,headline,256,256,1,3,0,4.1617825627327,61512.1035616782,0.994532795622945,256.40180104898,132.197486877441,192.0,1.875,1.86767578125,1,0.115695834159851,228791fb499afffb54b46200aca536f79142f117,0b252757d18c79a6a6ca319df6f813e337d41c571b34f1cd538cb138a0153cc0
1303,155,autopareto-seed1-20260731,18,autopareto,1,bf16,cached_decode,headline,256,256,1,4,0,5.30873239040375,48222.4345048461,1.01245250366628,251.863666766191,132.197486877441,192.0,1.875,1.86767578125,1,0.115695834159851,228791fb499afffb54b46200aca536f79142f117,0b252757d18c79a6a6ca319df6f813e337d41c571b34f1cd538cb138a0153cc0
1304,155,autopareto-seed1-20260731,18,autopareto,1,bf16,cached_decode,headline,256,256,1,5,0,4.10875305533409,62306.0078209505,1.00493250787258,253.748384097783,132.197486877441,192.0,1.875,1.86767578125,1,0.115695834159851,228791fb499afffb54b46200aca536f79142f117,0b252757d18c79a6a6ca319df6f813e337d41c571b34f1cd538cb138a0153cc0
1305,155,autopareto-seed1-20260731,18,autopareto,1,bf16,cached_decode,headline,256,256,1,6,0,4.14834916591644,61711.2952071008,0.996594415977597,255.87139152276,132.197486877441,192.0,1.875,1.86767578125,1,0.115695834159851,228791fb499afffb54b46200aca536f79142f117,0b252757d18c79a6a6ca319df6f813e337d41c571b34f1cd538cb138a0153cc0
1306,155,autopareto-seed1-20260731,18,autopareto,1,bf16,cached_decode,headline,256,256,1,7,0,4.14015725255013,61833.4001304702,1.02285224013031,249.30287092837,132.197486877441,192.0,1.875,1.86767578125,1,0.115695834159851,228791fb499afffb54b46200aca536f79142f117,0b252757d18c79a6a6ca319df6f813e337d41c571b34f1cd538cb138a0153cc0
1307,155,autopareto-seed1-20260731,18,autopareto,1,bf16,cached_decode,headline,256,256,1,8,0,4.99667041003704,51234.1177208249,1.01636010594666,250.895325886967,132.197486877441,192.0,1.875,1.86767578125,1,0.115695834159851,228791fb499afffb54b46200aca536f79142f117,0b252757d18c79a6a6ca319df6f813e337d41c571b34f1cd538cb138a0153cc0
1308,155,autopareto-seed1-20260731,18,autopareto,1,bf16,cached_decode,headline,256,256,1,9,0,8.06096754968166,31757.9742657703,1.04364235512912,244.336576363318,132.197486877441,192.0,1.875,1.86767578125,1,0.115695834159851,228791fb499afffb54b46200aca536f79142f117,0b252757d18c79a6a6ca319df6f813e337d41c571b34f1cd538cb138a0153cc0
1309,156,autopareto-seed1-20260731,19,autopareto,1,bf16,cached_decode,headline,256,256,1,0,1,,,,,,,,,,,228791fb499afffb54b46200aca536f79142f117,0b252757d18c79a6a6ca319df6f813e337d41c571b34f1cd538cb138a0153cc0
1310,156,autopareto-seed1-20260731,19,autopareto,1,bf16,cached_decode,headline,256,256,1,1,1,,,,,,,,,,,228791fb499afffb54b46200aca536f79142f117,0b252757d18c79a6a6ca319df6f813e337d41c571b34f1cd538cb138a0153cc0
1311,156,autopareto-seed1-20260731,19,autopareto,1,bf16,cached_decode,headline,256,256,1,0,0,5.32326102256775,48090.8223201339,1.17716170661151,216.622744834287,132.193580627441,192.0,1.875,1.86767578125,1,0.115736246109009,228791fb499afffb54b46200aca536f79142f117,0b252757d18c79a6a6ca319df6f813e337d41c571b34f1cd538cb138a0153cc0
1312,156,autopareto-seed1-20260731,19,autopareto,1,bf16,cached_decode,headline,256,256,1,1,0,4.86918166279793,52575.5697216886,1.04375934042037,244.309190945588,132.197486877441,192.0,1.875,1.86767578125,1,0.115736246109009,228791fb499afffb54b46200aca536f79142f117,0b252757d18c79a6a6ca319df6f813e337d41c571b34f1cd538cb138a0153cc0
1313,156,autopareto-seed1-20260731,19,autopareto,1,bf16,cached_decode,headline,256,256,1,2,0,4.20898199081421,60822.3082347943,1.01572624966502,251.051895216941,132.197486877441,192.0,1.875,1.86767578125,1,0.115736246109009,228791fb499afffb54b46200aca536f79142f117,0b252757d18c79a6a6ca319df6f813e337d41c571b34f1cd538cb138a0153cc0
1314,156,autopareto-seed1-20260731,19,autopareto,1,bf16,cached_decode,headline,256,256,1,3,0,4.37667593359947,58491.8791987096,1.00298133864999,254.242018443962,132.197486877441,192.0,1.875,1.86767578125,1,0.115736246109009,228791fb499afffb54b46200aca536f79142f117,0b252757d18c79a6a6ca319df6f813e337d41c571b34f1cd538cb138a0153cc0
1315,156,autopareto-seed1-20260731,19,autopareto,1,bf16,cached_decode,headline,256,256,1,4,0,4.5649167150259,56079.8840332287,1.00264692120254,254.326816955825,132.197486877441,192.0,1.875,1.86767578125,1,0.115736246109009,228791fb499afffb54b46200aca536f79142f117,0b252757d18c79a6a6ca319df6f813e337d41c571b34f1cd538cb138a0153cc0
1316,156,autopareto-seed1-20260731,19,autopareto,1,bf16,cached_decode,headline,256,256,1,5,0,4.16454486548901,61471.3031720311,1.00349316559732,254.112343503818,132.197486877441,192.0,1.875,1.86767578125,1,0.115736246109009,228791fb499afffb54b46200aca536f79142f117,0b252757d18c79a6a6ca319df6f813e337d41c571b34f1cd538cb138a0153cc0
1317,156,autopareto-seed1-20260731,19,autopareto,1,bf16,cached_decode,headline,256,256,1,6,0,4.49763797223568,56918.7652675273,1.00626096129417,253.413388582658,132.197486877441,192.0,1.875,1.86767578125,1,0.115736246109009,228791fb499afffb54b46200aca536f79142f117,0b252757d18c79a6a6ca319df6f813e337d41c571b34f1cd538cb138a0153cc0
1318,156,autopareto-seed1-20260731,19,autopareto,1,bf16,cached_decode,headline,256,256,1,7,0,4.15732711553574,61578.0266708723,1.00832089409232,252.89568181521,132.197486877441,192.0,1.875,1.86767578125,1,0.115736246109009,228791fb499afffb54b46200aca536f79142f117,0b252757d18c79a6a6ca319df6f813e337d41c571b34f1cd538cb138a0153cc0
1319,156,autopareto-seed1-20260731,19,autopareto,1,bf16,cached_decode,headline,256,256,1,8,0,4.1774082928896,61282.0155587233,1.00366684421897,254.068370863078,132.197486877441,192.0,1.875,1.86767578125,1,0.115736246109009,228791fb499afffb54b46200aca536f79142f117,0b252757d18c79a6a6ca319df6f813e337d41c571b34f1cd538cb138a0153cc0
1320,156,autopareto-seed1-20260731,19,autopareto,1,bf16,cached_decode,headline,256,256,1,9,0,4.30737808346748,59432.9067565663,1.00320647656918,254.184961875509,132.197486877441,192.0,1.875,1.86767578125,1,0.115736246109009,228791fb499afffb54b46200aca536f79142f117,0b252757d18c79a6a6ca319df6f813e337d41c571b34f1cd538cb138a0153cc0
1321,157,autopareto-seed1-20260731,20,autopareto,1,bf16,cached_decode,headline,256,256,1,0,1,,,,,,,,,,,228791fb499afffb54b46200aca536f79142f117,0b252757d18c79a6a6ca319df6f813e337d41c571b34f1cd538cb138a0153cc0
1322,157,autopareto-seed1-20260731,20,autopareto,1,bf16,cached_decode,headline,256,256,1,1,1,,,,,,,,,,,228791fb499afffb54b46200aca536f79142f117,0b252757d18c79a6a6ca319df6f813e337d41c571b34f1cd538cb138a0153cc0
1323,157,autopareto-seed1-20260731,20,autopareto,1,bf16,cached_decode,headline,256,256,1,0,0,5.19098900258541,49316.2285399752,1.03036139905453,247.485979418475,132.193580627441,160.0,1.875,1.86767578125,1,0.116641521453857,228791fb499afffb54b46200aca536f79142f117,0b252757d18c79a6a6ca319df6f813e337d41c571b34f1cd538cb138a0153cc0
1324,157,autopareto-seed1-20260731,20,autopareto,1,bf16,cached_decode,headline,256,256,1,1,0,4.04976308345795,63213.5744052985,1.01160417310894,252.074879462305,132.197486877441,160.0,1.875,1.86767578125,1,0.116641521453857,228791fb499afffb54b46200aca536f79142f117,0b252757d18c79a6a6ca319df6f813e337d41c571b34f1cd538cb138a0153cc0
1325,157,autopareto-seed1-20260731,20,autopareto,1,bf16,cached_decode,headline,256,256,1,2,0,4.64721396565437,55086.7685223856,1.00812321901321,252.945270172036,132.197486877441,160.0,1.875,1.86767578125,1,0.116641521453857,228791fb499afffb54b46200aca536f79142f117,0b252757d18c79a6a6ca319df6f813e337d41c571b34f1cd538cb138a0153cc0
1326,157,autopareto-seed1-20260731,20,autopareto,1,bf16,cached_decode,headline,256,256,1,3,0,4.09455969929695,62521.9849753213,0.99199971742928,257.05652483533,132.197486877441,160.0,1.875,1.86767578125,1,0.116641521453857,228791fb499afffb54b46200aca536f79142f117,0b252757d18c79a6a6ca319df6f813e337d41c571b34f1cd538cb138a0153cc0
1327,157,autopareto-seed1-20260731,20,autopareto,1,bf16,cached_decode,headline,256,256,1,4,0,4.17220592498779,61358.4287551073,0.990055216476321,257.561392290385,132.197486877441,160.0,1.875,1.86767578125,1,0.116641521453857,228791fb499afffb54b46200aca536f79142f117,0b252757d18c79a6a6ca319df6f813e337d41c571b34f1cd538cb138a0153cc0
1328,157,autopareto-seed1-20260731,20,autopareto,1,bf16,cached_decode,headline,256,256,1,5,0,4.04778867959976,63244.4083087146,1.00191665999591,254.512186673331,132.197486877441,160.0,1.875,1.86767578125,1,0.116641521453857,228791fb499afffb54b46200aca536f79142f117,0b252757d18c79a6a6ca319df6f813e337d41c571b34f1cd538cb138a0153cc0
1329,157,autopareto-seed1-20260731,20,autopareto,1,bf16,cached_decode,headline,256,256,1,6,0,4.0608923882246,63040.3309238937,0.991281546652317,257.242758993312,132.197486877441,160.0,1.875,1.86767578125,1,0.116641521453857,228791fb499afffb54b46200aca536f79142f117,0b252757d18c79a6a6ca319df6f813e337d41c571b34f1cd538cb138a0153cc0
1330,157,autopareto-seed1-20260731,20,autopareto,1,bf16,cached_decode,headline,256,256,1,7,0,4.06799465417862,62930.2695216274,1.00488509610295,253.760356272489,132.197486877441,160.0,1.875,1.86767578125,1,0.116641521453857,228791fb499afffb54b46200aca536f79142f117,0b252757d18c79a6a6ca319df6f813e337d41c571b34f1cd538cb138a0153cc0
1331,157,autopareto-seed1-20260731,20,autopareto,1,bf16,cached_decode,headline,256,256,1,8,0,4.31462377309799,59333.0991212211,1.00151073373854,254.615344009455,132.197486877441,160.0,1.875,1.86767578125,1,0.116641521453857,228791fb499afffb54b46200aca536f79142f117,0b252757d18c79a6a6ca319df6f813e337d41c571b34f1cd538cb138a0153cc0
1332,157,autopareto-seed1-20260731,20,autopareto,1,bf16,cached_decode,headline,256,256,1,9,0,4.26469370722771,60027.7575775576,0.991481611505151,257.190851591175,132.197486877441,160.0,1.875,1.86767578125,1,0.116641521453857,228791fb499afffb54b46200aca536f79142f117,0b252757d18c79a6a6ca319df6f813e337d41c571b34f1cd538cb138a0153cc0
1333,158,autopareto-seed1-20260731,21,autopareto,1,bf16,cached_decode,headline,256,256,1,0,1,,,,,,,,,,,228791fb499afffb54b46200aca536f79142f117,0b252757d18c79a6a6ca319df6f813e337d41c571b34f1cd538cb138a0153cc0
1334,158,autopareto-seed1-20260731,21,autopareto,1,bf16,cached_decode,headline,256,256,1,1,1,,,,,,,,,,,228791fb499afffb54b46200aca536f79142f117,0b252757d18c79a6a6ca319df6f813e337d41c571b34f1cd538cb138a0153cc0
1335,158,autopareto-seed1-20260731,21,autopareto,1,bf16,cached_decode,headline,256,256,1,0,0,5.23828156292439,48870.9888777117,1.15787152387202,220.231687836366,132.193580627441,160.0,1.875,1.86767578125,1,0.132744997739792,228791fb499afffb54b46200aca536f79142f117,0b252757d18c79a6a6ca319df6f813e337d41c571b34f1cd538cb138a0153cc0
1336,158,autopareto-seed1-20260731,21,autopareto,1,bf16,cached_decode,headline,256,256,1,1,0,4.22671437263489,60567.1397285387,1.00592954829335,253.496878019569,132.197486877441,160.0,1.875,1.86767578125,1,0.132744997739792,228791fb499afffb54b46200aca536f79142f117,0b252757d18c79a6a6ca319df6f813e337d41c571b34f1cd538cb138a0153cc0
1337,158,autopareto-seed1-20260731,21,autopareto,1,bf16,cached_decode,headline,256,256,1,2,0,4.03162464499474,63497.9747724839,0.995448859408498,256.165846783453,132.197486877441,160.0,1.875,1.86767578125,1,0.132744997739792,228791fb499afffb54b46200aca536f79142f117,0b252757d18c79a6a6ca319df6f813e337d41c571b34f1cd538cb138a0153cc0
1338,158,autopareto-seed1-20260731,21,autopareto,1,bf16,cached_decode,headline,256,256,1,3,0,4.19894605875015,60967.6800840353,0.992202026769519,257.004111179098,132.197486877441,160.0,1.875,1.86767578125,1,0.132744997739792,228791fb499afffb54b46200aca536f79142f117,0b252757d18c79a6a6ca319df6f813e337d41c571b34f1cd538cb138a0153cc0
1339,158,autopareto-seed1-20260731,21,autopareto,1,bf16,cached_decode,headline,256,256,1,4,0,4.15780581533909,61570.9370205693,0.98893872462213,257.852173902316,132.197486877441,160.0,1.875,1.86767578125,1,0.132744997739792,228791fb499afffb54b46200aca536f79142f117,0b252757d18c79a6a6ca319df6f813e337d41c571b34f1cd538cb138a0153cc0
1340,158,autopareto-seed1-20260731,21,autopareto,1,bf16,cached_decode,headline,256,256,1,5,0,4.20306250452995,60907.9688260857,0.991124691441655,257.283470184852,132.197486877441,160.0,1.875,1.86767578125,1,0.132744997739792,228791fb499afffb54b46200aca536f79142f117,0b252757d18c79a6a6ca319df6f813e337d41c571b34f1cd538cb138a0153cc0
1341,158,autopareto-seed1-20260731,21,autopareto,1,bf16,cached_decode,headline,256,256,1,6,0,4.09619882702827,62496.9662875774,0.992536658421159,256.917462782314,132.197486877441,160.0,1.875,1.86767578125,1,0.132744997739792,228791fb499afffb54b46200aca536f79142f117,0b252757d18c79a6a6ca319df6f813e337d41c571b34f1cd538cb138a0153cc0
1342,158,autopareto-seed1-20260731,21,autopareto,1,bf16,cached_decode,headline,256,256,1,7,0,4.13087569177151,61972.3320432854,0.990988651290536,257.318789340242,132.197486877441,160.0,1.875,1.86767578125,1,0.132744997739792,228791fb499afffb54b46200aca536f79142f117,0b252757d18c79a6a6ca319df6f813e337d41c571b34f1cd538cb138a0153cc0
1343,158,autopareto-seed1-20260731,21,autopareto,1,bf16,cached_decode,headline,256,256,1,8,0,4.07307781279087,62851.7332018729,0.99100505001843,257.314531338925,132.197486877441,160.0,1.875,1.86767578125,1,0.132744997739792,228791fb499afffb54b46200aca536f79142f117,0b252757d18c79a6a6ca319df6f813e337d41c571b34f1cd538cb138a0153cc0
1344,158,autopareto-seed1-20260731,21,autopareto,1,bf16,cached_decode,headline,256,256,1,9,0,4.09244559705257,62554.282990194,0.986649356782436,258.450480149889,132.197486877441,160.0,1.875,1.86767578125,1,0.132744997739792,228791fb499afffb54b46200aca536f79142f117,0b252757d18c79a6a6ca319df6f813e337d41c571b34f1cd538cb138a0153cc0
1345,159,autopareto-seed1-20260731,22,autopareto,1,bf16,cached_decode,headline,256,256,1,0,1,,,,,,,,,,,228791fb499afffb54b46200aca536f79142f117,0b252757d18c79a6a6ca319df6f813e337d41c571b34f1cd538cb138a0153cc0
1346,159,autopareto-seed1-20260731,22,autopareto,1,bf16,cached_decode,headline,256,256,1,1,1,,,,,,,,,,,228791fb499afffb54b46200aca536f79142f117,0b252757d18c79a6a6ca319df6f813e337d41c571b34f1cd538cb138a0153cc0
1347,159,autopareto-seed1-20260731,22,autopareto,1,bf16,cached_decode,headline,256,256,1,0,0,5.34285046160221,47914.4984198624,1.17378392443061,217.246117187793,132.193580627441,160.0,1.875,1.86767578125,1,0.134253740310669,228791fb499afffb54b46200aca536f79142f117,0b252757d18c79a6a6ca319df6f813e337d41c571b34f1cd538cb138a0153cc0
1348,159,autopareto-seed1-20260731,22,autopareto,1,bf16,cached_decode,headline,256,256,1,1,0,4.85678017139435,52709.8182264453,1.11235748045146,229.242850865268,132.197486877441,160.0,1.875,1.86767578125,1,0.134253740310669,228791fb499afffb54b46200aca536f79142f117,0b252757d18c79a6a6ca319df6f813e337d41c571b34f1cd538cb138a0153cc0
1349,159,autopareto-seed1-20260731,22,autopareto,1,bf16,cached_decode,headline,256,256,1,2,0,4.15453314781189,61619.4385486683,1.00405898317695,253.969143518993,132.197486877441,160.0,1.875,1.86767578125,1,0.134253740310669,228791fb499afffb54b46200aca536f79142f117,0b252757d18c79a6a6ca319df6f813e337d41c571b34f1cd538cb138a0153cc0
1350,159,autopareto-seed1-20260731,22,autopareto,1,bf16,cached_decode,headline,256,256,1,3,0,4.17803227901459,61272.8631336422,1.00180468894541,254.540633332866,132.197486877441,160.0,1.875,1.86767578125,1,0.134253740310669,228791fb499afffb54b46200aca536f79142f117,0b252757d18c79a6a6ca319df6f813e337d41c571b34f1cd538cb138a0153cc0
1351,159,autopareto-seed1-20260731,22,autopareto,1,bf16,cached_decode,headline,256,256,1,4,0,4.1502621024847,61682.8512702213,1.00177638605237,254.547824794374,132.197486877441,160.0,1.875,1.86767578125,1,0.134253740310669,228791fb499afffb54b46200aca536f79142f117,0b252757d18c79a6a6ca319df6f813e337d41c571b34f1cd538cb138a0153cc0
1352,159,autopareto-seed1-20260731,22,autopareto,1,bf16,cached_decode,headline,256,256,1,5,0,4.87865135073662,52473.5181089231,1.1524843685329,221.261135476061,132.197486877441,160.0,1.875,1.86767578125,1,0.134253740310669,228791fb499afffb54b46200aca536f79142f117,0b252757d18c79a6a6ca319df6f813e337d41c571b34f1cd538cb138a0153cc0
1353,159,autopareto-seed1-20260731,22,autopareto,1,bf16,cached_decode,headline,256,256,1,6,0,5.30374422669411,48267.787634165,1.1577368862927,220.257299408124,132.197486877441,160.0,1.875,1.86767578125,1,0.134253740310669,228791fb499afffb54b46200aca536f79142f117,0b252757d18c79a6a6ca319df6f813e337d41c571b34f1cd538cb138a0153cc0
1354,159,autopareto-seed1-20260731,22,autopareto,1,bf16,cached_decode,headline,256,256,1,7,0,4.75279055535793,53863.0930646429,1.16053439676762,219.726361157618,132.197486877441,160.0,1.875,1.86767578125,1,0.134253740310669,228791fb499afffb54b46200aca536f79142f117,0b252757d18c79a6a6ca319df6f813e337d41c571b34f1cd538cb138a0153cc0
1355,159,autopareto-seed1-20260731,22,autopareto,1,bf16,cached_decode,headline,256,256,1,8,0,4.74431551992893,53959.3117120159,1.07701937109232,236.764543743886,132.197486877441,160.0,1.875,1.86767578125,1,0.134253740310669,228791fb499afffb54b46200aca536f79142f117,0b252757d18c79a6a6ca319df6f813e337d41c571b34f1cd538cb138a0153cc0
1356,159,autopareto-seed1-20260731,22,autopareto,1,bf16,cached_decode,headline,256,256,1,9,0,4.10729646682739,62328.10367296,0.989417256787419,257.727463565746,132.197486877441,160.0,1.875,1.86767578125,1,0.134253740310669,228791fb499afffb54b46200aca536f79142f117,0b252757d18c79a6a6ca319df6f813e337d41c571b34f1cd538cb138a0153cc0
1357,160,autopareto-seed1-20260731,23,autopareto,1,bf16,cached_decode,headline,256,256,1,0,1,,,,,,,,,,,228791fb499afffb54b46200aca536f79142f117,0b252757d18c79a6a6ca319df6f813e337d41c571b34f1cd538cb138a0153cc0
1358,160,autopareto-seed1-20260731,23,autopareto,1,bf16,cached_decode,headline,256,256,1,1,1,,,,,,,,,,,228791fb499afffb54b46200aca536f79142f117,0b252757d18c79a6a6ca319df6f813e337d41c571b34f1cd538cb138a0153cc0
1359,160,autopareto-seed1-20260731,23,autopareto,1,bf16,cached_decode,headline,256,256,1,0,0,4.49657253921032,56932.2517912628,1.00265201739967,254.325524284418,132.193580627441,192.0,1.875,1.86767578125,1,0.121026039123535,228791fb499afffb54b46200aca536f79142f117,0b252757d18c79a6a6ca319df6f813e337d41c571b34f1cd538cb138a0153cc0
1360,160,autopareto-seed1-20260731,23,autopareto,1,bf16,cached_decode,headline,256,256,1,1,0,4.30909916758537,59409.1688410715,1.00866846367717,252.80853836788,132.197486877441,192.0,1.875,1.86767578125,1,0.121026039123535,228791fb499afffb54b46200aca536f79142f117,0b252757d18c79a6a6ca319df6f813e337d41c571b34f1cd538cb138a0153cc0
1361,160,autopareto-seed1-20260731,23,autopareto,1,bf16,cached_decode,headline,256,256,1,2,0,6.95518031716347,36807.0974908102,1.01995631866157,250.010706668911,132.197486877441,192.0,1.875,1.86767578125,1,0.121026039123535,228791fb499afffb54b46200aca536f79142f117,0b252757d18c79a6a6ca319df6f813e337d41c571b34f1cd538cb138a0153cc0
1362,160,autopareto-seed1-20260731,23,autopareto,1,bf16,cached_decode,headline,256,256,1,3,0,9.15121473371983,27974.4282534107,1.047079667449,243.534477774033,132.197486877441,192.0,1.875,1.86767578125,1,0.121026039123535,228791fb499afffb54b46200aca536f79142f117,0b252757d18c79a6a6ca319df6f813e337d41c571b34f1cd538cb138a0153cc0
1363,160,autopareto-seed1-20260731,23,autopareto,1,bf16,cached_decode,headline,256,256,1,4,0,4.1414350271225,61814.3224084022,1.01154682412744,252.089170681707,132.197486877441,192.0,1.875,1.86767578125,1,0.121026039123535,228791fb499afffb54b46200aca536f79142f117,0b252757d18c79a6a6ca319df6f813e337d41c571b34f1cd538cb138a0153cc0
1364,160,autopareto-seed1-20260731,23,autopareto,1,bf16,cached_decode,headline,256,256,1,5,0,4.18723560869694,61138.1885147053,1.00280159711838,254.28758862447,132.197486877441,192.0,1.875,1.86767578125,1,0.121026039123535,228791fb499afffb54b46200aca536f79142f117,0b252757d18c79a6a6ca319df6f813e337d41c571b34f1cd538cb138a0153cc0
1365,160,autopareto-seed1-20260731,23,autopareto,1,bf16,cached_decode,headline,256,256,1,6,0,15.6964175403118,16309.4540102884,1.04925910942256,243.028626304072,132.197486877441,192.0,1.875,1.86767578125,1,0.121026039123535,228791fb499afffb54b46200aca536f79142f117,0b252757d18c79a6a6ca319df6f813e337d41c571b34f1cd538cb138a0153cc0
1366,160,autopareto-seed1-20260731,23,autopareto,1,bf16,cached_decode,headline,256,256,1,7,0,5.15368022024632,49673.2410742715,1.0136440359056,251.567602597474,132.197486877441,192.0,1.875,1.86767578125,1,0.121026039123535,228791fb499afffb54b46200aca536f79142f117,0b252757d18c79a6a6ca319df6f813e337d41c571b34f1cd538cb138a0153cc0
1367,160,autopareto-seed1-20260731,23,autopareto,1,bf16,cached_decode,headline,256,256,1,8,0,4.52286191284657,56601.3300721977,1.01845107413828,250.380216070523,132.197486877441,192.0,1.875,1.86767578125,1,0.121026039123535,228791fb499afffb54b46200aca536f79142f117,0b252757d18c79a6a6ca319df6f813e337d41c571b34f1cd538cb138a0153cc0
1368,160,autopareto-seed1-20260731,23,autopareto,1,bf16,cached_decode,headline,256,256,1,9,0,7.49510899186134,34155.6073804905,1.0263817794621,248.445563924215,132.197486877441,192.0,1.875,1.86767578125,1,0.121026039123535,228791fb499afffb54b46200aca536f79142f117,0b252757d18c79a6a6ca319df6f813e337d41c571b34f1cd538cb138a0153cc0
1369,161,autopareto-seed1-20260731,24,autopareto,1,bf16,cached_decode,headline,256,256,1,0,1,,,,,,,,,,,228791fb499afffb54b46200aca536f79142f117,0b252757d18c79a6a6ca319df6f813e337d41c571b34f1cd538cb138a0153cc0
1370,161,autopareto-seed1-20260731,24,autopareto,1,bf16,cached_decode,headline,256,256,1,1,1,,,,,,,,,,,228791fb499afffb54b46200aca536f79142f117,0b252757d18c79a6a6ca319df6f813e337d41c571b34f1cd538cb138a0153cc0
1371,161,autopareto-seed1-20260731,24,autopareto,1,bf16,cached_decode,headline,256,256,1,0,0,6.56109862029552,39017.8558219064,1.43019152060151,178.297798810017,132.193580627441,192.0,1.875,1.86767578125,1,0.121574878692627,228791fb499afffb54b46200aca536f79142f117,0b252757d18c79a6a6ca319df6f813e337d41c571b34f1cd538cb138a0153cc0
1372,161,autopareto-seed1-20260731,24,autopareto,1,bf16,cached_decode,headline,256,256,1,1,0,6.12235628068447,41813.9664311368,1.4473815895617,176.180215251473,132.197486877441,192.0,1.875,1.86767578125,1,0.121574878692627,228791fb499afffb54b46200aca536f79142f117,0b252757d18c79a6a6ca319df6f813e337d41c571b34f1cd538cb138a0153cc0
1373,161,autopareto-seed1-20260731,24,autopareto,1,bf16,cached_decode,headline,256,256,1,2,0,4.98505495488644,51353.4960630804,1.0065740570426,253.334564124583,132.197486877441,192.0,1.875,1.86767578125,1,0.121574878692627,228791fb499afffb54b46200aca536f79142f117,0b252757d18c79a6a6ca319df6f813e337d41c571b34f1cd538cb138a0153cc0
1374,161,autopareto-seed1-20260731,24,autopareto,1,bf16,cached_decode,headline,256,256,1,3,0,3.94917652010918,64823.6407505337,0.996842866763473,255.807618735266,132.197486877441,192.0,1.875,1.86767578125,1,0.121574878692627,228791fb499afffb54b46200aca536f79142f117,0b252757d18c79a6a6ca319df6f813e337d41c571b34f1cd538cb138a0153cc0
1375,161,autopareto-seed1-20260731,24,autopareto,1,bf16,cached_decode,headline,256,256,1,4,0,3.99302877485752,64111.7343335785,0.994740482419729,256.348268223393,132.197486877441,192.0,1.875,1.86767578125,1,0.121574878692627,228791fb499afffb54b46200aca536f79142f117,0b252757d18c79a6a6ca319df6f813e337d41c571b34f1cd538cb138a0153cc0
1376,161,autopareto-seed1-20260731,24,autopareto,1,bf16,cached_decode,headline,256,256,1,5,0,4.21484932303429,60737.6398014875,0.994199866428971,256.487662702998,132.197486877441,192.0,1.875,1.86767578125,1,0.121574878692627,228791fb499afffb54b46200aca536f79142f117,0b252757d18c79a6a6ca319df6f813e337d41c571b34f1cd538cb138a0153cc0
1377,161,autopareto-seed1-20260731,24,autopareto,1,bf16,cached_decode,headline,256,256,1,6,0,4.2125228792429,60771.1832881511,0.992193847894669,257.006229721222,132.197486877441,192.0,1.875,1.86767578125,1,0.121574878692627,228791fb499afffb54b46200aca536f79142f117,0b252757d18c79a6a6ca319df6f813e337d41c571b34f1cd538cb138a0153cc0
1378,161,autopareto-seed1-20260731,24,autopareto,1,bf16,cached_decode,headline,256,256,1,7,0,4.39860671758652,58200.247586687,1.00221083313227,254.437481186502,132.197486877441,192.0,1.875,1.86767578125,1,0.121574878692627,228791fb499afffb54b46200aca536f79142f117,0b252757d18c79a6a6ca319df6f813e337d41c571b34f1cd538cb138a0153cc0
1379,161,autopareto-seed1-20260731,24,autopareto,1,bf16,cached_decode,headline,256,256,1,8,0,4.02913615107536,63537.1926887292,1.00725013203919,253.164523774993,132.197486877441,192.0,1.875,1.86767578125,1,0.121574878692627,228791fb499afffb54b46200aca536f79142f117,0b252757d18c79a6a6ca319df6f813e337d41c571b34f1cd538cb138a0153cc0
1380,161,autopareto-seed1-20260731,24,autopareto,1,bf16,cached_decode,headline,256,256,1,9,0,4.34228405356407,58955.1482220238,1.00306325405836,254.221255706735,132.197486877441,192.0,1.875,1.86767578125,1,0.121574878692627,228791fb499afffb54b46200aca536f79142f117,0b252757d18c79a6a6ca319df6f813e337d41c571b34f1cd538cb138a0153cc0
1381,162,autopareto-seed1-20260731,25,autopareto,1,bf16,cached_decode,headline,256,256,1,0,1,,,,,,,,,,,228791fb499afffb54b46200aca536f79142f117,0b252757d18c79a6a6ca319df6f813e337d41c571b34f1cd538cb138a0153cc0
1382,162,autopareto-seed1-20260731,25,autopareto,1,bf16,cached_decode,headline,256,256,1,1,1,,,,,,,,,,,228791fb499afffb54b46200aca536f79142f117,0b252757d18c79a6a6ca319df6f813e337d41c571b34f1cd538cb138a0153cc0
1383,162,autopareto-seed1-20260731,25,autopareto,1,bf16,cached_decode,headline,256,256,1,0,0,8.83360765874386,28980.2320738799,1.02117141708732,249.713217323822,132.193580627441,160.0,1.875,1.86767578125,1,0.121291875839233,228791fb499afffb54b46200aca536f79142f117,0b252757d18c79a6a6ca319df6f813e337d41c571b34f1cd538cb138a0153cc0
1384,162,autopareto-seed1-20260731,25,autopareto,1,bf16,cached_decode,headline,256,256,1,1,0,7.00686313211918,36535.60732855,1.02477109618485,248.836058071258,132.197486877441,160.0,1.875,1.86767578125,1,0.121291875839233,228791fb499afffb54b46200aca536f79142f117,0b252757d18c79a6a6ca319df6f813e337d41c571b34f1cd538cb138a0153cc0
1385,162,autopareto-seed1-20260731,25,autopareto,1,bf16,cached_decode,headline,256,256,1,2,0,4.63998876512051,55172.5473829572,1.00881275720894,252.772378400033,132.197486877441,160.0,1.875,1.86767578125,1,0.121291875839233,228791fb499afffb54b46200aca536f79142f117,0b252757d18c79a6a6ca319df6f813e337d41c571b34f1cd538cb138a0153cc0
1386,162,autopareto-seed1-20260731,25,autopareto,1,bf16,cached_decode,headline,256,256,1,3,0,4.22414764761925,60603.9422282701,0.988457251340151,257.97777258882,132.197486877441,160.0,1.875,1.86767578125,1,0.121291875839233,228791fb499afffb54b46200aca536f79142f117,0b252757d18c79a6a6ca319df6f813e337d41c571b34f1cd538cb138a0153cc0
1387,162,autopareto-seed1-20260731,25,autopareto,1,bf16,cached_decode,headline,256,256,1,4,0,4.11140732467175,62265.7838992976,1.00142507813871,254.637122203844,132.197486877441,160.0,1.875,1.86767578125,1,0.121291875839233,228791fb499afffb54b46200aca536f79142f117,0b252757d18c79a6a6ca319df6f813e337d41c571b34f1cd538cb138a0153cc0
1388,162,autopareto-seed1-20260731,25,autopareto,1,bf16,cached_decode,headline,256,256,1,5,0,4.67648170888424,54742.0081882623,0.989286897704005,257.761424508723,132.197486877441,160.0,1.875,1.86767578125,1,0.121291875839233,228791fb499afffb54b46200aca536f79142f117,0b252757d18c79a6a6ca319df6f813e337d41c571b34f1cd538cb138a0153cc0
1389,162,autopareto-seed1-20260731,25,autopareto,1,bf16,cached_decode,headline,256,256,1,6,0,4.07798029482365,62776.1738635549,0.986636992543936,258.453718973693,132.197486877441,160.0,1.875,1.86767578125,1,0.121291875839233,228791fb499afffb54b46200aca536f79142f117,0b252757d18c79a6a6ca319df6f813e337d41c571b34f1cd538cb138a0153cc0
1390,162,autopareto-seed1-20260731,25,autopareto,1,bf16,cached_decode,headline,256,256,1,7,0,4.09690476953983,62486.1973613202,0.984423471614718,259.034863910479,132.197486877441,160.0,1.875,1.86767578125,1,0.121291875839233,228791fb499afffb54b46200aca536f79142f117,0b252757d18c79a6a6ca319df6f813e337d41c571b34f1cd538cb138a0153cc0
1391,162,autopareto-seed1-20260731,25,autopareto,1,bf16,cached_decode,headline,256,256,1,8,0,4.74197044968605,53985.9964789424,1.00925169885159,252.662443164734,132.197486877441,160.0,1.875,1.86767578125,1,0.121291875839233,228791fb499afffb54b46200aca536f79142f117,0b252757d18c79a6a6ca319df6f813e337d41c571b34f1cd538cb138a0153cc0
1392,162,autopareto-seed1-20260731,25,autopareto,1,bf16,cached_decode,headline,256,256,1,9,0,6.51897490024567,39269.9778596099,1.22774130105972,207.698478319412,132.197486877441,160.0,1.875,1.86767578125,1,0.121291875839233,228791fb499afffb54b46200aca536f79142f117,0b252757d18c79a6a6ca319df6f813e337d41c571b34f1cd538cb138a0153cc0
1393,164,tpe-seed42-20260805,2,tpe,42,bf16,cached_decode,headline,256,256,1,0,1,,,,,,,,,,,471674859cbebb57a2feb46543489b4849b02e9e,0b252757d18c79a6a6ca319df6f813e337d41c571b34f1cd538cb138a0153cc0
1394,164,tpe-seed42-20260805,2,tpe,42,bf16,cached_decode,headline,256,256,1,1,1,,,,,,,,,,,471674859cbebb57a2feb46543489b4849b02e9e,0b252757d18c79a6a6ca319df6f813e337d41c571b34f1cd538cb138a0153cc0
1395,164,tpe-seed42-20260805,2,tpe,42,bf16,cached_decode,headline,256,256,1,0,0,6.52319402433932,39244.5785062983,1.4672335749492,173.796459100814,257.567680358887,288.0,0.875,0.87158203125,1,0.0624916106462479,471674859cbebb57a2feb46543489b4849b02e9e,0b252757d18c79a6a6ca319df6f813e337d41c571b34f1cd538cb138a0153cc0
1396,164,tpe-seed42-20260805,2,tpe,42,bf16,cached_decode,headline,256,256,1,1,0,5.90729806572199,43336.2253185563,1.46694246504921,173.830948435626,257.571586608887,288.0,0.875,0.87158203125,1,0.0624916106462479,471674859cbebb57a2feb46543489b4849b02e9e,0b252757d18c79a6a6ca319df6f813e337d41c571b34f1cd538cb138a0153cc0
1397,164,tpe-seed42-20260805,2,tpe,42,bf16,cached_decode,headline,256,256,1,2,0,5.9284979943186,43181.257756236,1.47751166892704,172.587469434458,257.571586608887,288.0,0.875,0.87158203125,1,0.0624916106462479,471674859cbebb57a2feb46543489b4849b02e9e,0b252757d18c79a6a6ca319df6f813e337d41c571b34f1cd538cb138a0153cc0
1398,164,tpe-seed42-20260805,2,tpe,42,bf16,cached_decode,headline,256,256,1,3,0,5.89484197553247,43427.7968879524,1.4694588839775,173.533266415575,257.571586608887,288.0,0.875,0.87158203125,1,0.0624916106462479,471674859cbebb57a2feb46543489b4849b02e9e,0b252757d18c79a6a6ca319df6f813e337d41c571b34f1cd538cb138a0153cc0
1399,164,tpe-seed42-20260805,2,tpe,42,bf16,cached_decode,headline,256,256,1,4,0,5.97216503228992,42865.5267588681,1.48231343296356,172.028394487516,257.571586608887,288.0,0.875,0.87158203125,1,0.0624916106462479,471674859cbebb57a2feb46543489b4849b02e9e,0b252757d18c79a6a6ca319df6f813e337d41c571b34f1cd538cb138a0153cc0
1400,164,tpe-seed42-20260805,2,tpe,42,bf16,cached_decode,headline,256,256,1,5,0,6.93916296586394,36892.0576241471,1.63554491696414,155.911340223738,257.571586608887,288.0,0.875,0.87158203125,1,0.0624916106462479,471674859cbebb57a2feb46543489b4849b02e9e,0b252757d18c79a6a6ca319df6f813e337d41c571b34f1cd538cb138a0153cc0
1401,164,tpe-seed42-20260805,2,tpe,42,bf16,cached_decode,headline,256,256,1,6,0,5.92119689099491,43234.5021982516,1.48750384699088,171.428128079029,257.571586608887,288.0,0.875,0.87158203125,1,0.0624916106462479,471674859cbebb57a2feb46543489b4849b02e9e,0b252757d18c79a6a6ca319df6f813e337d41c571b34f1cd538cb138a0153cc0
1402,164,tpe-seed42-20260805,2,tpe,42,bf16,cached_decode,headline,256,256,1,7,0,5.89369202498347,43436.2703233918,1.48260798701085,171.994217105303,257.571586608887,288.0,0.875,0.87158203125,1,0.0624916106462479,471674859cbebb57a2feb46543489b4849b02e9e,0b252757d18c79a6a6ca319df6f813e337d41c571b34f1cd538cb138a0153cc0
1403,164,tpe-seed42-20260805,2,tpe,42,bf16,cached_decode,headline,256,256,1,8,0,6.004647933878,42633.6402765027,1.50900345598347,168.985696479937,257.571586608887,288.0,0.875,0.87158203125,1,0.0624916106462479,471674859cbebb57a2feb46543489b4849b02e9e,0b252757d18c79a6a6ca319df6f813e337d41c571b34f1cd538cb138a0153cc0
1404,164,tpe-seed42-20260805,2,tpe,42,bf16,cached_decode,headline,256,256,1,9,0,5.93371293507516,43143.3072009165,1.48792340501677,171.379789537705,257.571586608887,288.0,0.875,0.87158203125,1,0.0624916106462479,471674859cbebb57a2feb46543489b4849b02e9e,0b252757d18c79a6a6ca319df6f813e337d41c571b34f1cd538cb138a0153cc0
1405,165,tpe-seed42-20260805,3,tpe,42,bf16,cached_decode,headline,256,256,1,0,1,,,,,,,,,,,471674859cbebb57a2feb46543489b4849b02e9e,0b252757d18c79a6a6ca319df6f813e337d41c571b34f1cd538cb138a0153cc0
1406,165,tpe-seed42-20260805,3,tpe,42,bf16,cached_decode,headline,256,256,1,1,1,,,,,,,,,,,471674859cbebb57a2feb46543489b4849b02e9e,0b252757d18c79a6a6ca319df6f813e337d41c571b34f1cd538cb138a0153cc0
1407,165,tpe-seed42-20260805,3,tpe,42,bf16,cached_decode,headline,256,256,1,0,0,8.57932900544256,29839.1633935007,1.85038073395845,137.809476352733,304.320617675781,384.0,2.5,2.490234375,1,0.0897426605224609,471674859cbebb57a2feb46543489b4849b02e9e,0b252757d18c79a6a6ca319df6f813e337d41c571b34f1cd538cb138a0153cc0
1408,165,tpe-seed42-20260805,3,tpe,42,bf16,cached_decode,headline,256,256,1,1,0,6.58525503240526,38874.7282740387,1.66246730997227,153.386474711646,304.324523925781,384.0,2.5,2.490234375,1,0.0897426605224609,471674859cbebb57a2feb46543489b4849b02e9e,0b252757d18c79a6a6ca319df6f813e337d41c571b34f1cd538cb138a0153cc0
1409,165,tpe-seed42-20260805,3,tpe,42,bf16,cached_decode,headline,256,256,1,2,0,7.8042009845376,32802.8456093341,1.70610920607578,149.4628826173,304.324523925781,384.0,2.5,2.490234375,1,0.0897426605224609,471674859cbebb57a2feb46543489b4849b02e9e,0b252757d18c79a6a6ca319df6f813e337d41c571b34f1cd538cb138a0153cc0
1410,165,tpe-seed42-20260805,3,tpe,42,bf16,cached_decode,headline,256,256,1,3,0,6.57784903887659,38918.4972909809,1.65833801496774,153.768410118103,304.324523925781,384.0,2.5,2.490234375,1,0.0897426605224609,471674859cbebb57a2feb46543489b4849b02e9e,0b252757d18c79a6a6ca319df6f813e337d41c571b34f1cd538cb138a0153cc0
1411,165,tpe-seed42-20260805,3,tpe,42,bf16,cached_decode,headline,256,256,1,4,0,6.57387403771281,38942.0300010902,1.69638902891893,150.319293306504,304.324523925781,384.0,2.5,2.490234375,1,0.0897426605224609,471674859cbebb57a2feb46543489b4849b02e9e,0b252757d18c79a6a6ca319df6f813e337d41c571b34f1cd538cb138a0153cc0
1412,165,tpe-seed42-20260805,3,tpe,42,bf16,cached_decode,headline,256,256,1,5,0,6.57986593432724,38906.5677865023,1.70378770306706,149.666533888561,304.324523925781,384.0,2.5,2.490234375,1,0.0897426605224609,471674859cbebb57a2feb46543489b4849b02e9e,0b252757d18c79a6a6ca319df6f813e337d41c571b34f1cd538cb138a0153cc0
1413,165,tpe-seed42-20260805,3,tpe,42,bf16,cached_decode,headline,256,256,1,6,0,6.56996399629861,38965.2059195797,1.70512336003594,149.549297122189,304.324523925781,384.0,2.5,2.490234375,1,0.0897426605224609,471674859cbebb57a2feb46543489b4849b02e9e,0b252757d18c79a6a6ca319df6f813e337d41c571b34f1cd538cb138a0153cc0
1414,165,tpe-seed42-20260805,3,tpe,42,bf16,cached_decode,headline,256,256,1,7,0,6.62418699357659,38646.2520228129,1.6608126059873,153.539297016842,304.324523925781,384.0,2.5,2.490234375,1,0.0897426605224609,471674859cbebb57a2feb46543489b4849b02e9e,0b252757d18c79a6a6ca319df6f813e337d41c571b34f1cd538cb138a0153cc0
1415,165,tpe-seed42-20260805,3,tpe,42,bf16,cached_decode,headline,256,256,1,8,0,8.35214601829648,30650.8051271132,1.70873316400684,149.233365028186,304.324523925781,384.0,2.5,2.490234375,1,0.0897426605224609,471674859cbebb57a2feb46543489b4849b02e9e,0b252757d18c79a6a6ca319df6f813e337d41c571b34f1cd538cb138a0153cc0
1416,165,tpe-seed42-20260805,3,tpe,42,bf16,cached_decode,headline,256,256,1,9,0,6.7142880288884,38127.6464307985,1.66570671298541,153.08817453402,304.324523925781,384.0,2.5,2.490234375,1,0.0897426605224609,471674859cbebb57a2feb46543489b4849b02e9e,0b252757d18c79a6a6ca319df6f813e337d41c571b34f1cd538cb138a0153cc0
1417,166,tpe-seed42-20260805,4,tpe,42,bf16,cached_decode,headline,256,256,1,0,1,,,,,,,,,,,471674859cbebb57a2feb46543489b4849b02e9e,0b252757d18c79a6a6ca319df6f813e337d41c571b34f1cd538cb138a0153cc0
1418,166,tpe-seed42-20260805,4,tpe,42,bf16,cached_decode,headline,256,256,1,1,1,,,,,,,,,,,471674859cbebb57a2feb46543489b4849b02e9e,0b252757d18c79a6a6ca319df6f813e337d41c571b34f1cd538cb138a0153cc0
1419,166,tpe-seed42-20260805,4,tpe,42,bf16,cached_decode,headline,256,256,1,0,0,10.3189549408853,24808.7138151644,2.20644467102829,115.57053904332,432.506294250488,480.0,2.25,2.2412109375,1,0.0782022476196289,471674859cbebb57a2feb46543489b4849b02e9e,0b252757d18c79a6a6ca319df6f813e337d41c571b34f1cd538cb138a0153cc0
1420,166,tpe-seed42-20260805,4,tpe,42,bf16,cached_decode,headline,256,256,1,1,0,7.83863395918161,32658.751682127,1.89301502401941,134.705745471879,432.510200500488,480.0,2.25,2.2412109375,1,0.0782022476196289,471674859cbebb57a2feb46543489b4849b02e9e,0b252757d18c79a6a6ca319df6f813e337d41c571b34f1cd538cb138a0153cc0
1421,166,tpe-seed42-20260805,4,tpe,42,bf16,cached_decode,headline,256,256,1,2,0,7.89346697274595,32431.8833389561,1.91477298701648,133.175056118444,432.510200500488,480.0,2.25,2.2412109375,1,0.0782022476196289,471674859cbebb57a2feb46543489b4849b02e9e,0b252757d18c79a6a6ca319df6f813e337d41c571b34f1cd538cb138a0153cc0
1422,166,tpe-seed42-20260805,4,tpe,42,bf16,cached_decode,headline,256,256,1,3,0,8.02520196884871,31899.5086969413,1.9480418380117,130.90067935105,432.510200500488,480.0,2.25,2.2412109375,1,0.0782022476196289,471674859cbebb57a2feb46543489b4849b02e9e,0b252757d18c79a6a6ca319df6f813e337d41c571b34f1cd538cb138a0153cc0
1423,166,tpe-seed42-20260805,4,tpe,42,bf16,cached_decode,headline,256,256,1,4,0,7.94375396799296,32226.5771361345,1.98477919003926,128.477767844269,432.510200500488,480.0,2.25,2.2412109375,1,0.0782022476196289,471674859cbebb57a2feb46543489b4849b02e9e,0b252757d18c79a6a6ca319df6f813e337d41c571b34f1cd538cb138a0153cc0
1424,166,tpe-seed42-20260805,4,tpe,42,bf16,cached_decode,headline,256,256,1,5,0,8.28228704631329,30909.3368255033,1.98579290497582,128.412182036225,432.510200500488,480.0,2.25,2.2412109375,1,0.0782022476196289,471674859cbebb57a2feb46543489b4849b02e9e,0b252757d18c79a6a6ca319df6f813e337d41c571b34f1cd538cb138a0153cc0
1425,166,tpe-seed42-20260805,4,tpe,42,bf16,cached_decode,headline,256,256,1,6,0,7.93629896361381,32256.8493417025,1.9679209170863,129.578377762025,432.510200500488,480.0,2.25,2.2412109375,1,0.0782022476196289,471674859cbebb57a2feb46543489b4849b02e9e,0b252757d18c79a6a6ca319df6f813e337d41c571b34f1cd538cb138a0153cc0
1426,166,tpe-seed42-20260805,4,tpe,42,bf16,cached_decode,headline,256,256,1,7,0,8.85712495073676,28903.2842399615,1.94214045803528,131.298433614819,432.510200500488,480.0,2.25,2.2412109375,1,0.0782022476196289,471674859cbebb57a2feb46543489b4849b02e9e,0b252757d18c79a6a6ca319df6f813e337d41c571b34f1cd538cb138a0153cc0
1427,166,tpe-seed42-20260805,4,tpe,42,bf16,cached_decode,headline,256,256,1,8,0,8.12234100885689,31518.0069047641,1.96550193906296,129.737852164913,432.510200500488,480.0,2.25,2.2412109375,1,0.0782022476196289,471674859cbebb57a2feb46543489b4849b02e9e,0b252757d18c79a6a6ca319df6f813e337d41c571b34f1cd538cb138a0153cc0
1428,166,tpe-seed42-20260805,4,tpe,42,bf16,cached_decode,headline,256,256,1,9,0,8.04540200624615,31819.4168297931,1.93299502204172,131.919636156464,432.510200500488,480.0,2.25,2.2412109375,1,0.0782022476196289,471674859cbebb57a2feb46543489b4849b02e9e,0b252757d18c79a6a6ca319df6f813e337d41c571b34f1cd538cb138a0153cc0
1429,167,tpe-seed42-20260805,5,tpe,42,bf16,cached_decode,headline,256,256,1,0,1,,,,,,,,,,,471674859cbebb57a2feb46543489b4849b02e9e,0b252757d18c79a6a6ca319df6f813e337d41c571b34f1cd538cb138a0153cc0
1430,167,tpe-seed42-20260805,5,tpe,42,bf16,cached_decode,headline,256,256,1,1,1,,,,,,,,,,,471674859cbebb57a2feb46543489b4849b02e9e,0b252757d18c79a6a6ca319df6f813e337d41c571b34f1cd538cb138a0153cc0
1431,167,tpe-seed42-20260805,5,tpe,42,bf16,cached_decode,headline,256,256,1,0,0,10.4320530081168,24539.7526067799,2.39456179807894,106.491300497893,415.571548461914,480.0,6.25,6.2255859375,1,0.0846700668334961,471674859cbebb57a2feb46543489b4849b02e9e,0b252757d18c79a6a6ca319df6f813e337d41c571b34f1cd538cb138a0153cc0
1432,167,tpe-seed42-20260805,5,tpe,42,bf16,cached_decode,headline,256,256,1,1,0,9.35475598089397,27365.7592483279,2.12623271497432,119.930428218945,415.575454711914,480.0,6.25,6.2255859375,1,0.0846700668334961,471674859cbebb57a2feb46543489b4849b02e9e,0b252757d18c79a6a6ca319df6f813e337d41c571b34f1cd538cb138a0153cc0
1433,167,tpe-seed42-20260805,5,tpe,42,bf16,cached_decode,headline,256,256,1,2,0,11.1615819623694,22935.8168817905,2.3209180830745,109.870314622308,415.575454711914,480.0,6.25,6.2255859375,1,0.0846700668334961,471674859cbebb57a2feb46543489b4849b02e9e,0b252757d18c79a6a6ca319df6f813e337d41c571b34f1cd538cb138a0153cc0
1434,167,tpe-seed42-20260805,5,tpe,42,bf16,cached_decode,headline,256,256,1,3,0,7.82211497426033,32727.7214464887,2.021150777,126.165748197419,415.575454711914,480.0,6.25,6.2255859375,1,0.0846700668334961,471674859cbebb57a2feb46543489b4849b02e9e,0b252757d18c79a6a6ca319df6f813e337d41c571b34f1cd538cb138a0153cc0
1435,167,tpe-seed42-20260805,5,tpe,42,bf16,cached_decode,headline,256,256,1,4,0,11.807944974862,21680.3178321883,2.04008872399572,124.99456371709,415.575454711914,480.0,6.25,6.2255859375,1,0.0846700668334961,471674859cbebb57a2feb46543489b4849b02e9e,0b252757d18c79a6a6ca319df6f813e337d41c571b34f1cd538cb138a0153cc0
1436,167,tpe-seed42-20260805,5,tpe,42,bf16,cached_decode,headline,256,256,1,5,0,7.97616899944842,32095.6088089035,1.99288174090907,127.955409879805,415.575454711914,480.0,6.25,6.2255859375,1,0.0846700668334961,471674859cbebb57a2feb46543489b4849b02e9e,0b252757d18c79a6a6ca319df6f813e337d41c571b34f1cd538cb138a0153cc0
1437,167,tpe-seed42-20260805,5,tpe,42,bf16,cached_decode,headline,256,256,1,6,0,8.4826999809593,30179.0704109105,2.01595339004416,126.49101971272,415.575454711914,480.0,6.25,6.2255859375,1,0.0846700668334961,471674859cbebb57a2feb46543489b4849b02e9e,0b252757d18c79a6a6ca319df6f813e337d41c571b34f1cd538cb138a0153cc0
1438,167,tpe-seed42-20260805,5,tpe,42,bf16,cached_decode,headline,256,256,1,7,0,7.86722998600453,32540.0427412715,2.04097381199244,124.940358617862,415.575454711914,480.0,6.25,6.2255859375,1,0.0846700668334961,471674859cbebb57a2feb46543489b4849b02e9e,0b252757d18c79a6a6ca319df6f813e337d41c571b34f1cd538cb138a0153cc0
1439,167,tpe-seed42-20260805,5,tpe,42,bf16,cached_decode,headline,256,256,1,8,0,7.80869799200445,32783.9545417335,2.0701906629838,123.177060238724,415.575454711914,480.0,6.25,6.2255859375,1,0.0846700668334961,471674859cbebb57a2feb46543489b4849b02e9e,0b252757d18c79a6a6ca319df6f813e337d41c571b34f1cd538cb138a0153cc0
1440,167,tpe-seed42-20260805,5,tpe,42,bf16,cached_decode,headline,256,256,1,9,0,10.8853870769963,23517.7672772883,2.32884105108678,109.496523981747,415.575454711914,480.0,6.25,6.2255859375,1,0.0846700668334961,471674859cbebb57a2feb46543489b4849b02e9e,0b252757d18c79a6a6ca319df6f813e337d41c571b34f1cd538cb138a0153cc0
1441,168,tpe-seed42-20260805,6,tpe,42,bf16,cached_decode,headline,256,256,1,0,1,,,,,,,,,,,471674859cbebb57a2feb46543489b4849b02e9e,0b252757d18c79a6a6ca319df6f813e337d41c571b34f1cd538cb138a0153cc0
1442,168,tpe-seed42-20260805,6,tpe,42,bf16,cached_decode,headline,256,256,1,1,1,,,,,,,,,,,471674859cbebb57a2feb46543489b4849b02e9e,0b252757d18c79a6a6ca319df6f813e337d41c571b34f1cd538cb138a0153cc0
1443,168,tpe-seed42-20260805,6,tpe,42,bf16,cached_decode,headline,256,256,1,0,0,7.70192698109895,33238.4350862117,1.49367828306276,170.719493542563,159.194145202637,192.0,2.625,2.61474609375,1,0.131485462188721,471674859cbebb57a2feb46543489b4849b02e9e,0b252757d18c79a6a6ca319df6f813e337d41c571b34f1cd538cb138a0153cc0
1444,168,tpe-seed42-20260805,6,tpe,42,bf16,cached_decode,headline,256,256,1,1,0,6.53341703582555,39183.1714700349,1.43353377201129,177.882101544234,159.198051452637,192.0,2.625,2.61474609375,1,0.131485462188721,471674859cbebb57a2feb46543489b4849b02e9e,0b252757d18c79a6a6ca319df6f813e337d41c571b34f1cd538cb138a0153cc0
1445,168,tpe-seed42-20260805,6,tpe,42,bf16,cached_decode,headline,256,256,1,2,0,5.80003799404949,44137.6419021119,1.44239956198726,176.788739209457,159.198051452637,192.0,2.625,2.61474609375,1,0.131485462188721,471674859cbebb57a2feb46543489b4849b02e9e,0b252757d18c79a6a6ca319df6f813e337d41c571b34f1cd538cb138a0153cc0
1446,168,tpe-seed42-20260805,6,tpe,42,bf16,cached_decode,headline,256,256,1,3,0,7.07006501033902,36209.00226881,1.67439161695074,152.294121290683,159.198051452637,192.0,2.625,2.61474609375,1,0.131485462188721,471674859cbebb57a2feb46543489b4849b02e9e,0b252757d18c79a6a6ca319df6f813e337d41c571b34f1cd538cb138a0153cc0
1447,168,tpe-seed42-20260805,6,tpe,42,bf16,cached_decode,headline,256,256,1,4,0,6.56865106429905,38972.9942257662,1.46624682995025,173.91341948112,159.198051452637,192.0,2.625,2.61474609375,1,0.131485462188721,471674859cbebb57a2feb46543489b4849b02e9e,0b252757d18c79a6a6ca319df6f813e337d41c571b34f1cd538cb138a0153cc0
1448,168,tpe-seed42-20260805,6,tpe,42,bf16,cached_decode,headline,256,256,1,5,0,5.54796401411295,46143.0534424494,1.3854410770582,184.056907379604,159.198051452637,192.0,2.625,2.61474609375,1,0.131485462188721,471674859cbebb57a2feb46543489b4849b02e9e,0b252757d18c79a6a6ca319df6f813e337d41c571b34f1cd538cb138a0153cc0
1449,168,tpe-seed42-20260805,6,tpe,42,bf16,cached_decode,headline,256,256,1,6,0,5.81115204840899,44053.2269449204,1.37705494696274,185.177795964084,159.198051452637,192.0,2.625,2.61474609375,1,0.131485462188721,471674859cbebb57a2feb46543489b4849b02e9e,0b252757d18c79a6a6ca319df6f813e337d41c571b34f1cd538cb138a0153cc0
1450,168,tpe-seed42-20260805,6,tpe,42,bf16,cached_decode,headline,256,256,1,7,0,7.94160505756736,32235.2972912024,1.39321472903248,183.02993406988,159.198051452637,192.0,2.625,2.61474609375,1,0.131485462188721,471674859cbebb57a2feb46543489b4849b02e9e,0b252757d18c79a6a6ca319df6f813e337d41c571b34f1cd538cb138a0153cc0
1451,168,tpe-seed42-20260805,6,tpe,42,bf16,cached_decode,headline,256,256,1,8,0,5.73345995508134,44650.1766831243,1.40080784109887,182.037815979074,159.198051452637,192.0,2.625,2.61474609375,1,0.131485462188721,471674859cbebb57a2feb46543489b4849b02e9e,0b252757d18c79a6a6ca319df6f813e337d41c571b34f1cd538cb138a0153cc0
1452,168,tpe-seed42-20260805,6,tpe,42,bf16,cached_decode,headline,256,256,1,9,0,6.18677900638431,41378.5589780767,1.39027813600842,183.416536155939,159.198051452637,192.0,2.625,2.61474609375,1,0.131485462188721,471674859cbebb57a2feb46543489b4849b02e9e,0b252757d18c79a6a6ca319df6f813e337d41c571b34f1cd538cb138a0153cc0
1453,169,tpe-seed42-20260805,7,tpe,42,bf16,cached_decode,headline,256,256,1,0,1,,,,,,,,,,,471674859cbebb57a2feb46543489b4849b02e9e,0b252757d18c79a6a6ca319df6f813e337d41c571b34f1cd538cb138a0153cc0
1454,169,tpe-seed42-20260805,7,tpe,42,bf16,cached_decode,headline,256,256,1,1,1,,,,,,,,,,,471674859cbebb57a2feb46543489b4849b02e9e,0b252757d18c79a6a6ca319df6f813e337d41c571b34f1cd538cb138a0153cc0
1455,169,tpe-seed42-20260805,7,tpe,42,bf16,cached_decode,headline,256,256,1,0,0,6.58081902656704,38900.932994285,1.42160346510354,179.374914495884,182.38053894043,224.0,1.5,1.494140625,1,0.0871479511260986,471674859cbebb57a2feb46543489b4849b02e9e,0b252757d18c79a6a6ca319df6f813e337d41c571b34f1cd538cb138a0153cc0
1456,169,tpe-seed42-20260805,7,tpe,42,bf16,cached_decode,headline,256,256,1,1,0,5.20893197972327,49146.3511131508,1.25980824511498,202.411756700899,182.38444519043,224.0,1.5,1.494140625,1,0.0871479511260986,471674859cbebb57a2feb46543489b4849b02e9e,0b252757d18c79a6a6ca319df6f813e337d41c571b34f1cd538cb138a0153cc0
1457,169,tpe-seed42-20260805,7,tpe,42,bf16,cached_decode,headline,256,256,1,2,0,5.09880308527499,50207.8616723425,1.25209845998324,203.658105292624,182.38444519043,224.0,1.5,1.494140625,1,0.0871479511260986,471674859cbebb57a2feb46543489b4849b02e9e,0b252757d18c79a6a6ca319df6f813e337d41c571b34f1cd538cb138a0153cc0
1458,169,tpe-seed42-20260805,7,tpe,42,bf16,cached_decode,headline,256,256,1,3,0,6.11324294004589,41876.3007638754,1.28644324105699,198.220948940183,182.38444519043,224.0,1.5,1.494140625,1,0.0871479511260986,471674859cbebb57a2feb46543489b4849b02e9e,0b252757d18c79a6a6ca319df6f813e337d41c571b34f1cd538cb138a0153cc0
1459,169,tpe-seed42-20260805,7,tpe,42,bf16,cached_decode,headline,256,256,1,4,0,6.46891898941249,39573.845401216,1.29325801599771,197.176431033583,182.38444519043,224.0,1.5,1.494140625,1,0.0871479511260986,471674859cbebb57a2feb46543489b4849b02e9e,0b252757d18c79a6a6ca319df6f813e337d41c571b34f1cd538cb138a0153cc0
1460,169,tpe-seed42-20260805,7,tpe,42,bf16,cached_decode,headline,256,256,1,5,0,7.92472006287426,32303.980199794,1.49229490291327,170.877753118493,182.38444519043,224.0,1.5,1.494140625,1,0.0871479511260986,471674859cbebb57a2feb46543489b4849b02e9e,0b252757d18c79a6a6ca319df6f813e337d41c571b34f1cd538cb138a0153cc0
1461,169,tpe-seed42-20260805,7,tpe,42,bf16,cached_decode,headline,256,256,1,6,0,6.07200502417982,42160.7029277087,1.49566125799902,170.493150528719,182.38444519043,224.0,1.5,1.494140625,1,0.0871479511260986,471674859cbebb57a2feb46543489b4849b02e9e,0b252757d18c79a6a6ca319df6f813e337d41c571b34f1cd538cb138a0153cc0
1462,169,tpe-seed42-20260805,7,tpe,42,bf16,cached_decode,headline,256,256,1,7,0,6.07823894824833,42117.4623405972,1.38223154598381,184.484286110329,182.38444519043,224.0,1.5,1.494140625,1,0.0871479511260986,471674859cbebb57a2feb46543489b4849b02e9e,0b252757d18c79a6a6ca319df6f813e337d41c571b34f1cd538cb138a0153cc0
1463,169,tpe-seed42-20260805,7,tpe,42,bf16,cached_decode,headline,256,256,1,8,0,5.27991098351777,48485.6659135262,1.23166819103062,207.036279622212,182.38444519043,224.0,1.5,1.494140625,1,0.0871479511260986,471674859cbebb57a2feb46543489b4849b02e9e,0b252757d18c79a6a6ca319df6f813e337d41c571b34f1cd538cb138a0153cc0
1464,169,tpe-seed42-20260805,7,tpe,42,bf16,cached_decode,headline,256,256,1,9,0,6.79407897405326,37679.8681583876,1.23787594900932,205.99802444185,182.38444519043,224.0,1.5,1.494140625,1,0.0871479511260986,471674859cbebb57a2feb46543489b4849b02e9e,0b252757d18c79a6a6ca319df6f813e337d41c571b34f1cd538cb138a0153cc0
1465,170,tpe-seed42-20260805,8,tpe,42,bf16,cached_decode,headline,256,256,1,0,1,,,,,,,,,,,471674859cbebb57a2feb46543489b4849b02e9e,0b252757d18c79a6a6ca319df6f813e337d41c571b34f1cd538cb138a0153cc0
1466,170,tpe-seed42-20260805,8,tpe,42,bf16,cached_decode,headline,256,256,1,1,1,,,,,,,,,,,471674859cbebb57a2feb46543489b4849b02e9e,0b252757d18c79a6a6ca319df6f813e337d41c571b34f1cd538cb138a0153cc0
1467,170,tpe-seed42-20260805,8,tpe,42,bf16,cached_decode,headline,256,256,1,0,0,10.0554679520428,25458.7853316158,2.01935488497838,126.277952378207,345.574279785156,384.0,5.0,4.98046875,1,0.0855321884155273,471674859cbebb57a2feb46543489b4849b02e9e,0b252757d18c79a6a6ca319df6f813e337d41c571b34f1cd538cb138a0153cc0
1468,170,tpe-seed42-20260805,8,tpe,42,bf16,cached_decode,headline,256,256,1,1,0,6.31683203391731,40526.6435177389,1.62535501597449,156.888801211908,345.578186035156,384.0,5.0,4.98046875,1,0.0855321884155273,471674859cbebb57a2feb46543489b4849b02e9e,0b252757d18c79a6a6ca319df6f813e337d41c571b34f1cd538cb138a0153cc0
1469,170,tpe-seed42-20260805,8,tpe,42,bf16,cached_decode,headline,256,256,1,2,0,6.67105906177312,38374.7164624798,1.63427497900557,156.032493476198,345.578186035156,384.0,5.0,4.98046875,1,0.0855321884155273,471674859cbebb57a2feb46543489b4849b02e9e,0b252757d18c79a6a6ca319df6f813e337d41c571b34f1cd538cb138a0153cc0
1470,170,tpe-seed42-20260805,8,tpe,42,bf16,cached_decode,headline,256,256,1,3,0,6.27991498913616,40764.8830347008,1.63486837805249,155.975859233246,345.578186035156,384.0,5.0,4.98046875,1,0.0855321884155273,471674859cbebb57a2feb46543489b4849b02e9e,0b252757d18c79a6a6ca319df6f813e337d41c571b34f1cd538cb138a0153cc0
1471,170,tpe-seed42-20260805,8,tpe,42,bf16,cached_decode,headline,256,256,1,4,0,6.47064100485295,39563.3137131238,1.64479338389356,155.034670309996,345.578186035156,384.0,5.0,4.98046875,1,0.0855321884155273,471674859cbebb57a2feb46543489b4849b02e9e,0b252757d18c79a6a6ca319df6f813e337d41c571b34f1cd538cb138a0153cc0
1472,170,tpe-seed42-20260805,8,tpe,42,bf16,cached_decode,headline,256,256,1,5,0,6.39585708267987,40025.9100055963,1.63768549193628,155.707552674541,345.578186035156,384.0,5.0,4.98046875,1,0.0855321884155273,471674859cbebb57a2feb46543489b4849b02e9e,0b252757d18c79a6a6ca319df6f813e337d41c571b34f1cd538cb138a0153cc0
1473,170,tpe-seed42-20260805,8,tpe,42,bf16,cached_decode,headline,256,256,1,6,0,6.28013198729604,40763.4744807685,1.61456978309434,157.936809340808,345.578186035156,384.0,5.0,4.98046875,1,0.0855321884155273,471674859cbebb57a2feb46543489b4849b02e9e,0b252757d18c79a6a6ca319df6f813e337d41c571b34f1cd538cb138a0153cc0
1474,170,tpe-seed42-20260805,8,tpe,42,bf16,cached_decode,headline,256,256,1,7,0,7.64083699323237,33504.1828829412,1.63737230503466,155.737335495364,345.578186035156,384.0,5.0,4.98046875,1,0.0855321884155273,471674859cbebb57a2feb46543489b4849b02e9e,0b252757d18c79a6a6ca319df6f813e337d41c571b34f1cd538cb138a0153cc0
1475,170,tpe-seed42-20260805,8,tpe,42,bf16,cached_decode,headline,256,256,1,8,0,6.72125502023846,38088.1247965083,1.67015190108214,152.680723133494,345.578186035156,384.0,5.0,4.98046875,1,0.0855321884155273,471674859cbebb57a2feb46543489b4849b02e9e,0b252757d18c79a6a6ca319df6f813e337d41c571b34f1cd538cb138a0153cc0
1476,170,tpe-seed42-20260805,8,tpe,42,bf16,cached_decode,headline,256,256,1,9,0,6.21325394604355,41202.2431761403,1.62473601300735,156.948573773533,345.578186035156,384.0,5.0,4.98046875,1,0.0855321884155273,471674859cbebb57a2feb46543489b4849b02e9e,0b252757d18c79a6a6ca319df6f813e337d41c571b34f1cd538cb138a0153cc0
1477,171,tpe-seed42-20260805,9,tpe,42,bf16,cached_decode,headline,256,256,1,0,1,,,,,,,,,,,471674859cbebb57a2feb46543489b4849b02e9e,0b252757d18c79a6a6ca319df6f813e337d41c571b34f1cd538cb138a0153cc0
1478,171,tpe-seed42-20260805,9,tpe,42,bf16,cached_decode,headline,256,256,1,1,1,,,,,,,,,,,471674859cbebb57a2feb46543489b4849b02e9e,0b252757d18c79a6a6ca319df6f813e337d41c571b34f1cd538cb138a0153cc0
1479,171,tpe-seed42-20260805,9,tpe,42,bf16,cached_decode,headline,256,256,1,0,0,8.11890501063317,31531.3456266235,1.78779887990095,142.633493547176,167.196350097656,224.0,3.0,2.98828125,1,0.0913276672363281,471674859cbebb57a2feb46543489b4849b02e9e,0b252757d18c79a6a6ca319df6f813e337d41c571b34f1cd538cb138a0153cc0
1480,171,tpe-seed42-20260805,9,tpe,42,bf16,cached_decode,headline,256,256,1,1,0,6.73706608358771,37998.7366642649,1.59856983995996,159.517584797162,167.200256347656,224.0,3.0,2.98828125,1,0.0913276672363281,471674859cbebb57a2feb46543489b4849b02e9e,0b252757d18c79a6a6ca319df6f813e337d41c571b34f1cd538cb138a0153cc0
1481,171,tpe-seed42-20260805,9,tpe,42,bf16,cached_decode,headline,256,256,1,2,0,6.41026196535677,39935.9653916659,1.62757046299521,156.675244358223,167.200256347656,224.0,3.0,2.98828125,1,0.0913276672363281,471674859cbebb57a2feb46543489b4849b02e9e,0b252757d18c79a6a6ca319df6f813e337d41c571b34f1cd538cb138a0153cc0
1482,171,tpe-seed42-20260805,9,tpe,42,bf16,cached_decode,headline,256,256,1,3,0,6.312025943771,40557.5012334404,1.62525042006746,156.898898072222,167.200256347656,224.0,3.0,2.98828125,1,0.0913276672363281,471674859cbebb57a2feb46543489b4849b02e9e,0b252757d18c79a6a6ca319df6f813e337d41c571b34f1cd538cb138a0153cc0
1483,171,tpe-seed42-20260805,9,tpe,42,bf16,cached_decode,headline,256,256,1,4,0,6.32497202605009,40474.4873092934,1.66867331601679,152.81601111037,167.200256347656,224.0,3.0,2.98828125,1,0.0913276672363281,471674859cbebb57a2feb46543489b4849b02e9e,0b252757d18c79a6a6ca319df6f813e337d41c571b34f1cd538cb138a0153cc0
1484,171,tpe-seed42-20260805,9,tpe,42,bf16,cached_decode,headline,256,256,1,5,0,19.5629179943353,13085.9823710414,1.66033944708761,153.583052216999,167.200256347656,224.0,3.0,2.98828125,1,0.0913276672363281,471674859cbebb57a2feb46543489b4849b02e9e,0b252757d18c79a6a6ca319df6f813e337d41c571b34f1cd538cb138a0153cc0
1485,171,tpe-seed42-20260805,9,tpe,42,bf16,cached_decode,headline,256,256,1,6,0,6.74544100183994,37951.5586794357,1.60474974289536,158.903281417523,167.200256347656,224.0,3.0,2.98828125,1,0.0913276672363281,471674859cbebb57a2feb46543489b4849b02e9e,0b252757d18c79a6a6ca319df6f813e337d41c571b34f1cd538cb138a0153cc0
1486,171,tpe-seed42-20260805,9,tpe,42,bf16,cached_decode,headline,256,256,1,7,0,6.36645604390651,40210.7543403247,1.60093728697393,159.281692090511,167.200256347656,224.0,3.0,2.98828125,1,0.0913276672363281,471674859cbebb57a2feb46543489b4849b02e9e,0b252757d18c79a6a6ca319df6f813e337d41c571b34f1cd538cb138a0153cc0
1487,171,tpe-seed42-20260805,9,tpe,42,bf16,cached_decode,headline,256,256,1,8,0,6.50317501276731,39365.3868298807,1.59344581700861,160.0305434161,167.200256347656,224.0,3.0,2.98828125,1,0.0913276672363281,471674859cbebb57a2feb46543489b4849b02e9e,0b252757d18c79a6a6ca319df6f813e337d41c571b34f1cd538cb138a0153cc0
1488,171,tpe-seed42-20260805,9,tpe,42,bf16,cached_decode,headline,256,256,1,9,0,6.31813402287662,40518.2921212305,1.59591370890848,159.783075097717,167.200256347656,224.0,3.0,2.98828125,1,0.0913276672363281,471674859cbebb57a2feb46543489b4849b02e9e,0b252757d18c79a6a6ca319df6f813e337d41c571b34f1cd538cb138a0153cc0
1489,172,tpe-seed42-20260805,10,tpe,42,bf16,cached_decode,headline,256,256,1,0,1,,,,,,,,,,,471674859cbebb57a2feb46543489b4849b02e9e,0b252757d18c79a6a6ca319df6f813e337d41c571b34f1cd538cb138a0153cc0
1490,172,tpe-seed42-20260805,10,tpe,42,bf16,cached_decode,headline,256,256,1,1,1,,,,,,,,,,,471674859cbebb57a2feb46543489b4849b02e9e,0b252757d18c79a6a6ca319df6f813e337d41c571b34f1cd538cb138a0153cc0
1491,172,tpe-seed42-20260805,10,tpe,42,bf16,cached_decode,headline,256,256,1,0,0,6.56004506163299,39024.1221813001,1.34940754098352,188.971820784507,179.881637573242,224.0,1.5,1.494140625,1,0.121204137802124,471674859cbebb57a2feb46543489b4849b02e9e,0b252757d18c79a6a6ca319df6f813e337d41c571b34f1cd538cb138a0153cc0
1492,172,tpe-seed42-20260805,10,tpe,42,bf16,cached_decode,headline,256,256,1,1,0,5.30323700513691,48272.404147133,1.27837163896766,199.472510361638,179.885543823242,224.0,1.5,1.494140625,1,0.121204137802124,471674859cbebb57a2feb46543489b4849b02e9e,0b252757d18c79a6a6ca319df6f813e337d41c571b34f1cd538cb138a0153cc0
1493,172,tpe-seed42-20260805,10,tpe,42,bf16,cached_decode,headline,256,256,1,2,0,5.18108904361725,49410.4613614728,1.2453480650438,204.762031722458,179.885543823242,224.0,1.5,1.494140625,1,0.121204137802124,471674859cbebb57a2feb46543489b4849b02e9e,0b252757d18c79a6a6ca319df6f813e337d41c571b34f1cd538cb138a0153cc0
1494,172,tpe-seed42-20260805,10,tpe,42,bf16,cached_decode,headline,256,256,1,3,0,5.53735194262117,46231.48440856,1.26900974696036,200.944083062243,179.885543823242,224.0,1.5,1.494140625,1,0.121204137802124,471674859cbebb57a2feb46543489b4849b02e9e,0b252757d18c79a6a6ca319df6f813e337d41c571b34f1cd538cb138a0153cc0
1495,172,tpe-seed42-20260805,10,tpe,42,bf16,cached_decode,headline,256,256,1,4,0,7.91948894038796,32325.3182025984,1.29398226796184,197.066069847814,179.885543823242,224.0,1.5,1.494140625,1,0.121204137802124,471674859cbebb57a2feb46543489b4849b02e9e,0b252757d18c79a6a6ca319df6f813e337d41c571b34f1cd538cb138a0153cc0
1496,172,tpe-seed42-20260805,10,tpe,42,bf16,cached_decode,headline,256,256,1,5,0,5.79977396409959,44139.6512320362,1.26353445893619,201.814836308218,179.885543823242,224.0,1.5,1.494140625,1,0.121204137802124,471674859cbebb57a2feb46543489b4849b02e9e,0b252757d18c79a6a6ca319df6f813e337d41c571b34f1cd538cb138a0153cc0
1497,172,tpe-seed42-20260805,10,tpe,42,bf16,cached_decode,headline,256,256,1,6,0,5.17662998754531,49453.0226452194,1.28161483700387,198.967734016042,179.885543823242,224.0,1.5,1.494140625,1,0.121204137802124,471674859cbebb57a2feb46543489b4849b02e9e,0b252757d18c79a6a6ca319df6f813e337d41c571b34f1cd538cb138a0153cc0
1498,172,tpe-seed42-20260805,10,tpe,42,bf16,cached_decode,headline,256,256,1,7,0,5.52831194363534,46307.0829956925,1.30559895804618,195.312655872219,179.885543823242,224.0,1.5,1.494140625,1,0.121204137802124,471674859cbebb57a2feb46543489b4849b02e9e,0b252757d18c79a6a6ca319df6f813e337d41c571b34f1cd538cb138a0153cc0
1499,172,tpe-seed42-20260805,10,tpe,42,bf16,cached_decode,headline,256,256,1,8,0,5.18518406897783,49371.4391995472,1.25426896102726,203.305676791325,179.885543823242,224.0,1.5,1.494140625,1,0.121204137802124,471674859cbebb57a2feb46543489b4849b02e9e,0b252757d18c79a6a6ca319df6f813e337d41c571b34f1cd538cb138a0153cc0
1500,172,tpe-seed42-20260805,10,tpe,42,bf16,cached_decode,headline,256,256,1,9,0,6.5885370131582,38855.3634120493,1.28410084394272,198.582534388066,179.885543823242,224.0,1.5,1.494140625,1,0.121204137802124,471674859cbebb57a2feb46543489b4849b02e9e,0b252757d18c79a6a6ca319df6f813e337d41c571b34f1cd538cb138a0153cc0
1501,173,tpe-seed42-20260805,11,tpe,42,bf16,cached_decode,headline,256,256,1,0,1,,,,,,,,,,,471674859cbebb57a2feb46543489b4849b02e9e,0b252757d18c79a6a6ca319df6f813e337d41c571b34f1cd538cb138a0153cc0
1502,173,tpe-seed42-20260805,11,tpe,42,bf16,cached_decode,headline,256,256,1,1,1,,,,,,,,,,,471674859cbebb57a2feb46543489b4849b02e9e,0b252757d18c79a6a6ca319df6f813e337d41c571b34f1cd538cb138a0153cc0
1503,173,tpe-seed42-20260805,11,tpe,42,bf16,cached_decode,headline,256,256,1,0,0,10.9047340229154,23476.0425574836,2.16146051301621,117.975784643949,495.661636352539,544.0,0.625,0.62255859375,1,0.0473299026489258,471674859cbebb57a2feb46543489b4849b02e9e,0b252757d18c79a6a6ca319df6f813e337d41c571b34f1cd538cb138a0153cc0
1504,173,tpe-seed42-20260805,11,tpe,42,bf16,cached_decode,headline,256,256,1,1,0,8.78743408247828,29132.5087161054,2.13149400800467,119.634396832629,495.665542602539,544.0,0.625,0.62255859375,1,0.0473299026489258,471674859cbebb57a2feb46543489b4849b02e9e,0b252757d18c79a6a6ca319df6f813e337d41c571b34f1cd538cb138a0153cc0
1505,173,tpe-seed42-20260805,11,tpe,42,bf16,cached_decode,headline,256,256,1,2,0,8.66625201888382,29539.8748434934,2.12152626889292,120.196484832152,495.665542602539,544.0,0.625,0.62255859375,1,0.0473299026489258,471674859cbebb57a2feb46543489b4849b02e9e,0b252757d18c79a6a6ca319df6f813e337d41c571b34f1cd538cb138a0153cc0
1506,173,tpe-seed42-20260805,11,tpe,42,bf16,cached_decode,headline,256,256,1,3,0,8.66319600027055,29550.2952942546,2.31286251195706,110.25298679956,495.665542602539,544.0,0.625,0.62255859375,1,0.0473299026489258,471674859cbebb57a2feb46543489b4849b02e9e,0b252757d18c79a6a6ca319df6f813e337d41c571b34f1cd538cb138a0153cc0
1507,173,tpe-seed42-20260805,11,tpe,42,bf16,cached_decode,headline,256,256,1,4,0,10.5005939258263,24379.5733658805,2.49411258299369,102.240773627758,495.665542602539,544.0,0.625,0.62255859375,1,0.0473299026489258,471674859cbebb57a2feb46543489b4849b02e9e,0b252757d18c79a6a6ca319df6f813e337d41c571b34f1cd538cb138a0153cc0
1508,173,tpe-seed42-20260805,11,tpe,42,bf16,cached_decode,headline,256,256,1,5,0,9.72935406025499,26312.1270348024,2.13351610302925,119.521010241236,495.665542602539,544.0,0.625,0.62255859375,1,0.0473299026489258,471674859cbebb57a2feb46543489b4849b02e9e,0b252757d18c79a6a6ca319df6f813e337d41c571b34f1cd538cb138a0153cc0
1509,173,tpe-seed42-20260805,11,tpe,42,bf16,cached_decode,headline,256,256,1,6,0,8.30589199904352,30821.493950256,2.11023503704928,120.839620005819,495.665542602539,544.0,0.625,0.62255859375,1,0.0473299026489258,471674859cbebb57a2feb46543489b4849b02e9e,0b252757d18c79a6a6ca319df6f813e337d41c571b34f1cd538cb138a0153cc0
1510,173,tpe-seed42-20260805,11,tpe,42,bf16,cached_decode,headline,256,256,1,7,0,8.2354920450598,31084.967188277,2.12397153908387,120.058105915105,495.665542602539,544.0,0.625,0.62255859375,1,0.0473299026489258,471674859cbebb57a2feb46543489b4849b02e9e,0b252757d18c79a6a6ca319df6f813e337d41c571b34f1cd538cb138a0153cc0
1511,173,tpe-seed42-20260805,11,tpe,42,bf16,cached_decode,headline,256,256,1,8,0,8.20441893301904,31202.6972403514,2.09763220301829,121.565639406698,495.665542602539,544.0,0.625,0.62255859375,1,0.0473299026489258,471674859cbebb57a2feb46543489b4849b02e9e,0b252757d18c79a6a6ca319df6f813e337d41c571b34f1cd538cb138a0153cc0
1512,173,tpe-seed42-20260805,11,tpe,42,bf16,cached_decode,headline,256,256,1,9,0,8.28724098391831,30890.859876861,2.09518199402373,121.707804251544,495.665542602539,544.0,0.625,0.62255859375,1,0.0473299026489258,471674859cbebb57a2feb46543489b4849b02e9e,0b252757d18c79a6a6ca319df6f813e337d41c571b34f1cd538cb138a0153cc0
1513,174,tpe-seed42-20260805,12,tpe,42,bf16,cached_decode,headline,256,256,1,0,1,,,,,,,,,,,471674859cbebb57a2feb46543489b4849b02e9e,0b252757d18c79a6a6ca319df6f813e337d41c571b34f1cd538cb138a0153cc0
1514,174,tpe-seed42-20260805,12,tpe,42,bf16,cached_decode,headline,256,256,1,1,1,,,,,,,,,,,471674859cbebb57a2feb46543489b4849b02e9e,0b252757d18c79a6a6ca319df6f813e337d41c571b34f1cd538cb138a0153cc0
1515,174,tpe-seed42-20260805,12,tpe,42,bf16,cached_decode,headline,256,256,1,0,0,6.85500202234834,37344.9926295282,1.40783701499458,181.128921376585,179.881637573242,224.0,1.5,1.494140625,1,0.116388559341431,471674859cbebb57a2feb46543489b4849b02e9e,0b252757d18c79a6a6ca319df6f813e337d41c571b34f1cd538cb138a0153cc0
1516,174,tpe-seed42-20260805,12,tpe,42,bf16,cached_decode,headline,256,256,1,1,0,4.89523797295988,52295.7211506535,1.22776463103946,207.694531633567,179.885543823242,224.0,1.5,1.494140625,1,0.116388559341431,471674859cbebb57a2feb46543489b4849b02e9e,0b252757d18c79a6a6ca319df6f813e337d41c571b34f1cd538cb138a0153cc0
1517,174,tpe-seed42-20260805,12,tpe,42,bf16,cached_decode,headline,256,256,1,2,0,5.35924104042351,47767.9578263137,1.25419122399762,203.318278043128,179.885543823242,224.0,1.5,1.494140625,1,0.116388559341431,471674859cbebb57a2feb46543489b4849b02e9e,0b252757d18c79a6a6ca319df6f813e337d41c571b34f1cd538cb138a0153cc0
1518,174,tpe-seed42-20260805,12,tpe,42,bf16,cached_decode,headline,256,256,1,3,0,4.98423399403691,51361.9545764255,1.2388515858911,205.835794137181,179.885543823242,224.0,1.5,1.494140625,1,0.116388559341431,471674859cbebb57a2feb46543489b4849b02e9e,0b252757d18c79a6a6ca319df6f813e337d41c571b34f1cd538cb138a0153cc0
1519,174,tpe-seed42-20260805,12,tpe,42,bf16,cached_decode,headline,256,256,1,4,0,5.23421005345881,48909.0039156593,1.21577275393065,209.743144165366,179.885543823242,224.0,1.5,1.494140625,1,0.116388559341431,471674859cbebb57a2feb46543489b4849b02e9e,0b252757d18c79a6a6ca319df6f813e337d41c571b34f1cd538cb138a0153cc0
1520,174,tpe-seed42-20260805,12,tpe,42,bf16,cached_decode,headline,256,256,1,5,0,5.01001602970064,51097.6409022182,1.22688481304795,207.843472580368,179.885543823242,224.0,1.5,1.494140625,1,0.116388559341431,471674859cbebb57a2feb46543489b4849b02e9e,0b252757d18c79a6a6ca319df6f813e337d41c571b34f1cd538cb138a0153cc0
1521,174,tpe-seed42-20260805,12,tpe,42,bf16,cached_decode,headline,256,256,1,6,0,5.12203306425363,49980.1537375089,1.29015490890015,197.650683837173,179.885543823242,224.0,1.5,1.494140625,1,0.116388559341431,471674859cbebb57a2feb46543489b4849b02e9e,0b252757d18c79a6a6ca319df6f813e337d41c571b34f1cd538cb138a0153cc0
1522,174,tpe-seed42-20260805,12,tpe,42,bf16,cached_decode,headline,256,256,1,7,0,5.45358296949416,46941.616444087,1.23026001593098,207.273256627001,179.885543823242,224.0,1.5,1.494140625,1,0.116388559341431,471674859cbebb57a2feb46543489b4849b02e9e,0b252757d18c79a6a6ca319df6f813e337d41c571b34f1cd538cb138a0153cc0
1523,174,tpe-seed42-20260805,12,tpe,42,bf16,cached_decode,headline,256,256,1,8,0,5.02686994150281,50926.3225384875,1.22054307500366,208.923392563786,179.885543823242,224.0,1.5,1.494140625,1,0.116388559341431,471674859cbebb57a2feb46543489b4849b02e9e,0b252757d18c79a6a6ca319df6f813e337d41c571b34f1cd538cb138a0153cc0
1524,174,tpe-seed42-20260805,12,tpe,42,bf16,cached_decode,headline,256,256,1,9,0,5.01568289473653,51039.9092950328,1.23612083808985,206.290511528021,179.885543823242,224.0,1.5,1.494140625,1,0.116388559341431,471674859cbebb57a2feb46543489b4849b02e9e,0b252757d18c79a6a6ca319df6f813e337d41c571b34f1cd538cb138a0153cc0
1525,175,tpe-seed42-20260805,13,tpe,42,bf16,cached_decode,headline,256,256,1,0,1,,,,,,,,,,,471674859cbebb57a2feb46543489b4849b02e9e,0b252757d18c79a6a6ca319df6f813e337d41c571b34f1cd538cb138a0153cc0
1526,175,tpe-seed42-20260805,13,tpe,42,bf16,cached_decode,headline,256,256,1,1,1,,,,,,,,,,,471674859cbebb57a2feb46543489b4849b02e9e,0b252757d18c79a6a6ca319df6f813e337d41c571b34f1cd538cb138a0153cc0
1527,175,tpe-seed42-20260805,13,tpe,42,bf16,cached_decode,headline,256,256,1,0,0,8.46355990506709,30247.3194343121,1.8402187259635,138.570484259412,304.320617675781,384.0,2.5,2.490234375,1,0.0931949615478516,471674859cbebb57a2feb46543489b4849b02e9e,0b252757d18c79a6a6ca319df6f813e337d41c571b34f1cd538cb138a0153cc0
1528,175,tpe-seed42-20260805,13,tpe,42,bf16,cached_decode,headline,256,256,1,1,0,6.49246200919151,39430.3423936213,1.72499206301291,147.826767129938,304.324523925781,384.0,2.5,2.490234375,1,0.0931949615478516,471674859cbebb57a2feb46543489b4849b02e9e,0b252757d18c79a6a6ca319df6f813e337d41c571b34f1cd538cb138a0153cc0
1529,175,tpe-seed42-20260805,13,tpe,42,bf16,cached_decode,headline,256,256,1,2,0,7.25971802603453,35263.0775853748,1.88503753300756,135.275821056544,304.324523925781,384.0,2.5,2.490234375,1,0.0931949615478516,471674859cbebb57a2feb46543489b4849b02e9e,0b252757d18c79a6a6ca319df6f813e337d41c571b34f1cd538cb138a0153cc0
1530,175,tpe-seed42-20260805,13,tpe,42,bf16,cached_decode,headline,256,256,1,3,0,7.76721898000687,32959.029565016,1.85787470999639,137.253604146694,304.324523925781,384.0,2.5,2.490234375,1,0.0931949615478516,471674859cbebb57a2feb46543489b4849b02e9e,0b252757d18c79a6a6ca319df6f813e337d41c571b34f1cd538cb138a0153cc0
1531,175,tpe-seed42-20260805,13,tpe,42,bf16,cached_decode,headline,256,256,1,4,0,7.6144520426169,33620.2787235651,1.96147067297716,130.004492808937,304.324523925781,384.0,2.5,2.490234375,1,0.0931949615478516,471674859cbebb57a2feb46543489b4849b02e9e,0b252757d18c79a6a6ca319df6f813e337d41c571b34f1cd538cb138a0153cc0
1532,175,tpe-seed42-20260805,13,tpe,42,bf16,cached_decode,headline,256,256,1,5,0,6.51084491983056,39319.0136076321,1.74011134693865,146.542346527777,304.324523925781,384.0,2.5,2.490234375,1,0.0931949615478516,471674859cbebb57a2feb46543489b4849b02e9e,0b252757d18c79a6a6ca319df6f813e337d41c571b34f1cd538cb138a0153cc0
1533,175,tpe-seed42-20260805,13,tpe,42,bf16,cached_decode,headline,256,256,1,6,0,8.21559503674507,31160.2505789312,1.98148809105624,128.69115951339,304.324523925781,384.0,2.5,2.490234375,1,0.0931949615478516,471674859cbebb57a2feb46543489b4849b02e9e,0b252757d18c79a6a6ca319df6f813e337d41c571b34f1cd538cb138a0153cc0
1534,175,tpe-seed42-20260805,13,tpe,42,bf16,cached_decode,headline,256,256,1,7,0,7.82777299173176,32704.065418147,1.72510644304566,147.816965746067,304.324523925781,384.0,2.5,2.490234375,1,0.0931949615478516,471674859cbebb57a2feb46543489b4849b02e9e,0b252757d18c79a6a6ca319df6f813e337d41c571b34f1cd538cb138a0153cc0
1535,175,tpe-seed42-20260805,13,tpe,42,bf16,cached_decode,headline,256,256,1,8,0,6.81549997534603,37561.4409692669,1.70121298509184,149.893048215967,304.324523925781,384.0,2.5,2.490234375,1,0.0931949615478516,471674859cbebb57a2feb46543489b4849b02e9e,0b252757d18c79a6a6ca319df6f813e337d41c571b34f1cd538cb138a0153cc0
1536,175,tpe-seed42-20260805,13,tpe,42,bf16,cached_decode,headline,256,256,1,9,0,8.75423604156822,29242.9857710509,1.9943781690672,127.859401970523,304.324523925781,384.0,2.5,2.490234375,1,0.0931949615478516,471674859cbebb57a2feb46543489b4849b02e9e,0b252757d18c79a6a6ca319df6f813e337d41c571b34f1cd538cb138a0153cc0
1537,176,tpe-seed42-20260805,14,tpe,42,bf16,cached_decode,headline,256,256,1,0,1,,,,,,,,,,,471674859cbebb57a2feb46543489b4849b02e9e,0b252757d18c79a6a6ca319df6f813e337d41c571b34f1cd538cb138a0153cc0
1538,176,tpe-seed42-20260805,14,tpe,42,bf16,cached_decode,headline,256,256,1,1,1,,,,,,,,,,,471674859cbebb57a2feb46543489b4849b02e9e,0b252757d18c79a6a6ca319df6f813e337d41c571b34f1cd538cb138a0153cc0
1539,176,tpe-seed42-20260805,14,tpe,42,bf16,cached_decode,headline,256,256,1,0,0,6.74550805706531,37951.1814135131,1.22856685193256,207.558912727363,125.006088256836,160.0,1.125,1.12060546875,1,0.144595623016357,471674859cbebb57a2feb46543489b4849b02e9e,0b252757d18c79a6a6ca319df6f813e337d41c571b34f1cd538cb138a0153cc0
1540,176,tpe-seed42-20260805,14,tpe,42,bf16,cached_decode,headline,256,256,1,1,0,6.53198699001223,39191.7498291773,1.33865078305826,190.490308023002,125.009994506836,160.0,1.125,1.12060546875,1,0.144595623016357,471674859cbebb57a2feb46543489b4849b02e9e,0b252757d18c79a6a6ca319df6f813e337d41c571b34f1cd538cb138a0153cc0
1541,176,tpe-seed42-20260805,14,tpe,42,bf16,cached_decode,headline,256,256,1,2,0,7.59051402565092,33726.3061677891,1.25774810602888,202.743298739775,125.009994506836,160.0,1.125,1.12060546875,1,0.144595623016357,471674859cbebb57a2feb46543489b4849b02e9e,0b252757d18c79a6a6ca319df6f813e337d41c571b34f1cd538cb138a0153cc0
1542,176,tpe-seed42-20260805,14,tpe,42,bf16,cached_decode,headline,256,256,1,3,0,6.68147695250809,38314.8818471794,1.25418171298224,203.319819895676,125.009994506836,160.0,1.125,1.12060546875,1,0.144595623016357,471674859cbebb57a2feb46543489b4849b02e9e,0b252757d18c79a6a6ca319df6f813e337d41c571b34f1cd538cb138a0153cc0
1543,176,tpe-seed42-20260805,14,tpe,42,bf16,cached_decode,headline,256,256,1,4,0,5.1612799288705,49600.0998837556,1.27020395291038,200.75516173267,125.009994506836,160.0,1.125,1.12060546875,1,0.144595623016357,471674859cbebb57a2feb46543489b4849b02e9e,0b252757d18c79a6a6ca319df6f813e337d41c571b34f1cd538cb138a0153cc0
1544,176,tpe-seed42-20260805,14,tpe,42,bf16,cached_decode,headline,256,256,1,5,0,6.26664992887527,40851.172940172,1.27622572600376,199.807913916984,125.009994506836,160.0,1.125,1.12060546875,1,0.144595623016357,471674859cbebb57a2feb46543489b4849b02e9e,0b252757d18c79a6a6ca319df6f813e337d41c571b34f1cd538cb138a0153cc0
1545,176,tpe-seed42-20260805,14,tpe,42,bf16,cached_decode,headline,256,256,1,6,0,4.99861093703657,51214.2279574512,1.23695395200048,206.151570628477,125.009994506836,160.0,1.125,1.12060546875,1,0.144595623016357,471674859cbebb57a2feb46543489b4849b02e9e,0b252757d18c79a6a6ca319df6f813e337d41c571b34f1cd538cb138a0153cc0
1546,176,tpe-seed42-20260805,14,tpe,42,bf16,cached_decode,headline,256,256,1,7,0,6.41111703589559,39930.6390082518,1.25684278900735,202.889336860816,125.009994506836,160.0,1.125,1.12060546875,1,0.144595623016357,471674859cbebb57a2feb46543489b4849b02e9e,0b252757d18c79a6a6ca319df6f813e337d41c571b34f1cd538cb138a0153cc0
1547,176,tpe-seed42-20260805,14,tpe,42,bf16,cached_decode,headline,256,256,1,8,0,7.33196001965553,34915.6295606789,1.24024187389296,205.605056052162,125.009994506836,160.0,1.125,1.12060546875,1,0.144595623016357,471674859cbebb57a2feb46543489b4849b02e9e,0b252757d18c79a6a6ca319df6f813e337d41c571b34f1cd538cb138a0153cc0
1548,176,tpe-seed42-20260805,14,tpe,42,bf16,cached_decode,headline,256,256,1,9,0,8.20315501186997,31207.5048721581,1.26872767705936,200.98875795871,125.009994506836,160.0,1.125,1.12060546875,1,0.144595623016357,471674859cbebb57a2feb46543489b4849b02e9e,0b252757d18c79a6a6ca319df6f813e337d41c571b34f1cd538cb138a0153cc0
1549,177,tpe-seed42-20260805,15,tpe,42,bf16,cached_decode,headline,256,256,1,0,1,,,,,,,,,,,471674859cbebb57a2feb46543489b4849b02e9e,0b252757d18c79a6a6ca319df6f813e337d41c571b34f1cd538cb138a0153cc0
1550,177,tpe-seed42-20260805,15,tpe,42,bf16,cached_decode,headline,256,256,1,1,1,,,,,,,,,,,471674859cbebb57a2feb46543489b4849b02e9e,0b252757d18c79a6a6ca319df6f813e337d41c571b34f1cd538cb138a0153cc0
1551,177,tpe-seed42-20260805,15,tpe,42,bf16,cached_decode,headline,256,256,1,0,0,8.36882705334574,30589.7108839948,1.8307715220144,139.28553996701,95.0362396240234,128.0,0.375,0.37353515625,1,0.16686487197876,471674859cbebb57a2feb46543489b4849b02e9e,0b252757d18c79a6a6ca319df6f813e337d41c571b34f1cd538cb138a0153cc0
1552,177,tpe-seed42-20260805,15,tpe,42,bf16,cached_decode,headline,256,256,1,1,0,8.60310101415962,29756.7120947036,1.83040572202299,139.313375680541,95.0401458740234,128.0,0.375,0.37353515625,1,0.16686487197876,471674859cbebb57a2feb46543489b4849b02e9e,0b252757d18c79a6a6ca319df6f813e337d41c571b34f1cd538cb138a0153cc0
1553,177,tpe-seed42-20260805,15,tpe,42,bf16,cached_decode,headline,256,256,1,2,0,7.63492507394403,33530.1260353765,1.37068447098136,186.038439479386,95.0401458740234,128.0,0.375,0.37353515625,1,0.16686487197876,471674859cbebb57a2feb46543489b4849b02e9e,0b252757d18c79a6a6ca319df6f813e337d41c571b34f1cd538cb138a0153cc0
1554,177,tpe-seed42-20260805,15,tpe,42,bf16,cached_decode,headline,256,256,1,3,0,6.31865195464343,40514.9708889839,1.28344270098023,198.684366513007,95.0401458740234,128.0,0.375,0.37353515625,1,0.16686487197876,471674859cbebb57a2feb46543489b4849b02e9e,0b252757d18c79a6a6ca319df6f813e337d41c571b34f1cd538cb138a0153cc0
1555,177,tpe-seed42-20260805,15,tpe,42,bf16,cached_decode,headline,256,256,1,4,0,6.25002000015229,40959.8689274214,1.27794384793378,199.539283680023,95.0401458740234,128.0,0.375,0.37353515625,1,0.16686487197876,471674859cbebb57a2feb46543489b4849b02e9e,0b252757d18c79a6a6ca319df6f813e337d41c571b34f1cd538cb138a0153cc0
1556,177,tpe-seed42-20260805,15,tpe,42,bf16,cached_decode,headline,256,256,1,5,0,6.00862491410226,42605.4219825184,1.26401751802769,201.737710406016,95.0401458740234,128.0,0.375,0.37353515625,1,0.16686487197876,471674859cbebb57a2feb46543489b4849b02e9e,0b252757d18c79a6a6ca319df6f813e337d41c571b34f1cd538cb138a0153cc0
1557,177,tpe-seed42-20260805,15,tpe,42,bf16,cached_decode,headline,256,256,1,6,0,5.56306191720068,46017.8232437899,1.24086329503916,205.502089568982,95.0401458740234,128.0,0.375,0.37353515625,1,0.16686487197876,471674859cbebb57a2feb46543489b4849b02e9e,0b252757d18c79a6a6ca319df6f813e337d41c571b34f1cd538cb138a0153cc0
1558,177,tpe-seed42-20260805,15,tpe,42,bf16,cached_decode,headline,256,256,1,7,0,7.32392899226397,34953.9161658182,1.26824866107199,201.064671169816,95.0401458740234,128.0,0.375,0.37353515625,1,0.16686487197876,471674859cbebb57a2feb46543489b4849b02e9e,0b252757d18c79a6a6ca319df6f813e337d41c571b34f1cd538cb138a0153cc0
1559,177,tpe-seed42-20260805,15,tpe,42,bf16,cached_decode,headline,256,256,1,8,0,5.09036995936185,50291.0401490923,1.23878312506713,205.847169565037,95.0401458740234,128.0,0.375,0.37353515625,1,0.16686487197876,471674859cbebb57a2feb46543489b4849b02e9e,0b252757d18c79a6a6ca319df6f813e337d41c571b34f1cd538cb138a0153cc0
1560,177,tpe-seed42-20260805,15,tpe,42,bf16,cached_decode,headline,256,256,1,9,0,6.4882260048762,39456.0855012764,1.58434956299607,160.949329589731,95.0401458740234,128.0,0.375,0.37353515625,1,0.16686487197876,471674859cbebb57a2feb46543489b4849b02e9e,0b252757d18c79a6a6ca319df6f813e337d41c571b34f1cd538cb138a0153cc0
1561,178,tpe-seed42-20260805,16,tpe,42,bf16,cached_decode,headline,256,256,1,0,1,,,,,,,,,,,471674859cbebb57a2feb46543489b4849b02e9e,0b252757d18c79a6a6ca319df6f813e337d41c571b34f1cd538cb138a0153cc0
1562,178,tpe-seed42-20260805,16,tpe,42,bf16,cached_decode,headline,256,256,1,1,1,,,,,,,,,,,471674859cbebb57a2feb46543489b4849b02e9e,0b252757d18c79a6a6ca319df6f813e337d41c571b34f1cd538cb138a0153cc0
1563,178,tpe-seed42-20260805,16,tpe,42,bf16,cached_decode,headline,256,256,1,0,0,7.70920095965266,33207.0731246749,1.72597225604113,147.742815162565,202.383834838867,256.0,3.0,2.98828125,1,0.116261005401611,471674859cbebb57a2feb46543489b4849b02e9e,0b252757d18c79a6a6ca319df6f813e337d41c571b34f1cd538cb138a0153cc0
1564,178,tpe-seed42-20260805,16,tpe,42,bf16,cached_decode,headline,256,256,1,1,0,6.9822029909119,36664.6458622317,1.32100400899071,193.03499328123,202.387741088867,256.0,3.0,2.98828125,1,0.116261005401611,471674859cbebb57a2feb46543489b4849b02e9e,0b252757d18c79a6a6ca319df6f813e337d41c571b34f1cd538cb138a0153cc0
1565,178,tpe-seed42-20260805,16,tpe,42,bf16,cached_decode,headline,256,256,1,2,0,4.87117900047451,52554.0120728601,1.19181220908649,213.959882316908,202.387741088867,256.0,3.0,2.98828125,1,0.116261005401611,471674859cbebb57a2feb46543489b4849b02e9e,0b252757d18c79a6a6ca319df6f813e337d41c571b34f1cd538cb138a0153cc0
1566,178,tpe-seed42-20260805,16,tpe,42,bf16,cached_decode,headline,256,256,1,3,0,4.86144504975528,52659.2396663801,1.18586590292398,215.032744740572,202.387741088867,256.0,3.0,2.98828125,1,0.116261005401611,471674859cbebb57a2feb46543489b4849b02e9e,0b252757d18c79a6a6ca319df6f813e337d41c571b34f1cd538cb138a0153cc0
1567,178,tpe-seed42-20260805,16,tpe,42,bf16,cached_decode,headline,256,256,1,4,0,5.01367799006402,51060.319491466,1.18762806302402,214.713686834497,202.387741088867,256.0,3.0,2.98828125,1,0.116261005401611,471674859cbebb57a2feb46543489b4849b02e9e,0b252757d18c79a6a6ca319df6f813e337d41c571b34f1cd538cb138a0153cc0
1568,178,tpe-seed42-20260805,16,tpe,42,bf16,cached_decode,headline,256,256,1,5,0,5.11431891936809,50055.5409304883,1.21066692692693,210.62770802476,202.387741088867,256.0,3.0,2.98828125,1,0.116261005401611,471674859cbebb57a2feb46543489b4849b02e9e,0b252757d18c79a6a6ca319df6f813e337d41c571b34f1cd538cb138a0153cc0
1569,178,tpe-seed42-20260805,16,tpe,42,bf16,cached_decode,headline,256,256,1,6,0,4.78015607222915,53554.7367349072,1.2207344629569,208.890637348217,202.387741088867,256.0,3.0,2.98828125,1,0.116261005401611,471674859cbebb57a2feb46543489b4849b02e9e,0b252757d18c79a6a6ca319df6f813e337d41c571b34f1cd538cb138a0153cc0
1570,178,tpe-seed42-20260805,16,tpe,42,bf16,cached_decode,headline,256,256,1,7,0,6.73981697764248,37983.2272670328,1.22923678008374,207.445794115133,202.387741088867,256.0,3.0,2.98828125,1,0.116261005401611,471674859cbebb57a2feb46543489b4849b02e9e,0b252757d18c79a6a6ca319df6f813e337d41c571b34f1cd538cb138a0153cc0
1571,178,tpe-seed42-20260805,16,tpe,42,bf16,cached_decode,headline,256,256,1,8,0,4.73110901657492,54109.93471153,1.21754542505369,209.43777107023,202.387741088867,256.0,3.0,2.98828125,1,0.116261005401611,471674859cbebb57a2feb46543489b4849b02e9e,0b252757d18c79a6a6ca319df6f813e337d41c571b34f1cd538cb138a0153cc0
1572,178,tpe-seed42-20260805,16,tpe,42,bf16,cached_decode,headline,256,256,1,9,0,6.5506889950484,39079.8586520453,1.19875654694624,212.720423216538,202.387741088867,256.0,3.0,2.98828125,1,0.116261005401611,471674859cbebb57a2feb46543489b4849b02e9e,0b252757d18c79a6a6ca319df6f813e337d41c571b34f1cd538cb138a0153cc0
1573,179,tpe-seed42-20260805,17,tpe,42,bf16,cached_decode,headline,256,256,1,0,1,,,,,,,,,,,471674859cbebb57a2feb46543489b4849b02e9e,0b252757d18c79a6a6ca319df6f813e337d41c571b34f1cd538cb138a0153cc0
1574,179,tpe-seed42-20260805,17,tpe,42,bf16,cached_decode,headline,256,256,1,1,1,,,,,,,,,,,471674859cbebb57a2feb46543489b4849b02e9e,0b252757d18c79a6a6ca319df6f813e337d41c571b34f1cd538cb138a0153cc0
1575,179,tpe-seed42-20260805,17,tpe,42,bf16,cached_decode,headline,256,256,1,0,0,6.56785198953003,38977.7358576435,1.47403751197271,172.994240600249,179.881637573242,224.0,1.5,1.494140625,1,0.103801488876343,471674859cbebb57a2feb46543489b4849b02e9e,0b252757d18c79a6a6ca319df6f813e337d41c571b34f1cd538cb138a0153cc0
1576,179,tpe-seed42-20260805,17,tpe,42,bf16,cached_decode,headline,256,256,1,1,0,6.15701300557703,41578.6030934343,1.30183904105797,195.87674970384,179.885543823242,224.0,1.5,1.494140625,1,0.103801488876343,471674859cbebb57a2feb46543489b4849b02e9e,0b252757d18c79a6a6ca319df6f813e337d41c571b34f1cd538cb138a0153cc0
1577,179,tpe-seed42-20260805,17,tpe,42,bf16,cached_decode,headline,256,256,1,2,0,6.13131606951356,41752.8630228176,1.24110311805271,205.462379628935,179.885543823242,224.0,1.5,1.494140625,1,0.103801488876343,471674859cbebb57a2feb46543489b4849b02e9e,0b252757d18c79a6a6ca319df6f813e337d41c571b34f1cd538cb138a0153cc0
1578,179,tpe-seed42-20260805,17,tpe,42,bf16,cached_decode,headline,256,256,1,3,0,6.74410199280828,37959.0937789777,1.24899969005492,204.163381328612,179.885543823242,224.0,1.5,1.494140625,1,0.103801488876343,471674859cbebb57a2feb46543489b4849b02e9e,0b252757d18c79a6a6ca319df6f813e337d41c571b34f1cd538cb138a0153cc0
1579,179,tpe-seed42-20260805,17,tpe,42,bf16,cached_decode,headline,256,256,1,4,0,7.28517200332135,35139.8703947262,1.24305243999697,205.140178961896,179.885543823242,224.0,1.5,1.494140625,1,0.103801488876343,471674859cbebb57a2feb46543489b4849b02e9e,0b252757d18c79a6a6ca319df6f813e337d41c571b34f1cd538cb138a0153cc0
1580,179,tpe-seed42-20260805,17,tpe,42,bf16,cached_decode,headline,256,256,1,5,0,6.23702397570014,41045.2165964718,1.47088254196569,173.36530465527,179.885543823242,224.0,1.5,1.494140625,1,0.103801488876343,471674859cbebb57a2feb46543489b4849b02e9e,0b252757d18c79a6a6ca319df6f813e337d41c571b34f1cd538cb138a0153cc0
1581,179,tpe-seed42-20260805,17,tpe,42,bf16,cached_decode,headline,256,256,1,6,0,7.39662698470056,34610.3704471672,1.4487087810412,176.018812985125,179.885543823242,224.0,1.5,1.494140625,1,0.103801488876343,471674859cbebb57a2feb46543489b4849b02e9e,0b252757d18c79a6a6ca319df6f813e337d41c571b34f1cd538cb138a0153cc0
1582,179,tpe-seed42-20260805,17,tpe,42,bf16,cached_decode,headline,256,256,1,7,0,6.36898505035788,40194.7873916921,1.23012859094888,207.295401372064,179.885543823242,224.0,1.5,1.494140625,1,0.103801488876343,471674859cbebb57a2feb46543489b4849b02e9e,0b252757d18c79a6a6ca319df6f813e337d41c571b34f1cd538cb138a0153cc0
1583,179,tpe-seed42-20260805,17,tpe,42,bf16,cached_decode,headline,256,256,1,8,0,5.09462598711252,50249.0272392092,1.23771379597019,206.025012268782,179.885543823242,224.0,1.5,1.494140625,1,0.103801488876343,471674859cbebb57a2feb46543489b4849b02e9e,0b252757d18c79a6a6ca319df6f813e337d41c571b34f1cd538cb138a0153cc0
1584,179,tpe-seed42-20260805,17,tpe,42,bf16,cached_decode,headline,256,256,1,9,0,8.70941998437047,29393.4613854202,1.48211467696819,172.051464007918,179.885543823242,224.0,1.5,1.494140625,1,0.103801488876343,471674859cbebb57a2feb46543489b4849b02e9e,0b252757d18c79a6a6ca319df6f813e337d41c571b34f1cd538cb138a0153cc0
1585,180,tpe-seed42-20260805,18,tpe,42,bf16,cached_decode,headline,256,256,1,0,1,,,,,,,,,,,471674859cbebb57a2feb46543489b4849b02e9e,0b252757d18c79a6a6ca319df6f813e337d41c571b34f1cd538cb138a0153cc0
1586,180,tpe-seed42-20260805,18,tpe,42,bf16,cached_decode,headline,256,256,1,1,1,,,,,,,,,,,471674859cbebb57a2feb46543489b4849b02e9e,0b252757d18c79a6a6ca319df6f813e337d41c571b34f1cd538cb138a0153cc0
1587,180,tpe-seed42-20260805,18,tpe,42,bf16,cached_decode,headline,256,256,1,0,0,6.07508094981313,42139.356185513,1.40624159504659,181.334417142988,202.383834838867,256.0,3.0,2.98828125,1,0.104358673095703,471674859cbebb57a2feb46543489b4849b02e9e,0b252757d18c79a6a6ca319df6f813e337d41c571b34f1cd538cb138a0153cc0
1588,180,tpe-seed42-20260805,18,tpe,42,bf16,cached_decode,headline,256,256,1,1,0,5.70392003282905,44881.4146282883,1.38877848908305,183.614595131269,202.387741088867,256.0,3.0,2.98828125,1,0.104358673095703,471674859cbebb57a2feb46543489b4849b02e9e,0b252757d18c79a6a6ca319df6f813e337d41c571b34f1cd538cb138a0153cc0
1589,180,tpe-seed42-20260805,18,tpe,42,bf16,cached_decode,headline,256,256,1,2,0,5.67405798938125,45117.6213706473,1.20103600807488,212.316698488279,202.387741088867,256.0,3.0,2.98828125,1,0.104358673095703,471674859cbebb57a2feb46543489b4849b02e9e,0b252757d18c79a6a6ca319df6f813e337d41c571b34f1cd538cb138a0153cc0
1590,180,tpe-seed42-20260805,18,tpe,42,bf16,cached_decode,headline,256,256,1,3,0,6.40123104676604,39992.3074373848,1.30416570499074,195.527300728868,202.387741088867,256.0,3.0,2.98828125,1,0.104358673095703,471674859cbebb57a2feb46543489b4849b02e9e,0b252757d18c79a6a6ca319df6f813e337d41c571b34f1cd538cb138a0153cc0
1591,180,tpe-seed42-20260805,18,tpe,42,bf16,cached_decode,headline,256,256,1,4,0,9.58809501025826,26699.7771430203,1.38269763602875,184.422098769465,202.387741088867,256.0,3.0,2.98828125,1,0.104358673095703,471674859cbebb57a2feb46543489b4849b02e9e,0b252757d18c79a6a6ca319df6f813e337d41c571b34f1cd538cb138a0153cc0
1592,180,tpe-seed42-20260805,18,tpe,42,bf16,cached_decode,headline,256,256,1,5,0,6.12884701695293,41769.6834807398,1.33656995894853,190.786870745327,202.387741088867,256.0,3.0,2.98828125,1,0.104358673095703,471674859cbebb57a2feb46543489b4849b02e9e,0b252757d18c79a6a6ca319df6f813e337d41c571b34f1cd538cb138a0153cc0
1593,180,tpe-seed42-20260805,18,tpe,42,bf16,cached_decode,headline,256,256,1,6,0,4.84978500753641,52785.8450636851,1.18519807606936,215.153909839015,202.387741088867,256.0,3.0,2.98828125,1,0.104358673095703,471674859cbebb57a2feb46543489b4849b02e9e,0b252757d18c79a6a6ca319df6f813e337d41c571b34f1cd538cb138a0153cc0
1594,180,tpe-seed42-20260805,18,tpe,42,bf16,cached_decode,headline,256,256,1,7,0,4.85332997050136,52747.2892953855,1.21450038696639,209.962880816321,202.387741088867,256.0,3.0,2.98828125,1,0.104358673095703,471674859cbebb57a2feb46543489b4849b02e9e,0b252757d18c79a6a6ca319df6f813e337d41c571b34f1cd538cb138a0153cc0
1595,180,tpe-seed42-20260805,18,tpe,42,bf16,cached_decode,headline,256,256,1,8,0,5.04138902761042,50779.655884113,1.18264192796778,215.618940923383,202.387741088867,256.0,3.0,2.98828125,1,0.104358673095703,471674859cbebb57a2feb46543489b4849b02e9e,0b252757d18c79a6a6ca319df6f813e337d41c571b34f1cd538cb138a0153cc0
1596,180,tpe-seed42-20260805,18,tpe,42,bf16,cached_decode,headline,256,256,1,9,0,4.89015295170248,52350.1008104205,1.19584776391275,213.237844895619,202.387741088867,256.0,3.0,2.98828125,1,0.104358673095703,471674859cbebb57a2feb46543489b4849b02e9e,0b252757d18c79a6a6ca319df6f813e337d41c571b34f1cd538cb138a0153cc0
1597,181,tpe-seed42-20260805,19,tpe,42,bf16,cached_decode,headline,256,256,1,0,1,,,,,,,,,,,471674859cbebb57a2feb46543489b4849b02e9e,0b252757d18c79a6a6ca319df6f813e337d41c571b34f1cd538cb138a0153cc0
1598,181,tpe-seed42-20260805,19,tpe,42,bf16,cached_decode,headline,256,256,1,1,1,,,,,,,,,,,471674859cbebb57a2feb46543489b4849b02e9e,0b252757d18c79a6a6ca319df6f813e337d41c571b34f1cd538cb138a0153cc0
1599,181,tpe-seed42-20260805,19,tpe,42,bf16,cached_decode,headline,256,256,1,0,0,8.33828106988221,30701.7714867719,1.44256609701551,176.768330080377,270.886039733887,352.0,3.9375,3.922119140625,1,0.0830836296081543,471674859cbebb57a2feb46543489b4849b02e9e,0b252757d18c79a6a6ca319df6f813e337d41c571b34f1cd538cb138a0153cc0
1600,181,tpe-seed42-20260805,19,tpe,42,bf16,cached_decode,headline,256,256,1,1,0,6.67050899937749,38377.88091192,1.42058050399646,179.504082508959,270.889945983887,352.0,3.9375,3.922119140625,1,0.0830836296081543,471674859cbebb57a2feb46543489b4849b02e9e,0b252757d18c79a6a6ca319df6f813e337d41c571b34f1cd538cb138a0153cc0
1601,181,tpe-seed42-20260805,19,tpe,42,bf16,cached_decode,headline,256,256,1,2,0,5.98634500056505,42763.9903774066,1.43183676397894,178.0929268022,270.889945983887,352.0,3.9375,3.922119140625,1,0.0830836296081543,471674859cbebb57a2feb46543489b4849b02e9e,0b252757d18c79a6a6ca319df6f813e337d41c571b34f1cd538cb138a0153cc0
1602,181,tpe-seed42-20260805,19,tpe,42,bf16,cached_decode,headline,256,256,1,3,0,6.42960704863071,39815.8080367476,1.40698483400047,181.238627338264,270.889945983887,352.0,3.9375,3.922119140625,1,0.0830836296081543,471674859cbebb57a2feb46543489b4849b02e9e,0b252757d18c79a6a6ca319df6f813e337d41c571b34f1cd538cb138a0153cc0
1603,181,tpe-seed42-20260805,19,tpe,42,bf16,cached_decode,headline,256,256,1,4,0,5.78452507033944,44256.0101109524,1.43150857894216,178.133756060643,270.889945983887,352.0,3.9375,3.922119140625,1,0.0830836296081543,471674859cbebb57a2feb46543489b4849b02e9e,0b252757d18c79a6a6ca319df6f813e337d41c571b34f1cd538cb138a0153cc0
1604,181,tpe-seed42-20260805,19,tpe,42,bf16,cached_decode,headline,256,256,1,5,0,5.86421904154122,43654.5767111589,1.42077537393197,179.479462185702,270.889945983887,352.0,3.9375,3.922119140625,1,0.0830836296081543,471674859cbebb57a2feb46543489b4849b02e9e,0b252757d18c79a6a6ca319df6f813e337d41c571b34f1cd538cb138a0153cc0
1605,181,tpe-seed42-20260805,19,tpe,42,bf16,cached_decode,headline,256,256,1,6,0,5.94830000773072,43037.5064585325,1.42817698698491,178.549299088163,270.889945983887,352.0,3.9375,3.922119140625,1,0.0830836296081543,471674859cbebb57a2feb46543489b4849b02e9e,0b252757d18c79a6a6ca319df6f813e337d41c571b34f1cd538cb138a0153cc0
1606,181,tpe-seed42-20260805,19,tpe,42,bf16,cached_decode,headline,256,256,1,7,0,6.15032901987433,41623.7894221195,1.4196014610352,179.627879372602,270.889945983887,352.0,3.9375,3.922119140625,1,0.0830836296081543,471674859cbebb57a2feb46543489b4849b02e9e,0b252757d18c79a6a6ca319df6f813e337d41c571b34f1cd538cb138a0153cc0
1607,181,tpe-seed42-20260805,19,tpe,42,bf16,cached_decode,headline,256,256,1,8,0,5.72096300311387,44747.7111564367,1.42280835506972,179.223012777082,270.889945983887,352.0,3.9375,3.922119140625,1,0.0830836296081543,471674859cbebb57a2feb46543489b4849b02e9e,0b252757d18c79a6a6ca319df6f813e337d41c571b34f1cd538cb138a0153cc0
1608,181,tpe-seed42-20260805,19,tpe,42,bf16,cached_decode,headline,256,256,1,9,0,5.99264597985893,42719.0260963866,1.43968797498383,177.121712781455,270.889945983887,352.0,3.9375,3.922119140625,1,0.0830836296081543,471674859cbebb57a2feb46543489b4849b02e9e,0b252757d18c79a6a6ca319df6f813e337d41c571b34f1cd538cb138a0153cc0
1609,183,tpe-seed42-20260805,21,tpe,42,bf16,cached_decode,headline,256,256,1,0,1,,,,,,,,,,,471674859cbebb57a2feb46543489b4849b02e9e,0b252757d18c79a6a6ca319df6f813e337d41c571b34f1cd538cb138a0153cc0
1610,183,tpe-seed42-20260805,21,tpe,42,bf16,cached_decode,headline,256,256,1,1,1,,,,,,,,,,,471674859cbebb57a2feb46543489b4849b02e9e,0b252757d18c79a6a6ca319df6f813e337d41c571b34f1cd538cb138a0153cc0
1611,183,tpe-seed42-20260805,21,tpe,42,bf16,cached_decode,headline,256,256,1,0,0,6.18096196558326,41417.5012603953,1.35280852299184,188.496742640303,204.881637573242,224.0,3.0,2.98828125,1,0.10796070098877,471674859cbebb57a2feb46543489b4849b02e9e,0b252757d18c79a6a6ca319df6f813e337d41c571b34f1cd538cb138a0153cc0
1612,183,tpe-seed42-20260805,21,tpe,42,bf16,cached_decode,headline,256,256,1,1,0,4.90149005781859,52229.0154586038,1.19409266102593,213.551266432632,204.885543823242,224.0,3.0,2.98828125,1,0.10796070098877,471674859cbebb57a2feb46543489b4849b02e9e,0b252757d18c79a6a6ca319df6f813e337d41c571b34f1cd538cb138a0153cc0
1613,183,tpe-seed42-20260805,21,tpe,42,bf16,cached_decode,headline,256,256,1,2,0,5.14071702491492,49798.5006292457,1.19858519197442,212.750834656935,204.885543823242,224.0,3.0,2.98828125,1,0.10796070098877,471674859cbebb57a2feb46543489b4849b02e9e,0b252757d18c79a6a6ca319df6f813e337d41c571b34f1cd538cb138a0153cc0
1614,183,tpe-seed42-20260805,21,tpe,42,bf16,cached_decode,headline,256,256,1,3,0,5.0711139338091,50482.0052046649,1.19644285994582,213.131783001779,204.885543823242,224.0,3.0,2.98828125,1,0.10796070098877,471674859cbebb57a2feb46543489b4849b02e9e,0b252757d18c79a6a6ca319df6f813e337d41c571b34f1cd538cb138a0153cc0
1615,183,tpe-seed42-20260805,21,tpe,42,bf16,cached_decode,headline,256,256,1,4,0,4.92773903533816,51950.8030283572,1.1886057209922,214.537079450649,204.885543823242,224.0,3.0,2.98828125,1,0.10796070098877,471674859cbebb57a2feb46543489b4849b02e9e,0b252757d18c79a6a6ca319df6f813e337d41c571b34f1cd538cb138a0153cc0
1616,183,tpe-seed42-20260805,21,tpe,42,bf16,cached_decode,headline,256,256,1,5,0,4.89898002706468,52255.775403393,1.20104144094512,212.315738080891,204.885543823242,224.0,3.0,2.98828125,1,0.10796070098877,471674859cbebb57a2feb46543489b4849b02e9e,0b252757d18c79a6a6ca319df6f813e337d41c571b34f1cd538cb138a0153cc0
1617,183,tpe-seed42-20260805,21,tpe,42,bf16,cached_decode,headline,256,256,1,6,0,10.9739329200238,23328.0084602016,1.22949349298142,207.402480334927,204.885543823242,224.0,3.0,2.98828125,1,0.10796070098877,471674859cbebb57a2feb46543489b4849b02e9e,0b252757d18c79a6a6ca319df6f813e337d41c571b34f1cd538cb138a0153cc0
1618,183,tpe-seed42-20260805,21,tpe,42,bf16,cached_decode,headline,256,256,1,7,0,6.33800099603832,40391.2842803303,1.21905025199521,209.179235706356,204.885543823242,224.0,3.0,2.98828125,1,0.10796070098877,471674859cbebb57a2feb46543489b4849b02e9e,0b252757d18c79a6a6ca319df6f813e337d41c571b34f1cd538cb138a0153cc0
1619,183,tpe-seed42-20260805,21,tpe,42,bf16,cached_decode,headline,256,256,1,8,0,5.22364303469658,49007.9429814771,1.20128143089823,212.27332200526,204.885543823242,224.0,3.0,2.98828125,1,0.10796070098877,471674859cbebb57a2feb46543489b4849b02e9e,0b252757d18c79a6a6ca319df6f813e337d41c571b34f1cd538cb138a0153cc0
1620,183,tpe-seed42-20260805,21,tpe,42,bf16,cached_decode,headline,256,256,1,9,0,12.4350149417296,20587.027936807,1.24472062895074,204.865247726276,204.885543823242,224.0,3.0,2.98828125,1,0.10796070098877,471674859cbebb57a2feb46543489b4849b02e9e,0b252757d18c79a6a6ca319df6f813e337d41c571b34f1cd538cb138a0153cc0
1621,184,tpe-seed42-20260805,22,tpe,42,bf16,cached_decode,headline,256,256,1,0,1,,,,,,,,,,,471674859cbebb57a2feb46543489b4849b02e9e,0b252757d18c79a6a6ca319df6f813e337d41c571b34f1cd538cb138a0153cc0
1622,184,tpe-seed42-20260805,22,tpe,42,bf16,cached_decode,headline,256,256,1,1,1,,,,,,,,,,,471674859cbebb57a2feb46543489b4849b02e9e,0b252757d18c79a6a6ca319df6f813e337d41c571b34f1cd538cb138a0153cc0
1623,184,tpe-seed42-20260805,22,tpe,42,bf16,cached_decode,headline,256,256,1,0,0,5.13770198449492,49827.7246855856,1.15345109789632,221.075692298592,202.383834838867,256.0,3.0,2.98828125,1,0.105678558349609,471674859cbebb57a2feb46543489b4849b02e9e,0b252757d18c79a6a6ca319df6f813e337d41c571b34f1cd538cb138a0153cc0
1624,184,tpe-seed42-20260805,22,tpe,42,bf16,cached_decode,headline,256,256,1,1,0,5.0405110232532,50788.5011696244,1.19595408590976,213.218887751884,202.387741088867,256.0,3.0,2.98828125,1,0.105678558349609,471674859cbebb57a2feb46543489b4849b02e9e,0b252757d18c79a6a6ca319df6f813e337d41c571b34f1cd538cb138a0153cc0
1625,184,tpe-seed42-20260805,22,tpe,42,bf16,cached_decode,headline,256,256,1,2,0,5.82121300976723,43977.0885501811,1.2506871590158,203.887917263552,202.387741088867,256.0,3.0,2.98828125,1,0.105678558349609,471674859cbebb57a2feb46543489b4849b02e9e,0b252757d18c79a6a6ca319df6f813e337d41c571b34f1cd538cb138a0153cc0
1626,184,tpe-seed42-20260805,22,tpe,42,bf16,cached_decode,headline,256,256,1,3,0,5.33715600613505,47965.6205862689,1.23651310103014,206.225069340195,202.387741088867,256.0,3.0,2.98828125,1,0.105678558349609,471674859cbebb57a2feb46543489b4849b02e9e,0b252757d18c79a6a6ca319df6f813e337d41c571b34f1cd538cb138a0153cc0
1627,184,tpe-seed42-20260805,22,tpe,42,bf16,cached_decode,headline,256,256,1,4,0,8.00451904069632,31981.9340423145,1.18719787604641,214.791489392819,202.387741088867,256.0,3.0,2.98828125,1,0.105678558349609,471674859cbebb57a2feb46543489b4849b02e9e,0b252757d18c79a6a6ca319df6f813e337d41c571b34f1cd538cb138a0153cc0
1628,184,tpe-seed42-20260805,22,tpe,42,bf16,cached_decode,headline,256,256,1,5,0,4.68103401362896,54688.7715950469,1.1712881589774,217.709022366134,202.387741088867,256.0,3.0,2.98828125,1,0.105678558349609,471674859cbebb57a2feb46543489b4849b02e9e,0b252757d18c79a6a6ca319df6f813e337d41c571b34f1cd538cb138a0153cc0
1629,184,tpe-seed42-20260805,22,tpe,42,bf16,cached_decode,headline,256,256,1,6,0,4.70167596358806,54448.66936441,1.14889490394853,221.952416294662,202.387741088867,256.0,3.0,2.98828125,1,0.105678558349609,471674859cbebb57a2feb46543489b4849b02e9e,0b252757d18c79a6a6ca319df6f813e337d41c571b34f1cd538cb138a0153cc0
1630,184,tpe-seed42-20260805,22,tpe,42,bf16,cached_decode,headline,256,256,1,7,0,4.66552295256406,54870.5906289258,1.17227598000318,217.525569362352,202.387741088867,256.0,3.0,2.98828125,1,0.105678558349609,471674859cbebb57a2feb46543489b4849b02e9e,0b252757d18c79a6a6ca319df6f813e337d41c571b34f1cd538cb138a0153cc0
1631,184,tpe-seed42-20260805,22,tpe,42,bf16,cached_decode,headline,256,256,1,8,0,7.80742696952075,32789.2916577245,1.15834256506059,220.142130395304,202.387741088867,256.0,3.0,2.98828125,1,0.105678558349609,471674859cbebb57a2feb46543489b4849b02e9e,0b252757d18c79a6a6ca319df6f813e337d41c571b34f1cd538cb138a0153cc0
1632,184,tpe-seed42-20260805,22,tpe,42,bf16,cached_decode,headline,256,256,1,9,0,5.0468179397285,50725.0317045857,1.20114828203805,212.296852781015,202.387741088867,256.0,3.0,2.98828125,1,0.105678558349609,471674859cbebb57a2feb46543489b4849b02e9e,0b252757d18c79a6a6ca319df6f813e337d41c571b34f1cd538cb138a0153cc0
1633,185,tpe-seed42-20260805,23,tpe,42,bf16,cached_decode,headline,256,256,1,0,1,,,,,,,,,,,471674859cbebb57a2feb46543489b4849b02e9e,0b252757d18c79a6a6ca319df6f813e337d41c571b34f1cd538cb138a0153cc0
1634,185,tpe-seed42-20260805,23,tpe,42,bf16,cached_decode,headline,256,256,1,1,1,,,,,,,,,,,471674859cbebb57a2feb46543489b4849b02e9e,0b252757d18c79a6a6ca319df6f813e337d41c571b34f1cd538cb138a0153cc0
1635,185,tpe-seed42-20260805,23,tpe,42,bf16,cached_decode,headline,256,256,1,0,0,6.37964205816388,40127.6431602307,1.49428916396573,170.649701643589,142.693588256836,160.0,2.25,2.2412109375,1,0.133141756057739,471674859cbebb57a2feb46543489b4849b02e9e,0b252757d18c79a6a6ca319df6f813e337d41c571b34f1cd538cb138a0153cc0
1636,185,tpe-seed42-20260805,23,tpe,42,bf16,cached_decode,headline,256,256,1,1,0,5.95141004305333,43015.0162983327,1.37623348203488,185.288327401366,142.697494506836,160.0,2.25,2.2412109375,1,0.133141756057739,471674859cbebb57a2feb46543489b4849b02e9e,0b252757d18c79a6a6ca319df6f813e337d41c571b34f1cd538cb138a0153cc0
1637,185,tpe-seed42-20260805,23,tpe,42,bf16,cached_decode,headline,256,256,1,2,0,5.07320102769881,50461.2371168191,1.30154641496483,195.920788585085,142.697494506836,160.0,2.25,2.2412109375,1,0.133141756057739,471674859cbebb57a2feb46543489b4849b02e9e,0b252757d18c79a6a6ca319df6f813e337d41c571b34f1cd538cb138a0153cc0
1638,185,tpe-seed42-20260805,23,tpe,42,bf16,cached_decode,headline,256,256,1,3,0,5.57506899349391,45918.7142434921,1.26048154698219,202.303635948113,142.697494506836,160.0,2.25,2.2412109375,1,0.133141756057739,471674859cbebb57a2feb46543489b4849b02e9e,0b252757d18c79a6a6ca319df6f813e337d41c571b34f1cd538cb138a0153cc0
1639,185,tpe-seed42-20260805,23,tpe,42,bf16,cached_decode,headline,256,256,1,4,0,5.65566995646805,45264.3103240542,1.27030377998017,200.739385349212,142.697494506836,160.0,2.25,2.2412109375,1,0.133141756057739,471674859cbebb57a2feb46543489b4849b02e9e,0b252757d18c79a6a6ca319df6f813e337d41c571b34f1cd538cb138a0153cc0
1640,185,tpe-seed42-20260805,23,tpe,42,bf16,cached_decode,headline,256,256,1,5,0,18.6415680218488,13732.7503619844,1.31647636601701,193.698881789652,142.697494506836,160.0,2.25,2.2412109375,1,0.133141756057739,471674859cbebb57a2feb46543489b4849b02e9e,0b252757d18c79a6a6ca319df6f813e337d41c571b34f1cd538cb138a0153cc0
1641,185,tpe-seed42-20260805,23,tpe,42,bf16,cached_decode,headline,256,256,1,6,0,5.08892990183085,50305.2714300306,1.27798521902878,199.532824169743,142.697494506836,160.0,2.25,2.2412109375,1,0.133141756057739,471674859cbebb57a2feb46543489b4849b02e9e,0b252757d18c79a6a6ca319df6f813e337d41c571b34f1cd538cb138a0153cc0
1642,185,tpe-seed42-20260805,23,tpe,42,bf16,cached_decode,headline,256,256,1,7,0,5.10793307330459,50118.1194675247,1.25958131102379,202.448224476064,142.697494506836,160.0,2.25,2.2412109375,1,0.133141756057739,471674859cbebb57a2feb46543489b4849b02e9e,0b252757d18c79a6a6ca319df6f813e337d41c571b34f1cd538cb138a0153cc0
1643,185,tpe-seed42-20260805,23,tpe,42,bf16,cached_decode,headline,256,256,1,8,0,5.67541399504989,45106.8415842939,1.28328146296553,198.709330228086,142.697494506836,160.0,2.25,2.2412109375,1,0.133141756057739,471674859cbebb57a2feb46543489b4849b02e9e,0b252757d18c79a6a6ca319df6f813e337d41c571b34f1cd538cb138a0153cc0
1644,185,tpe-seed42-20260805,23,tpe,42,bf16,cached_decode,headline,256,256,1,9,0,9.00443491991609,28430.4348109371,1.24782965204213,204.354816847541,142.697494506836,160.0,2.25,2.2412109375,1,0.133141756057739,471674859cbebb57a2feb46543489b4849b02e9e,0b252757d18c79a6a6ca319df6f813e337d41c571b34f1cd538cb138a0153cc0
1645,186,tpe-seed42-20260805,24,tpe,42,bf16,cached_decode,headline,256,256,1,0,1,,,,,,,,,,,471674859cbebb57a2feb46543489b4849b02e9e,0b252757d18c79a6a6ca319df6f813e337d41c571b34f1cd538cb138a0153cc0
1646,186,tpe-seed42-20260805,24,tpe,42,bf16,cached_decode,headline,256,256,1,1,1,,,,,,,,,,,471674859cbebb57a2feb46543489b4849b02e9e,0b252757d18c79a6a6ca319df6f813e337d41c571b34f1cd538cb138a0153cc0
1647,186,tpe-seed42-20260805,24,tpe,42,bf16,cached_decode,headline,256,256,1,0,0,6.1808810569346,41418.0434216223,1.46093948709313,174.545217137898,142.693588256836,160.0,2.25,2.2412109375,1,0.22881031036377,471674859cbebb57a2feb46543489b4849b02e9e,0b252757d18c79a6a6ca319df6f813e337d41c571b34f1cd538cb138a0153cc0
1648,186,tpe-seed42-20260805,24,tpe,42,bf16,cached_decode,headline,256,256,1,1,0,5.78449794556946,44256.2176370171,1.42282074899413,179.221451599068,142.697494506836,160.0,2.25,2.2412109375,1,0.22881031036377,471674859cbebb57a2feb46543489b4849b02e9e,0b252757d18c79a6a6ca319df6f813e337d41c571b34f1cd538cb138a0153cc0
1649,186,tpe-seed42-20260805,24,tpe,42,bf16,cached_decode,headline,256,256,1,2,0,5.89346804190427,43437.9211323054,1.43474259297363,177.732229633951,142.697494506836,160.0,2.25,2.2412109375,1,0.22881031036377,471674859cbebb57a2feb46543489b4849b02e9e,0b252757d18c79a6a6ca319df6f813e337d41c571b34f1cd538cb138a0153cc0
1650,186,tpe-seed42-20260805,24,tpe,42,bf16,cached_decode,headline,256,256,1,3,0,5.68103394471109,45062.2197458141,1.19612882810179,213.187738652428,142.697494506836,160.0,2.25,2.2412109375,1,0.22881031036377,471674859cbebb57a2feb46543489b4849b02e9e,0b252757d18c79a6a6ca319df6f813e337d41c571b34f1cd538cb138a0153cc0
1651,186,tpe-seed42-20260805,24,tpe,42,bf16,cached_decode,headline,256,256,1,4,0,5.29052701313049,48388.3740437649,1.21519151597749,209.843466356724,142.697494506836,160.0,2.25,2.2412109375,1,0.22881031036377,471674859cbebb57a2feb46543489b4849b02e9e,0b252757d18c79a6a6ca319df6f813e337d41c571b34f1cd538cb138a0153cc0
1652,186,tpe-seed42-20260805,24,tpe,42,bf16,cached_decode,headline,256,256,1,5,0,5.9066730318591,43340.8110825165,1.43326233199332,177.915789948486,142.697494506836,160.0,2.25,2.2412109375,1,0.22881031036377,471674859cbebb57a2feb46543489b4849b02e9e,0b252757d18c79a6a6ca319df6f813e337d41c571b34f1cd538cb138a0153cc0
1653,186,tpe-seed42-20260805,24,tpe,42,bf16,cached_decode,headline,256,256,1,6,0,5.72556094266474,44711.7762894433,1.42094634310342,179.457867102192,142.697494506836,160.0,2.25,2.2412109375,1,0.22881031036377,471674859cbebb57a2feb46543489b4849b02e9e,0b252757d18c79a6a6ca319df6f813e337d41c571b34f1cd538cb138a0153cc0
1654,186,tpe-seed42-20260805,24,tpe,42,bf16,cached_decode,headline,256,256,1,7,0,5.8801049599424,43536.6378226194,1.42113184602931,179.434442140241,142.697494506836,160.0,2.25,2.2412109375,1,0.22881031036377,471674859cbebb57a2feb46543489b4849b02e9e,0b252757d18c79a6a6ca319df6f813e337d41c571b34f1cd538cb138a0153cc0
1655,186,tpe-seed42-20260805,24,tpe,42,bf16,cached_decode,headline,256,256,1,8,0,5.87286800146103,43590.2867110777,1.37799098901451,185.052008346127,142.697494506836,160.0,2.25,2.2412109375,1,0.22881031036377,471674859cbebb57a2feb46543489b4849b02e9e,0b252757d18c79a6a6ca319df6f813e337d41c571b34f1cd538cb138a0153cc0
1656,186,tpe-seed42-20260805,24,tpe,42,bf16,cached_decode,headline,256,256,1,9,0,4.82476502656937,53059.5787753892,1.19553339295089,213.29391676011,142.697494506836,160.0,2.25,2.2412109375,1,0.22881031036377,471674859cbebb57a2feb46543489b4849b02e9e,0b252757d18c79a6a6ca319df6f813e337d41c571b34f1cd538cb138a0153cc0
1657,187,tpe-seed42-20260805,25,tpe,42,bf16,cached_decode,headline,256,256,1,0,1,,,,,,,,,,,471674859cbebb57a2feb46543489b4849b02e9e,0b252757d18c79a6a6ca319df6f813e337d41c571b34f1cd538cb138a0153cc0
1658,187,tpe-seed42-20260805,25,tpe,42,bf16,cached_decode,headline,256,256,1,1,1,,,,,,,,,,,471674859cbebb57a2feb46543489b4849b02e9e,0b252757d18c79a6a6ca319df6f813e337d41c571b34f1cd538cb138a0153cc0
1659,187,tpe-seed42-20260805,25,tpe,42,bf16,cached_decode,headline,256,256,1,0,0,6.21098303236067,41217.3078989558,1.38672947301529,183.885902017738,171.129989624023,192.0,0.75,0.7470703125,1,0.0929017066955566,471674859cbebb57a2feb46543489b4849b02e9e,0b252757d18c79a6a6ca319df6f813e337d41c571b34f1cd538cb138a0153cc0
1660,187,tpe-seed42-20260805,25,tpe,42,bf16,cached_decode,headline,256,256,1,1,0,5.7123089209199,44815.5034232243,1.2460739989765,204.642742091924,171.133895874023,192.0,0.75,0.7470703125,1,0.0929017066955566,471674859cbebb57a2feb46543489b4849b02e9e,0b252757d18c79a6a6ca319df6f813e337d41c571b34f1cd538cb138a0153cc0
1661,187,tpe-seed42-20260805,25,tpe,42,bf16,cached_decode,headline,256,256,1,2,0,4.78492199908942,53501.3945992677,1.18429332401138,215.318278698285,171.133895874023,192.0,0.75,0.7470703125,1,0.0929017066955566,471674859cbebb57a2feb46543489b4849b02e9e,0b252757d18c79a6a6ca319df6f813e337d41c571b34f1cd538cb138a0153cc0
1662,187,tpe-seed42-20260805,25,tpe,42,bf16,cached_decode,headline,256,256,1,3,0,6.74070592503995,37978.2181342502,1.192217178992,213.887204859436,171.133895874023,192.0,0.75,0.7470703125,1,0.0929017066955566,471674859cbebb57a2feb46543489b4849b02e9e,0b252757d18c79a6a6ca319df6f813e337d41c571b34f1cd538cb138a0153cc0
1663,187,tpe-seed42-20260805,25,tpe,42,bf16,cached_decode,headline,256,256,1,4,0,6.00248796399683,42648.9818114586,1.52474075194914,167.241545603095,171.133895874023,192.0,0.75,0.7470703125,1,0.0929017066955566,471674859cbebb57a2feb46543489b4849b02e9e,0b252757d18c79a6a6ca319df6f813e337d41c571b34f1cd538cb138a0153cc0
1664,187,tpe-seed42-20260805,25,tpe,42,bf16,cached_decode,headline,256,256,1,5,0,6.34785089641809,40328.6095053766,1.50246022199281,169.721631406506,171.133895874023,192.0,0.75,0.7470703125,1,0.0929017066955566,471674859cbebb57a2feb46543489b4849b02e9e,0b252757d18c79a6a6ca319df6f813e337d41c571b34f1cd538cb138a0153cc0
1665,187,tpe-seed42-20260805,25,tpe,42,bf16,cached_decode,headline,256,256,1,6,0,4.86279407050461,52644.6311088463,1.18227284401655,215.686253211809,171.133895874023,192.0,0.75,0.7470703125,1,0.0929017066955566,471674859cbebb57a2feb46543489b4849b02e9e,0b252757d18c79a6a6ca319df6f813e337d41c571b34f1cd538cb138a0153cc0
1666,187,tpe-seed42-20260805,25,tpe,42,bf16,cached_decode,headline,256,256,1,7,0,5.77580300159752,44322.8413311869,1.1969543750165,213.040701736425,171.133895874023,192.0,0.75,0.7470703125,1,0.0929017066955566,471674859cbebb57a2feb46543489b4849b02e9e,0b252757d18c79a6a6ca319df6f813e337d41c571b34f1cd538cb138a0153cc0
1667,187,tpe-seed42-20260805,25,tpe,42,bf16,cached_decode,headline,256,256,1,8,0,4.88658004906029,52388.3774398068,1.15904369903728,220.0089610183,171.133895874023,192.0,0.75,0.7470703125,1,0.0929017066955566,471674859cbebb57a2feb46543489b4849b02e9e,0b252757d18c79a6a6ca319df6f813e337d41c571b34f1cd538cb138a0153cc0
1668,187,tpe-seed42-20260805,25,tpe,42,bf16,cached_decode,headline,256,256,1,9,0,4.94636897929013,51755.1361558028,1.19663615105674,213.097356096765,171.133895874023,192.0,0.75,0.7470703125,1,0.0929017066955566,471674859cbebb57a2feb46543489b4849b02e9e,0b252757d18c79a6a6ca319df6f813e337d41c571b34f1cd538cb138a0153cc0
1669,188,cmaes-seed42-20260805,1,cmaes,42,bf16,cached_decode,headline,256,256,1,0,1,,,,,,,,,,,ea235e75f771ad52283fc7a9dec6d76f92371796,0b252757d18c79a6a6ca319df6f813e337d41c571b34f1cd538cb138a0153cc0
1670,188,cmaes-seed42-20260805,1,cmaes,42,bf16,cached_decode,headline,256,256,1,1,1,,,,,,,,,,,ea235e75f771ad52283fc7a9dec6d76f92371796,0b252757d18c79a6a6ca319df6f813e337d41c571b34f1cd538cb138a0153cc0
1671,188,cmaes-seed42-20260805,1,cmaes,42,bf16,cached_decode,headline,256,256,1,0,0,9.00480500422418,28429.2663616713,1.93978654197417,131.457763254961,251.692878723145,320.0,0.5625,0.560302734375,1,0.0975343286991119,ea235e75f771ad52283fc7a9dec6d76f92371796,0b252757d18c79a6a6ca319df6f813e337d41c571b34f1cd538cb138a0153cc0
1672,188,cmaes-seed42-20260805,1,cmaes,42,bf16,cached_decode,headline,256,256,1,1,0,7.89633195381612,32420.1162637649,1.97172354906797,129.328475140715,251.696784973145,320.0,0.5625,0.560302734375,1,0.0975343286991119,ea235e75f771ad52283fc7a9dec6d76f92371796,0b252757d18c79a6a6ca319df6f813e337d41c571b34f1cd538cb138a0153cc0
1673,188,cmaes-seed42-20260805,1,cmaes,42,bf16,cached_decode,headline,256,256,1,2,0,8.12001805752516,31527.0234852192,1.96439199498855,129.811158185608,251.696784973145,320.0,0.5625,0.560302734375,1,0.0975343286991119,ea235e75f771ad52283fc7a9dec6d76f92371796,0b252757d18c79a6a6ca319df6f813e337d41c571b34f1cd538cb138a0153cc0
1674,188,cmaes-seed42-20260805,1,cmaes,42,bf16,cached_decode,headline,256,256,1,3,0,10.1607639808208,25194.9558599353,1.95378110697493,130.516156129087,251.696784973145,320.0,0.5625,0.560302734375,1,0.0975343286991119,ea235e75f771ad52283fc7a9dec6d76f92371796,0b252757d18c79a6a6ca319df6f813e337d41c571b34f1cd538cb138a0153cc0
1675,188,cmaes-seed42-20260805,1,cmaes,42,bf16,cached_decode,headline,256,256,1,4,0,7.73963402025402,33076.4993964919,1.93990095402114,131.450010100475,251.696784973145,320.0,0.5625,0.560302734375,1,0.0975343286991119,ea235e75f771ad52283fc7a9dec6d76f92371796,0b252757d18c79a6a6ca319df6f813e337d41c571b34f1cd538cb138a0153cc0
1676,188,cmaes-seed42-20260805,1,cmaes,42,bf16,cached_decode,headline,256,256,1,5,0,7.94680905528367,32214.1878858648,1.94124941795599,131.358700042006,251.696784973145,320.0,0.5625,0.560302734375,1,0.0975343286991119,ea235e75f771ad52283fc7a9dec6d76f92371796,0b252757d18c79a6a6ca319df6f813e337d41c571b34f1cd538cb138a0153cc0
1677,188,cmaes-seed42-20260805,1,cmaes,42,bf16,cached_decode,headline,256,256,1,6,0,7.83551100175828,32671.7683049075,1.9319238049211,131.992783230089,251.696784973145,320.0,0.5625,0.560302734375,1,0.0975343286991119,ea235e75f771ad52283fc7a9dec6d76f92371796,0b252757d18c79a6a6ca319df6f813e337d41c571b34f1cd538cb138a0153cc0
1678,188,cmaes-seed42-20260805,1,cmaes,42,bf16,cached_decode,headline,256,256,1,7,0,7.96711805742234,32132.0706125981,2.08396489708684,122.36290561154,251.696784973145,320.0,0.5625,0.560302734375,1,0.0975343286991119,ea235e75f771ad52283fc7a9dec6d76f92371796,0b252757d18c79a6a6ca319df6f813e337d41c571b34f1cd538cb138a0153cc0
1679,188,cmaes-seed42-20260805,1,cmaes,42,bf16,cached_decode,headline,256,256,1,8,0,8.92388902138919,28687.0443353125,2.01792945398483,126.36715297279,251.696784973145,320.0,0.5625,0.560302734375,1,0.0975343286991119,ea235e75f771ad52283fc7a9dec6d76f92371796,0b252757d18c79a6a6ca319df6f813e337d41c571b34f1cd538cb138a0153cc0
1680,188,cmaes-seed42-20260805,1,cmaes,42,bf16,cached_decode,headline,256,256,1,9,0,7.99499300774187,32020.0405118685,2.02105785801541,126.171548720727,251.696784973145,320.0,0.5625,0.560302734375,1,0.0975343286991119,ea235e75f771ad52283fc7a9dec6d76f92371796,0b252757d18c79a6a6ca319df6f813e337d41c571b34f1cd538cb138a0153cc0
1681,189,cmaes-seed42-20260805,2,cmaes,42,bf16,cached_decode,headline,256,256,1,0,1,,,,,,,,,,,ea235e75f771ad52283fc7a9dec6d76f92371796,0b252757d18c79a6a6ca319df6f813e337d41c571b34f1cd538cb138a0153cc0
1682,189,cmaes-seed42-20260805,2,cmaes,42,bf16,cached_decode,headline,256,256,1,1,1,,,,,,,,,,,ea235e75f771ad52283fc7a9dec6d76f92371796,0b252757d18c79a6a6ca319df6f813e337d41c571b34f1cd538cb138a0153cc0
1683,189,cmaes-seed42-20260805,2,cmaes,42,bf16,cached_decode,headline,256,256,1,0,0,10.206272942014,25082.6135509445,2.14507000695448,118.877239051998,217.382385253906,288.0,2.0,1.9921875,1,0.11521053314209,ea235e75f771ad52283fc7a9dec6d76f92371796,0b252757d18c79a6a6ca319df6f813e337d41c571b34f1cd538cb138a0153cc0
1684,189,cmaes-seed42-20260805,2,cmaes,42,bf16,cached_decode,headline,256,256,1,1,0,8.99156997911632,28471.1124525062,2.06189540203195,123.672616830467,217.386291503906,288.0,2.0,1.9921875,1,0.11521053314209,ea235e75f771ad52283fc7a9dec6d76f92371796,0b252757d18c79a6a6ca319df6f813e337d41c571b34f1cd538cb138a0153cc0
1685,189,cmaes-seed42-20260805,2,cmaes,42,bf16,cached_decode,headline,256,256,1,2,0,9.04699100647122,28296.7010597099,1.94746164209209,130.939677829065,217.386291503906,288.0,2.0,1.9921875,1,0.11521053314209,ea235e75f771ad52283fc7a9dec6d76f92371796,0b252757d18c79a6a6ca319df6f813e337d41c571b34f1cd538cb138a0153cc0
1686,189,cmaes-seed42-20260805,2,cmaes,42,bf16,cached_decode,headline,256,256,1,3,0,6.97668397333473,36693.6500174648,1.75234092900064,145.519627933034,217.386291503906,288.0,2.0,1.9921875,1,0.11521053314209,ea235e75f771ad52283fc7a9dec6d76f92371796,0b252757d18c79a6a6ca319df6f813e337d41c571b34f1cd538cb138a0153cc0
1687,189,cmaes-seed42-20260805,2,cmaes,42,bf16,cached_decode,headline,256,256,1,4,0,7.04831501934677,36320.7375517852,1.71475182892755,148.709565838156,217.386291503906,288.0,2.0,1.9921875,1,0.11521053314209,ea235e75f771ad52283fc7a9dec6d76f92371796,0b252757d18c79a6a6ca319df6f813e337d41c571b34f1cd538cb138a0153cc0
1688,189,cmaes-seed42-20260805,2,cmaes,42,bf16,cached_decode,headline,256,256,1,5,0,10.0868149893358,25379.6664527557,2.11312248604372,120.674500264025,217.386291503906,288.0,2.0,1.9921875,1,0.11521053314209,ea235e75f771ad52283fc7a9dec6d76f92371796,0b252757d18c79a6a6ca319df6f813e337d41c571b34f1cd538cb138a0153cc0
1689,189,cmaes-seed42-20260805,2,cmaes,42,bf16,cached_decode,headline,256,256,1,6,0,8.52332799695432,30035.2163018339,1.94952090200968,130.801367524263,217.386291503906,288.0,2.0,1.9921875,1,0.11521053314209,ea235e75f771ad52283fc7a9dec6d76f92371796,0b252757d18c79a6a6ca319df6f813e337d41c571b34f1cd538cb138a0153cc0
1690,189,cmaes-seed42-20260805,2,cmaes,42,bf16,cached_decode,headline,256,256,1,7,0,6.88980903942138,37156.3273430724,1.72118427092209,148.153805672061,217.386291503906,288.0,2.0,1.9921875,1,0.11521053314209,ea235e75f771ad52283fc7a9dec6d76f92371796,0b252757d18c79a6a6ca319df6f813e337d41c571b34f1cd538cb138a0153cc0
1691,189,cmaes-seed42-20260805,2,cmaes,42,bf16,cached_decode,headline,256,256,1,8,0,7.21068307757378,35502.8777781394,1.70903665199876,149.206864406197,217.386291503906,288.0,2.0,1.9921875,1,0.11521053314209,ea235e75f771ad52283fc7a9dec6d76f92371796,0b252757d18c79a6a6ca319df6f813e337d41c571b34f1cd538cb138a0153cc0
1692,189,cmaes-seed42-20260805,2,cmaes,42,bf16,cached_decode,headline,256,256,1,9,0,7.01249297708273,36506.2754196866,1.73124937596731,147.292471864443,217.386291503906,288.0,2.0,1.9921875,1,0.11521053314209,ea235e75f771ad52283fc7a9dec6d76f92371796,0b252757d18c79a6a6ca319df6f813e337d41c571b34f1cd538cb138a0153cc0
1693,190,cmaes-seed42-20260805,3,cmaes,42,bf16,cached_decode,headline,256,256,1,0,1,,,,,,,,,,,ea235e75f771ad52283fc7a9dec6d76f92371796,0b252757d18c79a6a6ca319df6f813e337d41c571b34f1cd538cb138a0153cc0
1694,190,cmaes-seed42-20260805,3,cmaes,42,bf16,cached_decode,headline,256,256,1,1,1,,,,,,,,,,,ea235e75f771ad52283fc7a9dec6d76f92371796,0b252757d18c79a6a6ca319df6f813e337d41c571b34f1cd538cb138a0153cc0
1695,190,cmaes-seed42-20260805,3,cmaes,42,bf16,cached_decode,headline,256,256,1,0,0,10.2326370542869,25017.9888763621,2.15532506105956,118.311620185329,308.567878723145,352.0,1.125,1.12060546875,1,0.0935618281364441,ea235e75f771ad52283fc7a9dec6d76f92371796,0b252757d18c79a6a6ca319df6f813e337d41c571b34f1cd538cb138a0153cc0
1696,190,cmaes-seed42-20260805,3,cmaes,42,bf16,cached_decode,headline,256,256,1,1,0,7.60605896357447,33657.3777860503,1.91183674999047,133.379589026768,308.571784973145,352.0,1.125,1.12060546875,1,0.0935618281364441,ea235e75f771ad52283fc7a9dec6d76f92371796,0b252757d18c79a6a6ca319df6f813e337d41c571b34f1cd538cb138a0153cc0
1697,190,cmaes-seed42-20260805,3,cmaes,42,bf16,cached_decode,headline,256,256,1,2,0,7.84114492125809,32648.2934024035,1.92950908199418,132.157968251931,308.571784973145,352.0,1.125,1.12060546875,1,0.0935618281364441,ea235e75f771ad52283fc7a9dec6d76f92371796,0b252757d18c79a6a6ca319df6f813e337d41c571b34f1cd538cb138a0153cc0
1698,190,cmaes-seed42-20260805,3,cmaes,42,bf16,cached_decode,headline,256,256,1,3,0,9.92750306613743,25786.9474624704,2.00350688805338,127.276827207597,308.571784973145,352.0,1.125,1.12060546875,1,0.0935618281364441,ea235e75f771ad52283fc7a9dec6d76f92371796,0b252757d18c79a6a6ca319df6f813e337d41c571b34f1cd538cb138a0153cc0
1699,190,cmaes-seed42-20260805,3,cmaes,42,bf16,cached_decode,headline,256,256,1,4,0,7.72996700834483,33117.8645036437,1.95213675196283,130.626094582566,308.571784973145,352.0,1.125,1.12060546875,1,0.0935618281364441,ea235e75f771ad52283fc7a9dec6d76f92371796,0b252757d18c79a6a6ca319df6f813e337d41c571b34f1cd538cb138a0153cc0
1700,190,cmaes-seed42-20260805,3,cmaes,42,bf16,cached_decode,headline,256,256,1,5,0,7.51480797771364,34066.0733792811,1.93731846800074,131.625235712099,308.571784973145,352.0,1.125,1.12060546875,1,0.0935618281364441,ea235e75f771ad52283fc7a9dec6d76f92371796,0b252757d18c79a6a6ca319df6f813e337d41c571b34f1cd538cb138a0153cc0
1701,190,cmaes-seed42-20260805,3,cmaes,42,bf16,cached_decode,headline,256,256,1,6,0,7.74692592676729,33045.365661167,1.92784385802224,132.27212304507,308.571784973145,352.0,1.125,1.12060546875,1,0.0935618281364441,ea235e75f771ad52283fc7a9dec6d76f92371796,0b252757d18c79a6a6ca319df6f813e337d41c571b34f1cd538cb138a0153cc0
1702,190,cmaes-seed42-20260805,3,cmaes,42,bf16,cached_decode,headline,256,256,1,7,0,7.67040997743607,33375.008735266,1.90929189207964,133.557368078617,308.571784973145,352.0,1.125,1.12060546875,1,0.0935618281364441,ea235e75f771ad52283fc7a9dec6d76f92371796,0b252757d18c79a6a6ca319df6f813e337d41c571b34f1cd538cb138a0153cc0
1703,190,cmaes-seed42-20260805,3,cmaes,42,bf16,cached_decode,headline,256,256,1,8,0,7.4400280136615,34408.4725931043,1.92455383203924,132.49824232238,308.571784973145,352.0,1.125,1.12060546875,1,0.0935618281364441,ea235e75f771ad52283fc7a9dec6d76f92371796,0b252757d18c79a6a6ca319df6f813e337d41c571b34f1cd538cb138a0153cc0
1704,190,cmaes-seed42-20260805,3,cmaes,42,bf16,cached_decode,headline,256,256,1,9,0,11.4884409122169,22283.2673254878,1.87277943594381,136.161255888358,308.571784973145,352.0,1.125,1.12060546875,1,0.0935618281364441,ea235e75f771ad52283fc7a9dec6d76f92371796,0b252757d18c79a6a6ca319df6f813e337d41c571b34f1cd538cb138a0153cc0
1705,191,cmaes-seed42-20260805,4,cmaes,42,bf16,cached_decode,headline,256,256,1,0,1,,,,,,,,,,,ea235e75f771ad52283fc7a9dec6d76f92371796,0b252757d18c79a6a6ca319df6f813e337d41c571b34f1cd538cb138a0153cc0
1706,191,cmaes-seed42-20260805,4,cmaes,42,bf16,cached_decode,headline,256,256,1,1,1,,,,,,,,,,,ea235e75f771ad52283fc7a9dec6d76f92371796,0b252757d18c79a6a6ca319df6f813e337d41c571b34f1cd538cb138a0153cc0
1707,191,cmaes-seed42-20260805,4,cmaes,42,bf16,cached_decode,headline,256,256,1,0,0,7.1678978856653,35714.7945022991,1.6127399780089,158.116003495383,219.880920410156,288.0,2.0,1.9921875,1,0.0944647789001465,ea235e75f771ad52283fc7a9dec6d76f92371796,0b252757d18c79a6a6ca319df6f813e337d41c571b34f1cd538cb138a0153cc0
1708,191,cmaes-seed42-20260805,4,cmaes,42,bf16,cached_decode,headline,256,256,1,1,0,6.54786196537316,39096.7313229565,1.63319211802445,156.135948236423,219.884826660156,288.0,2.0,1.9921875,1,0.0944647789001465,ea235e75f771ad52283fc7a9dec6d76f92371796,0b252757d18c79a6a6ca319df6f813e337d41c571b34f1cd538cb138a0153cc0
1709,191,cmaes-seed42-20260805,4,cmaes,42,bf16,cached_decode,headline,256,256,1,2,0,6.4412800129503,39743.6533554368,1.60743234294932,158.638092059368,219.884826660156,288.0,2.0,1.9921875,1,0.0944647789001465,ea235e75f771ad52283fc7a9dec6d76f92371796,0b252757d18c79a6a6ca319df6f813e337d41c571b34f1cd538cb138a0153cc0
1710,191,cmaes-seed42-20260805,4,cmaes,42,bf16,cached_decode,headline,256,256,1,3,0,6.80266390554607,37632.3163329131,1.6480647349963,154.726931888736,219.884826660156,288.0,2.0,1.9921875,1,0.0944647789001465,ea235e75f771ad52283fc7a9dec6d76f92371796,0b252757d18c79a6a6ca319df6f813e337d41c571b34f1cd538cb138a0153cc0
1711,191,cmaes-seed42-20260805,4,cmaes,42,bf16,cached_decode,headline,256,256,1,4,0,6.54809304978698,39095.3515861122,1.65584325697273,154.000083598613,219.884826660156,288.0,2.0,1.9921875,1,0.0944647789001465,ea235e75f771ad52283fc7a9dec6d76f92371796,0b252757d18c79a6a6ca319df6f813e337d41c571b34f1cd538cb138a0153cc0
1712,191,cmaes-seed42-20260805,4,cmaes,42,bf16,cached_decode,headline,256,256,1,5,0,7.42860604077578,34461.3778944274,1.63793605100363,155.683733710941,219.884826660156,288.0,2.0,1.9921875,1,0.0944647789001465,ea235e75f771ad52283fc7a9dec6d76f92371796,0b252757d18c79a6a6ca319df6f813e337d41c571b34f1cd538cb138a0153cc0
1713,191,cmaes-seed42-20260805,4,cmaes,42,bf16,cached_decode,headline,256,256,1,6,0,12.4912559986115,20494.3362003355,1.96153196494561,130.000430559933,219.884826660156,288.0,2.0,1.9921875,1,0.0944647789001465,ea235e75f771ad52283fc7a9dec6d76f92371796,0b252757d18c79a6a6ca319df6f813e337d41c571b34f1cd538cb138a0153cc0
1714,191,cmaes-seed42-20260805,4,cmaes,42,bf16,cached_decode,headline,256,256,1,7,0,7.88654305506498,32460.3566115814,1.95435637200717,130.477738682894,219.884826660156,288.0,2.0,1.9921875,1,0.0944647789001465,ea235e75f771ad52283fc7a9dec6d76f92371796,0b252757d18c79a6a6ca319df6f813e337d41c571b34f1cd538cb138a0153cc0
1715,191,cmaes-seed42-20260805,4,cmaes,42,bf16,cached_decode,headline,256,256,1,8,0,7.82202393747866,32728.1023487277,1.63381167000625,156.076740472189,219.884826660156,288.0,2.0,1.9921875,1,0.0944647789001465,ea235e75f771ad52283fc7a9dec6d76f92371796,0b252757d18c79a6a6ca319df6f813e337d41c571b34f1cd538cb138a0153cc0
1716,191,cmaes-seed42-20260805,4,cmaes,42,bf16,cached_decode,headline,256,256,1,9,0,7.32712703756988,34938.6599532612,1.68718525290024,151.139301129891,219.884826660156,288.0,2.0,1.9921875,1,0.0944647789001465,ea235e75f771ad52283fc7a9dec6d76f92371796,0b252757d18c79a6a6ca319df6f813e337d41c571b34f1cd538cb138a0153cc0
1717,192,cmaes-seed42-20260805,5,cmaes,42,bf16,cached_decode,headline,256,256,1,0,1,,,,,,,,,,,ea235e75f771ad52283fc7a9dec6d76f92371796,0b252757d18c79a6a6ca319df6f813e337d41c571b34f1cd538cb138a0153cc0
1718,192,cmaes-seed42-20260805,5,cmaes,42,bf16,cached_decode,headline,256,256,1,1,1,,,,,,,,,,,ea235e75f771ad52283fc7a9dec6d76f92371796,0b252757d18c79a6a6ca319df6f813e337d41c571b34f1cd538cb138a0153cc0
1719,192,cmaes-seed42-20260805,5,cmaes,42,bf16,cached_decode,headline,256,256,1,0,0,7.38426693715155,34668.3025111157,1.58263584901579,161.123609173001,219.880920410156,288.0,2.0,1.9921875,1,0.0759005546569824,ea235e75f771ad52283fc7a9dec6d76f92371796,0b252757d18c79a6a6ca319df6f813e337d41c571b34f1cd538cb138a0153cc0
1720,192,cmaes-seed42-20260805,5,cmaes,42,bf16,cached_decode,headline,256,256,1,1,0,11.3208759576082,22613.0911564272,1.58717429894023,160.662883824585,219.884826660156,288.0,2.0,1.9921875,1,0.0759005546569824,ea235e75f771ad52283fc7a9dec6d76f92371796,0b252757d18c79a6a6ca319df6f813e337d41c571b34f1cd538cb138a0153cc0
1721,192,cmaes-seed42-20260805,5,cmaes,42,bf16,cached_decode,headline,256,256,1,2,0,7.77700007893145,32917.5771379411,1.92547469201963,132.434874920392,219.884826660156,288.0,2.0,1.9921875,1,0.0759005546569824,ea235e75f771ad52283fc7a9dec6d76f92371796,0b252757d18c79a6a6ca319df6f813e337d41c571b34f1cd538cb138a0153cc0
1722,192,cmaes-seed42-20260805,5,cmaes,42,bf16,cached_decode,headline,256,256,1,3,0,12.6578629715368,20224.582978632,1.92000696097966,132.812018488667,219.884826660156,288.0,2.0,1.9921875,1,0.0759005546569824,ea235e75f771ad52283fc7a9dec6d76f92371796,0b252757d18c79a6a6ca319df6f813e337d41c571b34f1cd538cb138a0153cc0
1723,192,cmaes-seed42-20260805,5,cmaes,42,bf16,cached_decode,headline,256,256,1,4,0,24.8318971134722,10309.3210651679,1.9154452290386,133.128317183984,219.884826660156,288.0,2.0,1.9921875,1,0.0759005546569824,ea235e75f771ad52283fc7a9dec6d76f92371796,0b252757d18c79a6a6ca319df6f813e337d41c571b34f1cd538cb138a0153cc0
1724,192,cmaes-seed42-20260805,5,cmaes,42,bf16,cached_decode,headline,256,256,1,5,0,19.2306640092283,13312.0728372744,1.89816232095473,134.340460341527,219.884826660156,288.0,2.0,1.9921875,1,0.0759005546569824,ea235e75f771ad52283fc7a9dec6d76f92371796,0b252757d18c79a6a6ca319df6f813e337d41c571b34f1cd538cb138a0153cc0
1725,192,cmaes-seed42-20260805,5,cmaes,42,bf16,cached_decode,headline,256,256,1,6,0,13.2029440719634,19389.6148165634,1.88535520609003,135.253027745809,219.884826660156,288.0,2.0,1.9921875,1,0.0759005546569824,ea235e75f771ad52283fc7a9dec6d76f92371796,0b252757d18c79a6a6ca319df6f813e337d41c571b34f1cd538cb138a0153cc0
1726,192,cmaes-seed42-20260805,5,cmaes,42,bf16,cached_decode,headline,256,256,1,7,0,23.9875790430233,10672.1899505093,1.90346745797433,133.966041253666,219.884826660156,288.0,2.0,1.9921875,1,0.0759005546569824,ea235e75f771ad52283fc7a9dec6d76f92371796,0b252757d18c79a6a6ca319df6f813e337d41c571b34f1cd538cb138a0153cc0
1727,192,cmaes-seed42-20260805,5,cmaes,42,bf16,cached_decode,headline,256,256,1,8,0,13.2026880746707,19389.9907770399,1.88500141596887,135.278412970811,219.884826660156,288.0,2.0,1.9921875,1,0.0759005546569824,ea235e75f771ad52283fc7a9dec6d76f92371796,0b252757d18c79a6a6ca319df6f813e337d41c571b34f1cd538cb138a0153cc0
1728,192,cmaes-seed42-20260805,5,cmaes,42,bf16,cached_decode,headline,256,256,1,9,0,23.966619046405,10681.523309747,1.8883829099359,135.036172302923,219.884826660156,288.0,2.0,1.9921875,1,0.0759005546569824,ea235e75f771ad52283fc7a9dec6d76f92371796,0b252757d18c79a6a6ca319df6f813e337d41c571b34f1cd538cb138a0153cc0
1729,193,cmaes-seed42-20260805,6,cmaes,42,bf16,cached_decode,headline,256,256,1,0,1,,,,,,,,,,,ea235e75f771ad52283fc7a9dec6d76f92371796,0b252757d18c79a6a6ca319df6f813e337d41c571b34f1cd538cb138a0153cc0
1730,193,cmaes-seed42-20260805,6,cmaes,42,bf16,cached_decode,headline,256,256,1,1,1,,,,,,,,,,,ea235e75f771ad52283fc7a9dec6d76f92371796,0b252757d18c79a6a6ca319df6f813e337d41c571b34f1cd538cb138a0153cc0
1731,193,cmaes-seed42-20260805,6,cmaes,42,bf16,cached_decode,headline,256,256,1,0,0,7.26513506378978,35236.7846918541,1.44924890203401,175.953212482762,125.006088256836,192.0,1.125,1.12060546875,1,0.112377166748047,ea235e75f771ad52283fc7a9dec6d76f92371796,0b252757d18c79a6a6ca319df6f813e337d41c571b34f1cd538cb138a0153cc0
1732,193,cmaes-seed42-20260805,6,cmaes,42,bf16,cached_decode,headline,256,256,1,1,0,5.791659001261,44201.4973506317,1.34763788303826,189.21997014888,125.009994506836,192.0,1.125,1.12060546875,1,0.112377166748047,ea235e75f771ad52283fc7a9dec6d76f92371796,0b252757d18c79a6a6ca319df6f813e337d41c571b34f1cd538cb138a0153cc0
1733,193,cmaes-seed42-20260805,6,cmaes,42,bf16,cached_decode,headline,256,256,1,2,0,6.17003696970642,41490.8372926947,1.44547571893781,176.412510192411,125.009994506836,192.0,1.125,1.12060546875,1,0.112377166748047,ea235e75f771ad52283fc7a9dec6d76f92371796,0b252757d18c79a6a6ca319df6f813e337d41c571b34f1cd538cb138a0153cc0
1734,193,cmaes-seed42-20260805,6,cmaes,42,bf16,cached_decode,headline,256,256,1,3,0,5.81459898967296,44027.1118360303,1.43238982395269,178.024163349838,125.009994506836,192.0,1.125,1.12060546875,1,0.112377166748047,ea235e75f771ad52283fc7a9dec6d76f92371796,0b252757d18c79a6a6ca319df6f813e337d41c571b34f1cd538cb138a0153cc0
1735,193,cmaes-seed42-20260805,6,cmaes,42,bf16,cached_decode,headline,256,256,1,4,0,5.79429196659476,44181.4118922365,1.31347196002025,194.141944222447,125.009994506836,192.0,1.125,1.12060546875,1,0.112377166748047,ea235e75f771ad52283fc7a9dec6d76f92371796,0b252757d18c79a6a6ca319df6f813e337d41c571b34f1cd538cb138a0153cc0
1736,193,cmaes-seed42-20260805,6,cmaes,42,bf16,cached_decode,headline,256,256,1,5,0,4.96111100073904,51601.3449329928,1.20838634704705,211.025224360691,125.009994506836,192.0,1.125,1.12060546875,1,0.112377166748047,ea235e75f771ad52283fc7a9dec6d76f92371796,0b252757d18c79a6a6ca319df6f813e337d41c571b34f1cd538cb138a0153cc0
1737,193,cmaes-seed42-20260805,6,cmaes,42,bf16,cached_decode,headline,256,256,1,6,0,5.16948802396655,49521.345017755,1.22799658810254,207.655300080285,125.009994506836,192.0,1.125,1.12060546875,1,0.112377166748047,ea235e75f771ad52283fc7a9dec6d76f92371796,0b252757d18c79a6a6ca319df6f813e337d41c571b34f1cd538cb138a0153cc0
1738,193,cmaes-seed42-20260805,6,cmaes,42,bf16,cached_decode,headline,256,256,1,7,0,4.96550800744444,51555.6514290576,1.22456131293438,208.237837751832,125.009994506836,192.0,1.125,1.12060546875,1,0.112377166748047,ea235e75f771ad52283fc7a9dec6d76f92371796,0b252757d18c79a6a6ca319df6f813e337d41c571b34f1cd538cb138a0153cc0
1739,193,cmaes-seed42-20260805,6,cmaes,42,bf16,cached_decode,headline,256,256,1,8,0,5.42087492067367,47224.8490780868,1.22970317699946,207.367114901835,125.009994506836,192.0,1.125,1.12060546875,1,0.112377166748047,ea235e75f771ad52283fc7a9dec6d76f92371796,0b252757d18c79a6a6ca319df6f813e337d41c571b34f1cd538cb138a0153cc0
1740,193,cmaes-seed42-20260805,6,cmaes,42,bf16,cached_decode,headline,256,256,1,9,0,4.96074999682605,51605.1000682945,1.20951935101766,210.827548798991,125.009994506836,192.0,1.125,1.12060546875,1,0.112377166748047,ea235e75f771ad52283fc7a9dec6d76f92371796,0b252757d18c79a6a6ca319df6f813e337d41c571b34f1cd538cb138a0153cc0
1741,194,cmaes-seed42-20260805,7,cmaes,42,bf16,cached_decode,headline,256,256,1,0,1,,,,,,,,,,,ea235e75f771ad52283fc7a9dec6d76f92371796,0b252757d18c79a6a6ca319df6f813e337d41c571b34f1cd538cb138a0153cc0
1742,194,cmaes-seed42-20260805,7,cmaes,42,bf16,cached_decode,headline,256,256,1,1,1,,,,,,,,,,,ea235e75f771ad52283fc7a9dec6d76f92371796,0b252757d18c79a6a6ca319df6f813e337d41c571b34f1cd538cb138a0153cc0
1743,194,cmaes-seed42-20260805,7,cmaes,42,bf16,cached_decode,headline,256,256,1,0,0,10.4984130011871,24384.6379420444,2.00701020902488,127.054660137426,189.005180358887,256.0,0.875,0.87158203125,1,0.0940742492675781,ea235e75f771ad52283fc7a9dec6d76f92371796,0b252757d18c79a6a6ca319df6f813e337d41c571b34f1cd538cb138a0153cc0
1744,194,cmaes-seed42-20260805,7,cmaes,42,bf16,cached_decode,headline,256,256,1,1,0,6.06080389115959,42238.6212451795,1.46819271997083,173.682920866864,189.009086608887,256.0,0.875,0.87158203125,1,0.0940742492675781,ea235e75f771ad52283fc7a9dec6d76f92371796,0b252757d18c79a6a6ca319df6f813e337d41c571b34f1cd538cb138a0153cc0
1745,194,cmaes-seed42-20260805,7,cmaes,42,bf16,cached_decode,headline,256,256,1,2,0,8.81673500407487,29035.6917704437,1.51455023698509,168.366815291391,189.009086608887,256.0,0.875,0.87158203125,1,0.0940742492675781,ea235e75f771ad52283fc7a9dec6d76f92371796,0b252757d18c79a6a6ca319df6f813e337d41c571b34f1cd538cb138a0153cc0
1746,194,cmaes-seed42-20260805,7,cmaes,42,bf16,cached_decode,headline,256,256,1,3,0,6.29443395882845,40670.8532767969,1.44781190401409,176.127851479192,189.009086608887,256.0,0.875,0.87158203125,1,0.0940742492675781,ea235e75f771ad52283fc7a9dec6d76f92371796,0b252757d18c79a6a6ca319df6f813e337d41c571b34f1cd538cb138a0153cc0
1747,194,cmaes-seed42-20260805,7,cmaes,42,bf16,cached_decode,headline,256,256,1,4,0,5.90036797802895,43387.124490076,1.48431375296786,171.796562209392,189.009086608887,256.0,0.875,0.87158203125,1,0.0940742492675781,ea235e75f771ad52283fc7a9dec6d76f92371796,0b252757d18c79a6a6ca319df6f813e337d41c571b34f1cd538cb138a0153cc0
1748,194,cmaes-seed42-20260805,7,cmaes,42,bf16,cached_decode,headline,256,256,1,5,0,6.54934800695628,39087.8603073304,1.47024086094461,173.440969281839,189.009086608887,256.0,0.875,0.87158203125,1,0.0940742492675781,ea235e75f771ad52283fc7a9dec6d76f92371796,0b252757d18c79a6a6ca319df6f813e337d41c571b34f1cd538cb138a0153cc0
1749,194,cmaes-seed42-20260805,7,cmaes,42,bf16,cached_decode,headline,256,256,1,6,0,6.36446697171777,40223.3213146686,1.48071416094899,172.214196855232,189.009086608887,256.0,0.875,0.87158203125,1,0.0940742492675781,ea235e75f771ad52283fc7a9dec6d76f92371796,0b252757d18c79a6a6ca319df6f813e337d41c571b34f1cd538cb138a0153cc0
1750,194,cmaes-seed42-20260805,7,cmaes,42,bf16,cached_decode,headline,256,256,1,7,0,7.37781904172152,34698.6011112934,1.72459698398598,147.860632001473,189.009086608887,256.0,0.875,0.87158203125,1,0.0940742492675781,ea235e75f771ad52283fc7a9dec6d76f92371796,0b252757d18c79a6a6ca319df6f813e337d41c571b34f1cd538cb138a0153cc0
1751,194,cmaes-seed42-20260805,7,cmaes,42,bf16,cached_decode,headline,256,256,1,8,0,7.00156798120588,36563.2385041713,1.72288183600176,148.007828901238,189.009086608887,256.0,0.875,0.87158203125,1,0.0940742492675781,ea235e75f771ad52283fc7a9dec6d76f92371796,0b252757d18c79a6a6ca319df6f813e337d41c571b34f1cd538cb138a0153cc0
1752,194,cmaes-seed42-20260805,7,cmaes,42,bf16,cached_decode,headline,256,256,1,9,0,6.98923401068896,36627.7620134749,1.45487162098289,175.273196838994,189.009086608887,256.0,0.875,0.87158203125,1,0.0940742492675781,ea235e75f771ad52283fc7a9dec6d76f92371796,0b252757d18c79a6a6ca319df6f813e337d41c571b34f1cd538cb138a0153cc0
1753,195,cmaes-seed42-20260805,8,cmaes,42,bf16,cached_decode,headline,256,256,1,0,1,,,,,,,,,,,ea235e75f771ad52283fc7a9dec6d76f92371796,0b252757d18c79a6a6ca319df6f813e337d41c571b34f1cd538cb138a0153cc0
1754,195,cmaes-seed42-20260805,8,cmaes,42,bf16,cached_decode,headline,256,256,1,1,1,,,,,,,,,,,ea235e75f771ad52283fc7a9dec6d76f92371796,0b252757d18c79a6a6ca319df6f813e337d41c571b34f1cd538cb138a0153cc0
1755,195,cmaes-seed42-20260805,8,cmaes,42,bf16,cached_decode,headline,256,256,1,0,0,7.16814200859517,35713.5781759117,1.62352608295623,157.065539431111,219.880920410156,256.0,2.0,1.9921875,1,0.0891592502593994,ea235e75f771ad52283fc7a9dec6d76f92371796,0b252757d18c79a6a6ca319df6f813e337d41c571b34f1cd538cb138a0153cc0
1756,195,cmaes-seed42-20260805,8,cmaes,42,bf16,cached_decode,headline,256,256,1,1,0,6.59322703722864,38827.7240499222,1.65073005890008,154.477104615101,219.884826660156,256.0,2.0,1.9921875,1,0.0891592502593994,ea235e75f771ad52283fc7a9dec6d76f92371796,0b252757d18c79a6a6ca319df6f813e337d41c571b34f1cd538cb138a0153cc0
1757,195,cmaes-seed42-20260805,8,cmaes,42,bf16,cached_decode,headline,256,256,1,2,0,6.59552798606455,38814.1784161773,1.60275918897241,159.100632056578,219.884826660156,256.0,2.0,1.9921875,1,0.0891592502593994,ea235e75f771ad52283fc7a9dec6d76f92371796,0b252757d18c79a6a6ca319df6f813e337d41c571b34f1cd538cb138a0153cc0
1758,195,cmaes-seed42-20260805,8,cmaes,42,bf16,cached_decode,headline,256,256,1,3,0,6.61164103075862,38719.5854719031,1.63433085998986,156.027158418573,219.884826660156,256.0,2.0,1.9921875,1,0.0891592502593994,ea235e75f771ad52283fc7a9dec6d76f92371796,0b252757d18c79a6a6ca319df6f813e337d41c571b34f1cd538cb138a0153cc0
1759,195,cmaes-seed42-20260805,8,cmaes,42,bf16,cached_decode,headline,256,256,1,4,0,6.61985203623772,38671.5592128995,1.70136591303162,149.879575020768,219.884826660156,256.0,2.0,1.9921875,1,0.0891592502593994,ea235e75f771ad52283fc7a9dec6d76f92371796,0b252757d18c79a6a6ca319df6f813e337d41c571b34f1cd538cb138a0153cc0
1760,195,cmaes-seed42-20260805,8,cmaes,42,bf16,cached_decode,headline,256,256,1,5,0,6.54779397882521,39097.1372691129,1.62909056199715,156.529051207189,219.884826660156,256.0,2.0,1.9921875,1,0.0891592502593994,ea235e75f771ad52283fc7a9dec6d76f92371796,0b252757d18c79a6a6ca319df6f813e337d41c571b34f1cd538cb138a0153cc0
1761,195,cmaes-seed42-20260805,8,cmaes,42,bf16,cached_decode,headline,256,256,1,6,0,6.59201806411147,38834.8450368675,1.61250254802871,158.139284996317,219.884826660156,256.0,2.0,1.9921875,1,0.0891592502593994,ea235e75f771ad52283fc7a9dec6d76f92371796,0b252757d18c79a6a6ca319df6f813e337d41c571b34f1cd538cb138a0153cc0
1762,195,cmaes-seed42-20260805,8,cmaes,42,bf16,cached_decode,headline,256,256,1,7,0,6.64618297014385,38518.3497279581,1.66176600696053,153.451207289051,219.884826660156,256.0,2.0,1.9921875,1,0.0891592502593994,ea235e75f771ad52283fc7a9dec6d76f92371796,0b252757d18c79a6a6ca319df6f813e337d41c571b34f1cd538cb138a0153cc0
1763,195,cmaes-seed42-20260805,8,cmaes,42,bf16,cached_decode,headline,256,256,1,8,0,6.55886100139469,39031.1671409965,1.62326173193287,157.091117830002,219.884826660156,256.0,2.0,1.9921875,1,0.0891592502593994,ea235e75f771ad52283fc7a9dec6d76f92371796,0b252757d18c79a6a6ca319df6f813e337d41c571b34f1cd538cb138a0153cc0
1764,195,cmaes-seed42-20260805,8,cmaes,42,bf16,cached_decode,headline,256,256,1,9,0,6.70498900581151,38180.5249461428,1.62538342189509,156.886059353728,219.884826660156,256.0,2.0,1.9921875,1,0.0891592502593994,ea235e75f771ad52283fc7a9dec6d76f92371796,0b252757d18c79a6a6ca319df6f813e337d41c571b34f1cd538cb138a0153cc0
1765,196,cmaes-seed42-20260805,9,cmaes,42,bf16,cached_decode,headline,256,256,1,0,1,,,,,,,,,,,ea235e75f771ad52283fc7a9dec6d76f92371796,0b252757d18c79a6a6ca319df6f813e337d41c571b34f1cd538cb138a0153cc0
1766,196,cmaes-seed42-20260805,9,cmaes,42,bf16,cached_decode,headline,256,256,1,1,1,,,,,,,,,,,ea235e75f771ad52283fc7a9dec6d76f92371796,0b252757d18c79a6a6ca319df6f813e337d41c571b34f1cd538cb138a0153cc0
1767,196,cmaes-seed42-20260805,9,cmaes,42,bf16,cached_decode,headline,256,256,1,0,0,8.3596269832924,30623.3759606312,1.88252700399607,135.456224244702,217.382385253906,288.0,2.0,1.9921875,1,0.0955850481987,ea235e75f771ad52283fc7a9dec6d76f92371796,0b252757d18c79a6a6ca319df6f813e337d41c571b34f1cd538cb138a0153cc0
1768,196,cmaes-seed42-20260805,9,cmaes,42,bf16,cached_decode,headline,256,256,1,1,0,7.5821679783985,33763.4302918823,1.58536007092334,160.846740546129,217.386291503906,288.0,2.0,1.9921875,1,0.0955850481987,ea235e75f771ad52283fc7a9dec6d76f92371796,0b252757d18c79a6a6ca319df6f813e337d41c571b34f1cd538cb138a0153cc0
1769,196,cmaes-seed42-20260805,9,cmaes,42,bf16,cached_decode,headline,256,256,1,2,0,6.51433609891683,39297.9416647794,1.57804312498774,161.592542030168,217.386291503906,288.0,2.0,1.9921875,1,0.0955850481987,ea235e75f771ad52283fc7a9dec6d76f92371796,0b252757d18c79a6a6ca319df6f813e337d41c571b34f1cd538cb138a0153cc0
1770,196,cmaes-seed42-20260805,9,cmaes,42,bf16,cached_decode,headline,256,256,1,3,0,6.47927296813577,39510.6057823115,1.60732790804468,158.648399448379,217.386291503906,288.0,2.0,1.9921875,1,0.0955850481987,ea235e75f771ad52283fc7a9dec6d76f92371796,0b252757d18c79a6a6ca319df6f813e337d41c571b34f1cd538cb138a0153cc0
1771,196,cmaes-seed42-20260805,9,cmaes,42,bf16,cached_decode,headline,256,256,1,4,0,6.51543599087745,39291.3076513125,1.58026625297498,161.365212678523,217.386291503906,288.0,2.0,1.9921875,1,0.0955850481987,ea235e75f771ad52283fc7a9dec6d76f92371796,0b252757d18c79a6a6ca319df6f813e337d41c571b34f1cd538cb138a0153cc0
1772,196,cmaes-seed42-20260805,9,cmaes,42,bf16,cached_decode,headline,256,256,1,5,0,6.5045680385083,39356.956293551,1.5985841890797,159.516152944564,217.386291503906,288.0,2.0,1.9921875,1,0.0955850481987,ea235e75f771ad52283fc7a9dec6d76f92371796,0b252757d18c79a6a6ca319df6f813e337d41c571b34f1cd538cb138a0153cc0
1773,196,cmaes-seed42-20260805,9,cmaes,42,bf16,cached_decode,headline,256,256,1,6,0,6.47711392957717,39523.7759877896,1.55797374807298,163.674131425772,217.386291503906,288.0,2.0,1.9921875,1,0.0955850481987,ea235e75f771ad52283fc7a9dec6d76f92371796,0b252757d18c79a6a6ca319df6f813e337d41c571b34f1cd538cb138a0153cc0
1774,196,cmaes-seed42-20260805,9,cmaes,42,bf16,cached_decode,headline,256,256,1,7,0,6.42068195156753,39871.154175064,1.62334097700659,157.083449264131,217.386291503906,288.0,2.0,1.9921875,1,0.0955850481987,ea235e75f771ad52283fc7a9dec6d76f92371796,0b252757d18c79a6a6ca319df6f813e337d41c571b34f1cd538cb138a0153cc0
1775,196,cmaes-seed42-20260805,9,cmaes,42,bf16,cached_decode,headline,256,256,1,8,0,6.43561698962003,39778.6257965477,1.57820554100908,161.575912245851,217.386291503906,288.0,2.0,1.9921875,1,0.0955850481987,ea235e75f771ad52283fc7a9dec6d76f92371796,0b252757d18c79a6a6ca319df6f813e337d41c571b34f1cd538cb138a0153cc0
1776,196,cmaes-seed42-20260805,9,cmaes,42,bf16,cached_decode,headline,256,256,1,9,0,6.46278203930706,39611.4240652077,1.5817595430417,161.212872792055,217.386291503906,288.0,2.0,1.9921875,1,0.0955850481987,ea235e75f771ad52283fc7a9dec6d76f92371796,0b252757d18c79a6a6ca319df6f813e337d41c571b34f1cd538cb138a0153cc0
1777,197,cmaes-seed42-20260805,10,cmaes,42,bf16,cached_decode,headline,256,256,1,0,1,,,,,,,,,,,ea235e75f771ad52283fc7a9dec6d76f92371796,0b252757d18c79a6a6ca319df6f813e337d41c571b34f1cd538cb138a0153cc0
1778,197,cmaes-seed42-20260805,10,cmaes,42,bf16,cached_decode,headline,256,256,1,1,1,,,,,,,,,,,ea235e75f771ad52283fc7a9dec6d76f92371796,0b252757d18c79a6a6ca319df6f813e337d41c571b34f1cd538cb138a0153cc0
1779,197,cmaes-seed42-20260805,10,cmaes,42,bf16,cached_decode,headline,256,256,1,0,0,8.9451550738886,28618.8442665771,1.7234291289933,147.960827463182,217.382385253906,288.0,2.0,1.9921875,1,0.116388559341431,ea235e75f771ad52283fc7a9dec6d76f92371796,0b252757d18c79a6a6ca319df6f813e337d41c571b34f1cd538cb138a0153cc0
1780,197,cmaes-seed42-20260805,10,cmaes,42,bf16,cached_decode,headline,256,256,1,1,0,6.79086206946522,37697.7175182355,1.66473181697074,153.177825641619,217.386291503906,288.0,2.0,1.9921875,1,0.116388559341431,ea235e75f771ad52283fc7a9dec6d76f92371796,0b252757d18c79a6a6ca319df6f813e337d41c571b34f1cd538cb138a0153cc0
1781,197,cmaes-seed42-20260805,10,cmaes,42,bf16,cached_decode,headline,256,256,1,2,0,6.71117997262627,38145.3039620721,1.63495839596726,155.967271478574,217.386291503906,288.0,2.0,1.9921875,1,0.116388559341431,ea235e75f771ad52283fc7a9dec6d76f92371796,0b252757d18c79a6a6ca319df6f813e337d41c571b34f1cd538cb138a0153cc0
1782,197,cmaes-seed42-20260805,10,cmaes,42,bf16,cached_decode,headline,256,256,1,3,0,21.4793729828671,11918.4112219755,1.72887798107695,147.4945038291,217.386291503906,288.0,2.0,1.9921875,1,0.116388559341431,ea235e75f771ad52283fc7a9dec6d76f92371796,0b252757d18c79a6a6ca319df6f813e337d41c571b34f1cd538cb138a0153cc0
1783,197,cmaes-seed42-20260805,10,cmaes,42,bf16,cached_decode,headline,256,256,1,4,0,6.69022707734257,38264.7699458485,1.64923161698971,154.617457834967,217.386291503906,288.0,2.0,1.9921875,1,0.116388559341431,ea235e75f771ad52283fc7a9dec6d76f92371796,0b252757d18c79a6a6ca319df6f813e337d41c571b34f1cd538cb138a0153cc0
1784,197,cmaes-seed42-20260805,10,cmaes,42,bf16,cached_decode,headline,256,256,1,5,0,18.4084339998662,13906.6690845001,1.66882204799913,152.802391546623,217.386291503906,288.0,2.0,1.9921875,1,0.116388559341431,ea235e75f771ad52283fc7a9dec6d76f92371796,0b252757d18c79a6a6ca319df6f813e337d41c571b34f1cd538cb138a0153cc0
1785,197,cmaes-seed42-20260805,10,cmaes,42,bf16,cached_decode,headline,256,256,1,6,0,7.05909600947052,36265.2667787134,1.65618106804322,153.96867221848,217.386291503906,288.0,2.0,1.9921875,1,0.116388559341431,ea235e75f771ad52283fc7a9dec6d76f92371796,0b252757d18c79a6a6ca319df6f813e337d41c571b34f1cd538cb138a0153cc0
1786,197,cmaes-seed42-20260805,10,cmaes,42,bf16,cached_decode,headline,256,256,1,7,0,10.2287919726223,25027.3933310202,1.65294400206767,154.270198918427,217.386291503906,288.0,2.0,1.9921875,1,0.116388559341431,ea235e75f771ad52283fc7a9dec6d76f92371796,0b252757d18c79a6a6ca319df6f813e337d41c571b34f1cd538cb138a0153cc0
1787,197,cmaes-seed42-20260805,10,cmaes,42,bf16,cached_decode,headline,256,256,1,8,0,9.28327208384871,27576.4835596487,1.66830548702274,152.849704076125,217.386291503906,288.0,2.0,1.9921875,1,0.116388559341431,ea235e75f771ad52283fc7a9dec6d76f92371796,0b252757d18c79a6a6ca319df6f813e337d41c571b34f1cd538cb138a0153cc0
1788,197,cmaes-seed42-20260805,10,cmaes,42,bf16,cached_decode,headline,256,256,1,9,0,7.01074802782387,36515.3616966409,1.66428447898943,153.218997845151,217.386291503906,288.0,2.0,1.9921875,1,0.116388559341431,ea235e75f771ad52283fc7a9dec6d76f92371796,0b252757d18c79a6a6ca319df6f813e337d41c571b34f1cd538cb138a0153cc0
1789,198,cmaes-seed42-20260805,11,cmaes,42,bf16,cached_decode,headline,256,256,1,0,1,,,,,,,,,,,ea235e75f771ad52283fc7a9dec6d76f92371796,0b252757d18c79a6a6ca319df6f813e337d41c571b34f1cd538cb138a0153cc0
1790,198,cmaes-seed42-20260805,11,cmaes,42,bf16,cached_decode,headline,256,256,1,1,1,,,,,,,,,,,ea235e75f771ad52283fc7a9dec6d76f92371796,0b252757d18c79a6a6ca319df6f813e337d41c571b34f1cd538cb138a0153cc0
1791,198,cmaes-seed42-20260805,11,cmaes,42,bf16,cached_decode,headline,256,256,1,0,0,12.3205080162734,20778.3639815717,1.96556018805131,129.734007409262,219.880920410156,288.0,2.0,1.9921875,1,0.095617413520813,ea235e75f771ad52283fc7a9dec6d76f92371796,0b252757d18c79a6a6ca319df6f813e337d41c571b34f1cd538cb138a0153cc0
1792,198,cmaes-seed42-20260805,11,cmaes,42,bf16,cached_decode,headline,256,256,1,1,0,7.88039399776608,32485.685369611,1.7003145100316,149.972254247986,219.884826660156,288.0,2.0,1.9921875,1,0.095617413520813,ea235e75f771ad52283fc7a9dec6d76f92371796,0b252757d18c79a6a6ca319df6f813e337d41c571b34f1cd538cb138a0153cc0
1793,198,cmaes-seed42-20260805,11,cmaes,42,bf16,cached_decode,headline,256,256,1,2,0,7.49427999835461,34159.385565552,1.68015887995716,151.771361055153,219.884826660156,288.0,2.0,1.9921875,1,0.095617413520813,ea235e75f771ad52283fc7a9dec6d76f92371796,0b252757d18c79a6a6ca319df6f813e337d41c571b34f1cd538cb138a0153cc0
1794,198,cmaes-seed42-20260805,11,cmaes,42,bf16,cached_decode,headline,256,256,1,3,0,10.7012649532408,23922.4055397744,1.65360252500977,154.20876307533,219.884826660156,288.0,2.0,1.9921875,1,0.095617413520813,ea235e75f771ad52283fc7a9dec6d76f92371796,0b252757d18c79a6a6ca319df6f813e337d41c571b34f1cd538cb138a0153cc0
1795,198,cmaes-seed42-20260805,11,cmaes,42,bf16,cached_decode,headline,256,256,1,4,0,11.0434159869328,23181.2330806802,1.66057635797188,153.561140850783,219.884826660156,288.0,2.0,1.9921875,1,0.095617413520813,ea235e75f771ad52283fc7a9dec6d76f92371796,0b252757d18c79a6a6ca319df6f813e337d41c571b34f1cd538cb138a0153cc0
1796,198,cmaes-seed42-20260805,11,cmaes,42,bf16,cached_decode,headline,256,256,1,5,0,6.84215000364929,37415.1399579754,1.6351824629819,155.945899477777,219.884826660156,288.0,2.0,1.9921875,1,0.095617413520813,ea235e75f771ad52283fc7a9dec6d76f92371796,0b252757d18c79a6a6ca319df6f813e337d41c571b34f1cd538cb138a0153cc0
1797,198,cmaes-seed42-20260805,11,cmaes,42,bf16,cached_decode,headline,256,256,1,6,0,11.4706859458238,22317.7586073833,1.99573806009721,127.772278886929,219.884826660156,288.0,2.0,1.9921875,1,0.095617413520813,ea235e75f771ad52283fc7a9dec6d76f92371796,0b252757d18c79a6a6ca319df6f813e337d41c571b34f1cd538cb138a0153cc0
1798,198,cmaes-seed42-20260805,11,cmaes,42,bf16,cached_decode,headline,256,256,1,7,0,8.09548899997026,31622.5492988676,2.02525402104948,125.910131445072,219.884826660156,288.0,2.0,1.9921875,1,0.095617413520813,ea235e75f771ad52283fc7a9dec6d76f92371796,0b252757d18c79a6a6ca319df6f813e337d41c571b34f1cd538cb138a0153cc0
1799,198,cmaes-seed42-20260805,11,cmaes,42,bf16,cached_decode,headline,256,256,1,8,0,9.8999849287793,25858.6252243482,1.92263616900891,132.630397841443,219.884826660156,288.0,2.0,1.9921875,1,0.095617413520813,ea235e75f771ad52283fc7a9dec6d76f92371796,0b252757d18c79a6a6ca319df6f813e337d41c571b34f1cd538cb138a0153cc0
1800,198,cmaes-seed42-20260805,11,cmaes,42,bf16,cached_decode,headline,256,256,1,9,0,9.64786298573017,26534.3735061994,1.65460825699847,154.115029295563,219.884826660156,288.0,2.0,1.9921875,1,0.095617413520813,ea235e75f771ad52283fc7a9dec6d76f92371796,0b252757d18c79a6a6ca319df6f813e337d41c571b34f1cd538cb138a0153cc0
1801,199,cmaes-seed42-20260805,12,cmaes,42,bf16,cached_decode,headline,256,256,1,0,1,,,,,,,,,,,ea235e75f771ad52283fc7a9dec6d76f92371796,0b252757d18c79a6a6ca319df6f813e337d41c571b34f1cd538cb138a0153cc0
1802,199,cmaes-seed42-20260805,12,cmaes,42,bf16,cached_decode,headline,256,256,1,1,1,,,,,,,,,,,ea235e75f771ad52283fc7a9dec6d76f92371796,0b252757d18c79a6a6ca319df6f813e337d41c571b34f1cd538cb138a0153cc0
1803,199,cmaes-seed42-20260805,12,cmaes,42,bf16,cached_decode,headline,256,256,1,0,0,19.5633989060298,13085.6606885983,2.4214242399903,105.309922891092,146.944152832031,224.0,1.5,1.494140625,1,0.105004787445068,ea235e75f771ad52283fc7a9dec6d76f92371796,0b252757d18c79a6a6ca319df6f813e337d41c571b34f1cd538cb138a0153cc0
1804,199,cmaes-seed42-20260805,12,cmaes,42,bf16,cached_decode,headline,256,256,1,1,0,15.8529180334881,16148.4465799432,2.08439514192287,122.33764840037,146.948059082031,224.0,1.5,1.494140625,1,0.105004787445068,ea235e75f771ad52283fc7a9dec6d76f92371796,0b252757d18c79a6a6ca319df6f813e337d41c571b34f1cd538cb138a0153cc0
1805,199,cmaes-seed42-20260805,12,cmaes,42,bf16,cached_decode,headline,256,256,1,2,0,9.03308903798461,28340.2498219055,1.93564648192842,131.738931866294,146.948059082031,224.0,1.5,1.494140625,1,0.105004787445068,ea235e75f771ad52283fc7a9dec6d76f92371796,0b252757d18c79a6a6ca319df6f813e337d41c571b34f1cd538cb138a0153cc0
1806,199,cmaes-seed42-20260805,12,cmaes,42,bf16,cached_decode,headline,256,256,1,3,0,10.3952400386333,24626.6559548976,1.95668166701216,130.322680637869,146.948059082031,224.0,1.5,1.494140625,1,0.105004787445068,ea235e75f771ad52283fc7a9dec6d76f92371796,0b252757d18c79a6a6ca319df6f813e337d41c571b34f1cd538cb138a0153cc0
1807,199,cmaes-seed42-20260805,12,cmaes,42,bf16,cached_decode,headline,256,256,1,4,0,8.85354191996157,28914.9814067985,1.95742864196654,130.272948159077,146.948059082031,224.0,1.5,1.494140625,1,0.105004787445068,ea235e75f771ad52283fc7a9dec6d76f92371796,0b252757d18c79a6a6ca319df6f813e337d41c571b34f1cd538cb138a0153cc0
1808,199,cmaes-seed42-20260805,12,cmaes,42,bf16,cached_decode,headline,256,256,1,5,0,7.63509003445506,33529.4015977208,1.95450459700078,130.467843560615,146.948059082031,224.0,1.5,1.494140625,1,0.105004787445068,ea235e75f771ad52283fc7a9dec6d76f92371796,0b252757d18c79a6a6ca319df6f813e337d41c571b34f1cd538cb138a0153cc0
1809,199,cmaes-seed42-20260805,12,cmaes,42,bf16,cached_decode,headline,256,256,1,6,0,9.4333830056712,27137.6662906718,1.85574384604115,137.41120604764,146.948059082031,224.0,1.5,1.494140625,1,0.105004787445068,ea235e75f771ad52283fc7a9dec6d76f92371796,0b252757d18c79a6a6ca319df6f813e337d41c571b34f1cd538cb138a0153cc0
1810,199,cmaes-seed42-20260805,12,cmaes,42,bf16,cached_decode,headline,256,256,1,7,0,14.4153849687427,17758.8042605239,1.67777204001322,151.987274742038,146.948059082031,224.0,1.5,1.494140625,1,0.105004787445068,ea235e75f771ad52283fc7a9dec6d76f92371796,0b252757d18c79a6a6ca319df6f813e337d41c571b34f1cd538cb138a0153cc0
1811,199,cmaes-seed42-20260805,12,cmaes,42,bf16,cached_decode,headline,256,256,1,8,0,13.1416949443519,19479.9834484078,1.62792102003004,156.641505860827,146.948059082031,224.0,1.5,1.494140625,1,0.105004787445068,ea235e75f771ad52283fc7a9dec6d76f92371796,0b252757d18c79a6a6ca319df6f813e337d41c571b34f1cd538cb138a0153cc0
1812,199,cmaes-seed42-20260805,12,cmaes,42,bf16,cached_decode,headline,256,256,1,9,0,24.4245399953797,10481.261880405,1.68836618296336,151.033586536561,146.948059082031,224.0,1.5,1.494140625,1,0.105004787445068,ea235e75f771ad52283fc7a9dec6d76f92371796,0b252757d18c79a6a6ca319df6f813e337d41c571b34f1cd538cb138a0153cc0
1813,200,cmaes-seed42-20260805,13,cmaes,42,bf16,cached_decode,headline,256,256,1,0,1,,,,,,,,,,,ea235e75f771ad52283fc7a9dec6d76f92371796,0b252757d18c79a6a6ca319df6f813e337d41c571b34f1cd538cb138a0153cc0
1814,200,cmaes-seed42-20260805,13,cmaes,42,bf16,cached_decode,headline,256,256,1,1,1,,,,,,,,,,,ea235e75f771ad52283fc7a9dec6d76f92371796,0b252757d18c79a6a6ca319df6f813e337d41c571b34f1cd538cb138a0153cc0
1815,200,cmaes-seed42-20260805,13,cmaes,42,bf16,cached_decode,headline,256,256,1,0,0,8.59422807116061,29787.4338312072,2.10115714906715,121.361698297156,219.880920410156,288.0,2.0,1.9921875,1,0.087338924407959,ea235e75f771ad52283fc7a9dec6d76f92371796,0b252757d18c79a6a6ca319df6f813e337d41c571b34f1cd538cb138a0153cc0
1816,200,cmaes-seed42-20260805,13,cmaes,42,bf16,cached_decode,headline,256,256,1,1,0,12.8239740151912,19962.6106304289,1.69866682996508,150.117724972143,219.884826660156,288.0,2.0,1.9921875,1,0.087338924407959,ea235e75f771ad52283fc7a9dec6d76f92371796,0b252757d18c79a6a6ca319df6f813e337d41c571b34f1cd538cb138a0153cc0
1817,200,cmaes-seed42-20260805,13,cmaes,42,bf16,cached_decode,headline,256,256,1,2,0,7.03360908664763,36396.6772742577,1.66999806603417,152.694787608684,219.884826660156,288.0,2.0,1.9921875,1,0.087338924407959,ea235e75f771ad52283fc7a9dec6d76f92371796,0b252757d18c79a6a6ca319df6f813e337d41c571b34f1cd538cb138a0153cc0
1818,200,cmaes-seed42-20260805,13,cmaes,42,bf16,cached_decode,headline,256,256,1,3,0,7.30798300355673,35030.1854664149,1.72130430396646,148.143474348141,219.884826660156,288.0,2.0,1.9921875,1,0.087338924407959,ea235e75f771ad52283fc7a9dec6d76f92371796,0b252757d18c79a6a6ca319df6f813e337d41c571b34f1cd538cb138a0153cc0
1819,200,cmaes-seed42-20260805,13,cmaes,42,bf16,cached_decode,headline,256,256,1,4,0,22.7452609688044,11255.0917903782,1.74457298498601,146.167573494809,219.884826660156,288.0,2.0,1.9921875,1,0.087338924407959,ea235e75f771ad52283fc7a9dec6d76f92371796,0b252757d18c79a6a6ca319df6f813e337d41c571b34f1cd538cb138a0153cc0
1820,200,cmaes-seed42-20260805,13,cmaes,42,bf16,cached_decode,headline,256,256,1,5,0,16.6652289917693,15361.3250754871,1.6945553929545,150.481950050273,219.884826660156,288.0,2.0,1.9921875,1,0.087338924407959,ea235e75f771ad52283fc7a9dec6d76f92371796,0b252757d18c79a6a6ca319df6f813e337d41c571b34f1cd538cb138a0153cc0
1821,200,cmaes-seed42-20260805,13,cmaes,42,bf16,cached_decode,headline,256,256,1,6,0,7.26704602129757,35227.5187538017,1.671447249013,152.562397736799,219.884826660156,288.0,2.0,1.9921875,1,0.087338924407959,ea235e75f771ad52283fc7a9dec6d76f92371796,0b252757d18c79a6a6ca319df6f813e337d41c571b34f1cd538cb138a0153cc0
1822,200,cmaes-seed42-20260805,13,cmaes,42,bf16,cached_decode,headline,256,256,1,7,0,6.82052399497479,37533.7730925974,1.64914166997187,154.625890936556,219.884826660156,288.0,2.0,1.9921875,1,0.087338924407959,ea235e75f771ad52283fc7a9dec6d76f92371796,0b252757d18c79a6a6ca319df6f813e337d41c571b34f1cd538cb138a0153cc0
1823,200,cmaes-seed42-20260805,13,cmaes,42,bf16,cached_decode,headline,256,256,1,8,0,8.09955201111734,31606.6863511238,1.69038146897219,150.853523113365,219.884826660156,288.0,2.0,1.9921875,1,0.087338924407959,ea235e75f771ad52283fc7a9dec6d76f92371796,0b252757d18c79a6a6ca319df6f813e337d41c571b34f1cd538cb138a0153cc0
1824,200,cmaes-seed42-20260805,13,cmaes,42,bf16,cached_decode,headline,256,256,1,9,0,16.9475720031187,15105.408606784,1.75551800697576,145.256271360776,219.884826660156,288.0,2.0,1.9921875,1,0.087338924407959,ea235e75f771ad52283fc7a9dec6d76f92371796,0b252757d18c79a6a6ca319df6f813e337d41c571b34f1cd538cb138a0153cc0
1825,201,cmaes-seed42-20260805,14,cmaes,42,bf16,cached_decode,headline,256,256,1,0,1,,,,,,,,,,,ea235e75f771ad52283fc7a9dec6d76f92371796,0b252757d18c79a6a6ca319df6f813e337d41c571b34f1cd538cb138a0153cc0
1826,201,cmaes-seed42-20260805,14,cmaes,42,bf16,cached_decode,headline,256,256,1,1,1,,,,,,,,,,,ea235e75f771ad52283fc7a9dec6d76f92371796,0b252757d18c79a6a6ca319df6f813e337d41c571b34f1cd538cb138a0153cc0
1827,201,cmaes-seed42-20260805,14,cmaes,42,bf16,cached_decode,headline,256,256,1,0,0,7.50006199814379,34133.0511752247,1.73507598100696,146.967627234405,203.130912780762,256.0,1.75,1.7431640625,1,0.0872437953948975,ea235e75f771ad52283fc7a9dec6d76f92371796,0b252757d18c79a6a6ca319df6f813e337d41c571b34f1cd538cb138a0153cc0
1828,201,cmaes-seed42-20260805,14,cmaes,42,bf16,cached_decode,headline,256,256,1,1,0,6.92209403496236,36983.028359191,1.50573812704533,169.352157204373,203.134819030762,256.0,1.75,1.7431640625,1,0.0872437953948975,ea235e75f771ad52283fc7a9dec6d76f92371796,0b252757d18c79a6a6ca319df6f813e337d41c571b34f1cd538cb138a0153cc0
1829,201,cmaes-seed42-20260805,14,cmaes,42,bf16,cached_decode,headline,256,256,1,2,0,6.06317503843457,42222.1028383993,1.44093277293723,176.968700267815,203.134819030762,256.0,1.75,1.7431640625,1,0.0872437953948975,ea235e75f771ad52283fc7a9dec6d76f92371796,0b252757d18c79a6a6ca319df6f813e337d41c571b34f1cd538cb138a0153cc0
1830,201,cmaes-seed42-20260805,14,cmaes,42,bf16,cached_decode,headline,256,256,1,3,0,6.12059293780476,41826.0130352368,1.44164991297293,176.880668257487,203.134819030762,256.0,1.75,1.7431640625,1,0.0872437953948975,ea235e75f771ad52283fc7a9dec6d76f92371796,0b252757d18c79a6a6ca319df6f813e337d41c571b34f1cd538cb138a0153cc0
1831,201,cmaes-seed42-20260805,14,cmaes,42,bf16,cached_decode,headline,256,256,1,4,0,6.17591594345868,41451.3413627571,1.46585050993599,173.960440216469,203.134819030762,256.0,1.75,1.7431640625,1,0.0872437953948975,ea235e75f771ad52283fc7a9dec6d76f92371796,0b252757d18c79a6a6ca319df6f813e337d41c571b34f1cd538cb138a0153cc0
1832,201,cmaes-seed42-20260805,14,cmaes,42,bf16,cached_decode,headline,256,256,1,5,0,6.16374600213021,41533.1845133666,1.43983743991703,177.103326341267,203.134819030762,256.0,1.75,1.7431640625,1,0.0872437953948975,ea235e75f771ad52283fc7a9dec6d76f92371796,0b252757d18c79a6a6ca319df6f813e337d41c571b34f1cd538cb138a0153cc0
1833,201,cmaes-seed42-20260805,14,cmaes,42,bf16,cached_decode,headline,256,256,1,6,0,6.06820406392217,42187.1112611423,1.47090882190969,173.362207229767,203.134819030762,256.0,1.75,1.7431640625,1,0.0872437953948975,ea235e75f771ad52283fc7a9dec6d76f92371796,0b252757d18c79a6a6ca319df6f813e337d41c571b34f1cd538cb138a0153cc0
1834,201,cmaes-seed42-20260805,14,cmaes,42,bf16,cached_decode,headline,256,256,1,7,0,5.77597203664482,44321.5442138302,1.44666957098525,176.266927233655,203.134819030762,256.0,1.75,1.7431640625,1,0.0872437953948975,ea235e75f771ad52283fc7a9dec6d76f92371796,0b252757d18c79a6a6ca319df6f813e337d41c571b34f1cd538cb138a0153cc0
1835,201,cmaes-seed42-20260805,14,cmaes,42,bf16,cached_decode,headline,256,256,1,8,0,5.84843102842569,43772.4235364559,1.45537877699826,175.212119367263,203.134819030762,256.0,1.75,1.7431640625,1,0.0872437953948975,ea235e75f771ad52283fc7a9dec6d76f92371796,0b252757d18c79a6a6ca319df6f813e337d41c571b34f1cd538cb138a0153cc0
1836,201,cmaes-seed42-20260805,14,cmaes,42,bf16,cached_decode,headline,256,256,1,9,0,7.73671898059547,33088.9619542956,1.43630254501477,177.539196658165,203.134819030762,256.0,1.75,1.7431640625,1,0.0872437953948975,ea235e75f771ad52283fc7a9dec6d76f92371796,0b252757d18c79a6a6ca319df6f813e337d41c571b34f1cd538cb138a0153cc0
1837,202,cmaes-seed42-20260805,15,cmaes,42,bf16,cached_decode,headline,256,256,1,0,1,,,,,,,,,,,ea235e75f771ad52283fc7a9dec6d76f92371796,0b252757d18c79a6a6ca319df6f813e337d41c571b34f1cd538cb138a0153cc0
1838,202,cmaes-seed42-20260805,15,cmaes,42,bf16,cached_decode,headline,256,256,1,1,1,,,,,,,,,,,ea235e75f771ad52283fc7a9dec6d76f92371796,0b252757d18c79a6a6ca319df6f813e337d41c571b34f1cd538cb138a0153cc0
1839,202,cmaes-seed42-20260805,15,cmaes,42,bf16,cached_decode,headline,256,256,1,0,0,7.34047091100365,34875.1467179369,1.45910009392537,174.765255010012,131.068412780762,160.0,0.875,0.87158203125,1,0.131499052047729,ea235e75f771ad52283fc7a9dec6d76f92371796,0b252757d18c79a6a6ca319df6f813e337d41c571b34f1cd538cb138a0153cc0
1840,202,cmaes-seed42-20260805,15,cmaes,42,bf16,cached_decode,headline,256,256,1,1,0,8.32463393453509,30752.1029769217,1.45629068603739,175.102403967069,131.072319030762,160.0,0.875,0.87158203125,1,0.131499052047729,ea235e75f771ad52283fc7a9dec6d76f92371796,0b252757d18c79a6a6ca319df6f813e337d41c571b34f1cd538cb138a0153cc0
1841,202,cmaes-seed42-20260805,15,cmaes,42,bf16,cached_decode,headline,256,256,1,2,0,8.26976902317256,30956.1245643823,1.76056936604436,144.839507558246,131.072319030762,160.0,0.875,0.87158203125,1,0.131499052047729,ea235e75f771ad52283fc7a9dec6d76f92371796,0b252757d18c79a6a6ca319df6f813e337d41c571b34f1cd538cb138a0153cc0
1842,202,cmaes-seed42-20260805,15,cmaes,42,bf16,cached_decode,headline,256,256,1,3,0,6.88549806363881,37179.5907331518,1.6979873139644,150.177800448128,131.072319030762,160.0,0.875,0.87158203125,1,0.131499052047729,ea235e75f771ad52283fc7a9dec6d76f92371796,0b252757d18c79a6a6ca319df6f813e337d41c571b34f1cd538cb138a0153cc0
1843,202,cmaes-seed42-20260805,15,cmaes,42,bf16,cached_decode,headline,256,256,1,4,0,5.91864797752351,43253.1214852072,1.45103042095434,175.737183947038,131.072319030762,160.0,0.875,0.87158203125,1,0.131499052047729,ea235e75f771ad52283fc7a9dec6d76f92371796,0b252757d18c79a6a6ca319df6f813e337d41c571b34f1cd538cb138a0153cc0
1844,202,cmaes-seed42-20260805,15,cmaes,42,bf16,cached_decode,headline,256,256,1,5,0,5.91027096379548,43314.4269642082,1.45500752003863,175.256826159379,131.072319030762,160.0,0.875,0.87158203125,1,0.131499052047729,ea235e75f771ad52283fc7a9dec6d76f92371796,0b252757d18c79a6a6ca319df6f813e337d41c571b34f1cd538cb138a0153cc0
1845,202,cmaes-seed42-20260805,15,cmaes,42,bf16,cached_decode,headline,256,256,1,6,0,7.43135495577008,34448.6303673637,1.71741484396625,148.478977514306,131.072319030762,160.0,0.875,0.87158203125,1,0.131499052047729,ea235e75f771ad52283fc7a9dec6d76f92371796,0b252757d18c79a6a6ca319df6f813e337d41c571b34f1cd538cb138a0153cc0
1846,202,cmaes-seed42-20260805,15,cmaes,42,bf16,cached_decode,headline,256,256,1,7,0,9.08135203644633,28189.6350865588,1.72666600893717,147.683453939631,131.072319030762,160.0,0.875,0.87158203125,1,0.131499052047729,ea235e75f771ad52283fc7a9dec6d76f92371796,0b252757d18c79a6a6ca319df6f813e337d41c571b34f1cd538cb138a0153cc0
1847,202,cmaes-seed42-20260805,15,cmaes,42,bf16,cached_decode,headline,256,256,1,8,0,8.03746096789837,31850.8545201606,1.42191618494689,179.33546484635,131.072319030762,160.0,0.875,0.87158203125,1,0.131499052047729,ea235e75f771ad52283fc7a9dec6d76f92371796,0b252757d18c79a6a6ca319df6f813e337d41c571b34f1cd538cb138a0153cc0
1848,202,cmaes-seed42-20260805,15,cmaes,42,bf16,cached_decode,headline,256,256,1,9,0,5.88772003538907,43480.3282868872,1.45983323501423,174.677486362005,131.072319030762,160.0,0.875,0.87158203125,1,0.131499052047729,ea235e75f771ad52283fc7a9dec6d76f92371796,0b252757d18c79a6a6ca319df6f813e337d41c571b34f1cd538cb138a0153cc0
1849,203,cmaes-seed42-20260805,16,cmaes,42,bf16,cached_decode,headline,256,256,1,0,1,,,,,,,,,,,ea235e75f771ad52283fc7a9dec6d76f92371796,0b252757d18c79a6a6ca319df6f813e337d41c571b34f1cd538cb138a0153cc0
1850,203,cmaes-seed42-20260805,16,cmaes,42,bf16,cached_decode,headline,256,256,1,1,1,,,,,,,,,,,ea235e75f771ad52283fc7a9dec6d76f92371796,0b252757d18c79a6a6ca319df6f813e337d41c571b34f1cd538cb138a0153cc0
1851,203,cmaes-seed42-20260805,16,cmaes,42,bf16,cached_decode,headline,256,256,1,0,0,8.93476093187928,28652.1376399217,1.79933538497426,141.718993651452,150.411430358887,192.0,0.4375,0.435791015625,1,0.112525939941406,ea235e75f771ad52283fc7a9dec6d76f92371796,0b252757d18c79a6a6ca319df6f813e337d41c571b34f1cd538cb138a0153cc0
1852,203,cmaes-seed42-20260805,16,cmaes,42,bf16,cached_decode,headline,256,256,1,1,0,6.48551201447845,39472.5966783344,1.47495769790839,172.886314205221,150.415336608887,192.0,0.4375,0.435791015625,1,0.112525939941406,ea235e75f771ad52283fc7a9dec6d76f92371796,0b252757d18c79a6a6ca319df6f813e337d41c571b34f1cd538cb138a0153cc0
1853,203,cmaes-seed42-20260805,16,cmaes,42,bf16,cached_decode,headline,256,256,1,2,0,6.40772399492562,39951.783223299,1.39527340000495,182.759880607696,150.415336608887,192.0,0.4375,0.435791015625,1,0.112525939941406,ea235e75f771ad52283fc7a9dec6d76f92371796,0b252757d18c79a6a6ca319df6f813e337d41c571b34f1cd538cb138a0153cc0
1854,203,cmaes-seed42-20260805,16,cmaes,42,bf16,cached_decode,headline,256,256,1,3,0,5.93444402329624,43137.9922019733,1.41895594203379,179.709596645058,150.415336608887,192.0,0.4375,0.435791015625,1,0.112525939941406,ea235e75f771ad52283fc7a9dec6d76f92371796,0b252757d18c79a6a6ca319df6f813e337d41c571b34f1cd538cb138a0153cc0
1855,203,cmaes-seed42-20260805,16,cmaes,42,bf16,cached_decode,headline,256,256,1,4,0,7.24234699737281,35347.6573399293,1.43994003499392,177.090707809285,150.415336608887,192.0,0.4375,0.435791015625,1,0.112525939941406,ea235e75f771ad52283fc7a9dec6d76f92371796,0b252757d18c79a6a6ca319df6f813e337d41c571b34f1cd538cb138a0153cc0
1856,203,cmaes-seed42-20260805,16,cmaes,42,bf16,cached_decode,headline,256,256,1,5,0,7.84888199996203,32616.1101671854,1.44751553901006,176.163911977341,150.415336608887,192.0,0.4375,0.435791015625,1,0.112525939941406,ea235e75f771ad52283fc7a9dec6d76f92371796,0b252757d18c79a6a6ca319df6f813e337d41c571b34f1cd538cb138a0153cc0
1857,203,cmaes-seed42-20260805,16,cmaes,42,bf16,cached_decode,headline,256,256,1,6,0,8.5562999593094,29919.4746815144,1.69626887596678,150.32994097393,150.415336608887,192.0,0.4375,0.435791015625,1,0.112525939941406,ea235e75f771ad52283fc7a9dec6d76f92371796,0b252757d18c79a6a6ca319df6f813e337d41c571b34f1cd538cb138a0153cc0
1858,203,cmaes-seed42-20260805,16,cmaes,42,bf16,cached_decode,headline,256,256,1,7,0,6.9841620279476,36654.3615362299,1.71500804496463,148.687349163577,150.415336608887,192.0,0.4375,0.435791015625,1,0.112525939941406,ea235e75f771ad52283fc7a9dec6d76f92371796,0b252757d18c79a6a6ca319df6f813e337d41c571b34f1cd538cb138a0153cc0
1859,203,cmaes-seed42-20260805,16,cmaes,42,bf16,cached_decode,headline,256,256,1,8,0,7.66221107915044,33410.7214426132,1.6251345659839,156.91008322478,150.415336608887,192.0,0.4375,0.435791015625,1,0.112525939941406,ea235e75f771ad52283fc7a9dec6d76f92371796,0b252757d18c79a6a6ca319df6f813e337d41c571b34f1cd538cb138a0153cc0
1860,203,cmaes-seed42-20260805,16,cmaes,42,bf16,cached_decode,headline,256,256,1,9,0,6.14963402040303,41628.4935250866,1.44170587998815,176.873801750809,150.415336608887,192.0,0.4375,0.435791015625,1,0.112525939941406,ea235e75f771ad52283fc7a9dec6d76f92371796,0b252757d18c79a6a6ca319df6f813e337d41c571b34f1cd538cb138a0153cc0
1861,204,cmaes-seed42-20260805,17,cmaes,42,bf16,cached_decode,headline,256,256,1,0,1,,,,,,,,,,,ea235e75f771ad52283fc7a9dec6d76f92371796,0b252757d18c79a6a6ca319df6f813e337d41c571b34f1cd538cb138a0153cc0
1862,204,cmaes-seed42-20260805,17,cmaes,42,bf16,cached_decode,headline,256,256,1,1,1,,,,,,,,,,,ea235e75f771ad52283fc7a9dec6d76f92371796,0b252757d18c79a6a6ca319df6f813e337d41c571b34f1cd538cb138a0153cc0
1863,204,cmaes-seed42-20260805,17,cmaes,42,bf16,cached_decode,headline,256,256,1,0,0,7.84393399953842,32636.6846043152,1.64863515505567,154.673397093361,217.382385253906,288.0,2.0,1.9921875,1,0.100718259811401,ea235e75f771ad52283fc7a9dec6d76f92371796,0b252757d18c79a6a6ca319df6f813e337d41c571b34f1cd538cb138a0153cc0
1864,204,cmaes-seed42-20260805,17,cmaes,42,bf16,cached_decode,headline,256,256,1,1,0,6.62269711028785,38654.9461249442,1.64571827207692,154.947541342047,217.386291503906,288.0,2.0,1.9921875,1,0.100718259811401,ea235e75f771ad52283fc7a9dec6d76f92371796,0b252757d18c79a6a6ca319df6f813e337d41c571b34f1cd538cb138a0153cc0
1865,204,cmaes-seed42-20260805,17,cmaes,42,bf16,cached_decode,headline,256,256,1,2,0,9.61150007788092,26634.7602274006,1.61164721602108,158.223212539998,217.386291503906,288.0,2.0,1.9921875,1,0.100718259811401,ea235e75f771ad52283fc7a9dec6d76f92371796,0b252757d18c79a6a6ca319df6f813e337d41c571b34f1cd538cb138a0153cc0
1866,204,cmaes-seed42-20260805,17,cmaes,42,bf16,cached_decode,headline,256,256,1,3,0,8.4278789581731,30375.37692111,1.93304434500169,131.916270135943,217.386291503906,288.0,2.0,1.9921875,1,0.100718259811401,ea235e75f771ad52283fc7a9dec6d76f92371796,0b252757d18c79a6a6ca319df6f813e337d41c571b34f1cd538cb138a0153cc0
1867,204,cmaes-seed42-20260805,17,cmaes,42,bf16,cached_decode,headline,256,256,1,4,0,11.2120939884335,22832.4878710518,1.68107862898614,151.688324152803,217.386291503906,288.0,2.0,1.9921875,1,0.100718259811401,ea235e75f771ad52283fc7a9dec6d76f92371796,0b252757d18c79a6a6ca319df6f813e337d41c571b34f1cd538cb138a0153cc0
1868,204,cmaes-seed42-20260805,17,cmaes,42,bf16,cached_decode,headline,256,256,1,5,0,7.52982997801155,33998.1116104302,1.65094872599002,154.456644222603,217.386291503906,288.0,2.0,1.9921875,1,0.100718259811401,ea235e75f771ad52283fc7a9dec6d76f92371796,0b252757d18c79a6a6ca319df6f813e337d41c571b34f1cd538cb138a0153cc0
1869,204,cmaes-seed42-20260805,17,cmaes,42,bf16,cached_decode,headline,256,256,1,6,0,8.60851805191487,29737.9872419569,1.67978352401406,151.805275117025,217.386291503906,288.0,2.0,1.9921875,1,0.100718259811401,ea235e75f771ad52283fc7a9dec6d76f92371796,0b252757d18c79a6a6ca319df6f813e337d41c571b34f1cd538cb138a0153cc0
1870,204,cmaes-seed42-20260805,17,cmaes,42,bf16,cached_decode,headline,256,256,1,7,0,6.7473960807547,37940.5620977517,1.72495715692639,147.829758539841,217.386291503906,288.0,2.0,1.9921875,1,0.100718259811401,ea235e75f771ad52283fc7a9dec6d76f92371796,0b252757d18c79a6a6ca319df6f813e337d41c571b34f1cd538cb138a0153cc0
1871,204,cmaes-seed42-20260805,17,cmaes,42,bf16,cached_decode,headline,256,256,1,8,0,11.5572849754244,22150.5310757987,1.67648226290476,152.104203928871,217.386291503906,288.0,2.0,1.9921875,1,0.100718259811401,ea235e75f771ad52283fc7a9dec6d76f92371796,0b252757d18c79a6a6ca319df6f813e337d41c571b34f1cd538cb138a0153cc0
1872,204,cmaes-seed42-20260805,17,cmaes,42,bf16,cached_decode,headline,256,256,1,9,0,6.7937980638817,37681.4261467366,1.6633281679824,153.307089309569,217.386291503906,288.0,2.0,1.9921875,1,0.100718259811401,ea235e75f771ad52283fc7a9dec6d76f92371796,0b252757d18c79a6a6ca319df6f813e337d41c571b34f1cd538cb138a0153cc0
1873,205,cmaes-seed42-20260805,18,cmaes,42,bf16,cached_decode,headline,256,256,1,0,1,,,,,,,,,,,ea235e75f771ad52283fc7a9dec6d76f92371796,0b252757d18c79a6a6ca319df6f813e337d41c571b34f1cd538cb138a0153cc0
1874,205,cmaes-seed42-20260805,18,cmaes,42,bf16,cached_decode,headline,256,256,1,1,1,,,,,,,,,,,ea235e75f771ad52283fc7a9dec6d76f92371796,0b252757d18c79a6a6ca319df6f813e337d41c571b34f1cd538cb138a0153cc0
1875,205,cmaes-seed42-20260805,18,cmaes,42,bf16,cached_decode,headline,256,256,1,0,0,8.70501506142318,29408.3351026559,1.66403308196459,153.242145702381,140.193420410156,192.0,1.0,0.99609375,1,0.116630554199219,ea235e75f771ad52283fc7a9dec6d76f92371796,0b252757d18c79a6a6ca319df6f813e337d41c571b34f1cd538cb138a0153cc0
1876,205,cmaes-seed42-20260805,18,cmaes,42,bf16,cached_decode,headline,256,256,1,1,0,8.07708199135959,31694.6144998719,2.19301277503837,116.278392402679,140.197326660156,192.0,1.0,0.99609375,1,0.116630554199219,ea235e75f771ad52283fc7a9dec6d76f92371796,0b252757d18c79a6a6ca319df6f813e337d41c571b34f1cd538cb138a0153cc0
1877,205,cmaes-seed42-20260805,18,cmaes,42,bf16,cached_decode,headline,256,256,1,2,0,12.3472169507295,20733.4171758337,2.06108731403947,123.721105002695,140.197326660156,192.0,1.0,0.99609375,1,0.116630554199219,ea235e75f771ad52283fc7a9dec6d76f92371796,0b252757d18c79a6a6ca319df6f813e337d41c571b34f1cd538cb138a0153cc0
1878,205,cmaes-seed42-20260805,18,cmaes,42,bf16,cached_decode,headline,256,256,1,3,0,9.36602696310729,27332.8275701514,2.04122360993642,124.92506884532,140.197326660156,192.0,1.0,0.99609375,1,0.116630554199219,ea235e75f771ad52283fc7a9dec6d76f92371796,0b252757d18c79a6a6ca319df6f813e337d41c571b34f1cd538cb138a0153cc0
1879,205,cmaes-seed42-20260805,18,cmaes,42,bf16,cached_decode,headline,256,256,1,4,0,10.5728500057012,24212.9605415718,1.92830709100235,132.240347603269,140.197326660156,192.0,1.0,0.99609375,1,0.116630554199219,ea235e75f771ad52283fc7a9dec6d76f92371796,0b252757d18c79a6a6ca319df6f813e337d41c571b34f1cd538cb138a0153cc0
1880,205,cmaes-seed42-20260805,18,cmaes,42,bf16,cached_decode,headline,256,256,1,5,0,9.44204605184495,27112.7675711747,1.61639791098423,157.758184582613,140.197326660156,192.0,1.0,0.99609375,1,0.116630554199219,ea235e75f771ad52283fc7a9dec6d76f92371796,0b252757d18c79a6a6ca319df6f813e337d41c571b34f1cd538cb138a0153cc0
1881,205,cmaes-seed42-20260805,18,cmaes,42,bf16,cached_decode,headline,256,256,1,6,0,9.62948892265558,26585.0038414501,1.76824501098599,144.210784374168,140.197326660156,192.0,1.0,0.99609375,1,0.116630554199219,ea235e75f771ad52283fc7a9dec6d76f92371796,0b252757d18c79a6a6ca319df6f813e337d41c571b34f1cd538cb138a0153cc0
1882,205,cmaes-seed42-20260805,18,cmaes,42,bf16,cached_decode,headline,256,256,1,7,0,7.77800299692899,32913.3326512059,1.94955601601396,130.799011623872,140.197326660156,192.0,1.0,0.99609375,1,0.116630554199219,ea235e75f771ad52283fc7a9dec6d76f92371796,0b252757d18c79a6a6ca319df6f813e337d41c571b34f1cd538cb138a0153cc0
1883,205,cmaes-seed42-20260805,18,cmaes,42,bf16,cached_decode,headline,256,256,1,8,0,10.2066789986566,25081.6156786841,1.95671150903217,130.320693072495,140.197326660156,192.0,1.0,0.99609375,1,0.116630554199219,ea235e75f771ad52283fc7a9dec6d76f92371796,0b252757d18c79a6a6ca319df6f813e337d41c571b34f1cd538cb138a0153cc0
1884,205,cmaes-seed42-20260805,18,cmaes,42,bf16,cached_decode,headline,256,256,1,9,0,7.68720603082329,33302.0864763505,1.87572302401531,135.947576873118,140.197326660156,192.0,1.0,0.99609375,1,0.116630554199219,ea235e75f771ad52283fc7a9dec6d76f92371796,0b252757d18c79a6a6ca319df6f813e337d41c571b34f1cd538cb138a0153cc0
1885,206,cmaes-seed42-20260805,19,cmaes,42,bf16,cached_decode,headline,256,256,1,0,1,,,,,,,,,,,ea235e75f771ad52283fc7a9dec6d76f92371796,0b252757d18c79a6a6ca319df6f813e337d41c571b34f1cd538cb138a0153cc0
1886,206,cmaes-seed42-20260805,19,cmaes,42,bf16,cached_decode,headline,256,256,1,1,1,,,,,,,,,,,ea235e75f771ad52283fc7a9dec6d76f92371796,0b252757d18c79a6a6ca319df6f813e337d41c571b34f1cd538cb138a0153cc0
1887,206,cmaes-seed42-20260805,19,cmaes,42,bf16,cached_decode,headline,256,256,1,0,0,19.7706640465185,12948.4775725113,1.45516227406915,175.238187894281,150.411430358887,192.0,0.4375,0.435791015625,1,0.224452972412109,ea235e75f771ad52283fc7a9dec6d76f92371796,0b252757d18c79a6a6ca319df6f813e337d41c571b34f1cd538cb138a0153cc0
1888,206,cmaes-seed42-20260805,19,cmaes,42,bf16,cached_decode,headline,256,256,1,1,0,6.3114749500528,40561.0419158613,1.43716865195893,177.432203000269,150.415336608887,192.0,0.4375,0.435791015625,1,0.224452972412109,ea235e75f771ad52283fc7a9dec6d76f92371796,0b252757d18c79a6a6ca319df6f813e337d41c571b34f1cd538cb138a0153cc0
1889,206,cmaes-seed42-20260805,19,cmaes,42,bf16,cached_decode,headline,256,256,1,2,0,7.46043096296489,34314.3715518361,1.67353922803886,152.371689726581,150.415336608887,192.0,0.4375,0.435791015625,1,0.224452972412109,ea235e75f771ad52283fc7a9dec6d76f92371796,0b252757d18c79a6a6ca319df6f813e337d41c571b34f1cd538cb138a0153cc0
1890,206,cmaes-seed42-20260805,19,cmaes,42,bf16,cached_decode,headline,256,256,1,3,0,7.03983707353473,36364.4779454337,1.65842852205969,153.76001835961,150.415336608887,192.0,0.4375,0.435791015625,1,0.224452972412109,ea235e75f771ad52283fc7a9dec6d76f92371796,0b252757d18c79a6a6ca319df6f813e337d41c571b34f1cd538cb138a0153cc0
1891,206,cmaes-seed42-20260805,19,cmaes,42,bf16,cached_decode,headline,256,256,1,4,0,6.98194198776037,36666.0164820588,1.43485251395032,177.718613948659,150.415336608887,192.0,0.4375,0.435791015625,1,0.224452972412109,ea235e75f771ad52283fc7a9dec6d76f92371796,0b252757d18c79a6a6ca319df6f813e337d41c571b34f1cd538cb138a0153cc0
1892,206,cmaes-seed42-20260805,19,cmaes,42,bf16,cached_decode,headline,256,256,1,5,0,10.7552680419758,23802.2891666558,1.4631535540102,174.28109257644,150.415336608887,192.0,0.4375,0.435791015625,1,0.224452972412109,ea235e75f771ad52283fc7a9dec6d76f92371796,0b252757d18c79a6a6ca319df6f813e337d41c571b34f1cd538cb138a0153cc0
1893,206,cmaes-seed42-20260805,19,cmaes,42,bf16,cached_decode,headline,256,256,1,6,0,13.7417629593983,18629.3418651146,1.44623550702818,176.3198308718,150.415336608887,192.0,0.4375,0.435791015625,1,0.224452972412109,ea235e75f771ad52283fc7a9dec6d76f92371796,0b252757d18c79a6a6ca319df6f813e337d41c571b34f1cd538cb138a0153cc0
1894,206,cmaes-seed42-20260805,19,cmaes,42,bf16,cached_decode,headline,256,256,1,7,0,6.79223204497248,37690.1139868282,1.44517633097712,176.449056446689,150.415336608887,192.0,0.4375,0.435791015625,1,0.224452972412109,ea235e75f771ad52283fc7a9dec6d76f92371796,0b252757d18c79a6a6ca319df6f813e337d41c571b34f1cd538cb138a0153cc0
1895,206,cmaes-seed42-20260805,19,cmaes,42,bf16,cached_decode,headline,256,256,1,8,0,8.57190601527691,29865.0031327636,1.43554931995459,177.632350526324,150.415336608887,192.0,0.4375,0.435791015625,1,0.224452972412109,ea235e75f771ad52283fc7a9dec6d76f92371796,0b252757d18c79a6a6ca319df6f813e337d41c571b34f1cd538cb138a0153cc0
1896,206,cmaes-seed42-20260805,19,cmaes,42,bf16,cached_decode,headline,256,256,1,9,0,14.9403220275417,17134.8381599859,1.47974338999484,172.327176268643,150.415336608887,192.0,0.4375,0.435791015625,1,0.224452972412109,ea235e75f771ad52283fc7a9dec6d76f92371796,0b252757d18c79a6a6ca319df6f813e337d41c571b34f1cd538cb138a0153cc0
1897,207,cmaes-seed42-20260805,20,cmaes,42,bf16,cached_decode,headline,256,256,1,0,1,,,,,,,,,,,ea235e75f771ad52283fc7a9dec6d76f92371796,0b252757d18c79a6a6ca319df6f813e337d41c571b34f1cd538cb138a0153cc0
1898,207,cmaes-seed42-20260805,20,cmaes,42,bf16,cached_decode,headline,256,256,1,1,1,,,,,,,,,,,ea235e75f771ad52283fc7a9dec6d76f92371796,0b252757d18c79a6a6ca319df6f813e337d41c571b34f1cd538cb138a0153cc0
1899,207,cmaes-seed42-20260805,20,cmaes,42,bf16,cached_decode,headline,256,256,1,0,0,8.79512098617852,29107.0470096207,1.92364789301064,132.560642166643,219.880920410156,288.0,2.0,1.9921875,1,0.0871479511260986,ea235e75f771ad52283fc7a9dec6d76f92371796,0b252757d18c79a6a6ca319df6f813e337d41c571b34f1cd538cb138a0153cc0
1900,207,cmaes-seed42-20260805,20,cmaes,42,bf16,cached_decode,headline,256,256,1,1,0,12.6317370450124,20266.4130109549,1.64595893688966,154.924885600044,219.884826660156,288.0,2.0,1.9921875,1,0.0871479511260986,ea235e75f771ad52283fc7a9dec6d76f92371796,0b252757d18c79a6a6ca319df6f813e337d41c571b34f1cd538cb138a0153cc0
1901,207,cmaes-seed42-20260805,20,cmaes,42,bf16,cached_decode,headline,256,256,1,2,0,8.95004998892546,28603.1921963304,1.70740355795715,149.349577498303,219.884826660156,288.0,2.0,1.9921875,1,0.0871479511260986,ea235e75f771ad52283fc7a9dec6d76f92371796,0b252757d18c79a6a6ca319df6f813e337d41c571b34f1cd538cb138a0153cc0
1902,207,cmaes-seed42-20260805,20,cmaes,42,bf16,cached_decode,headline,256,256,1,3,0,9.0933881001547,28152.3231143786,1.93395574798342,131.854102797282,219.884826660156,288.0,2.0,1.9921875,1,0.0871479511260986,ea235e75f771ad52283fc7a9dec6d76f92371796,0b252757d18c79a6a6ca319df6f813e337d41c571b34f1cd538cb138a0153cc0
1903,207,cmaes-seed42-20260805,20,cmaes,42,bf16,cached_decode,headline,256,256,1,4,0,10.2609049063176,24949.0666113066,1.93309474096168,131.912831066491,219.884826660156,288.0,2.0,1.9921875,1,0.0871479511260986,ea235e75f771ad52283fc7a9dec6d76f92371796,0b252757d18c79a6a6ca319df6f813e337d41c571b34f1cd538cb138a0153cc0
1904,207,cmaes-seed42-20260805,20,cmaes,42,bf16,cached_decode,headline,256,256,1,5,0,7.78449396602809,32885.8884234732,1.64494766807184,155.020129180708,219.884826660156,288.0,2.0,1.9921875,1,0.0871479511260986,ea235e75f771ad52283fc7a9dec6d76f92371796,0b252757d18c79a6a6ca319df6f813e337d41c571b34f1cd538cb138a0153cc0
1905,207,cmaes-seed42-20260805,20,cmaes,42,bf16,cached_decode,headline,256,256,1,6,0,9.62881010491401,26586.8780473043,1.63408067810815,156.051046570862,219.884826660156,288.0,2.0,1.9921875,1,0.0871479511260986,ea235e75f771ad52283fc7a9dec6d76f92371796,0b252757d18c79a6a6ca319df6f813e337d41c571b34f1cd538cb138a0153cc0
1906,207,cmaes-seed42-20260805,20,cmaes,42,bf16,cached_decode,headline,256,256,1,7,0,12.6900629838929,20173.2647288618,1.6261438659858,156.812693719085,219.884826660156,288.0,2.0,1.9921875,1,0.0871479511260986,ea235e75f771ad52283fc7a9dec6d76f92371796,0b252757d18c79a6a6ca319df6f813e337d41c571b34f1cd538cb138a0153cc0
1907,207,cmaes-seed42-20260805,20,cmaes,42,bf16,cached_decode,headline,256,256,1,8,0,11.2663808977231,22722.4698262896,1.63701750000473,155.771089801583,219.884826660156,288.0,2.0,1.9921875,1,0.0871479511260986,ea235e75f771ad52283fc7a9dec6d76f92371796,0b252757d18c79a6a6ca319df6f813e337d41c571b34f1cd538cb138a0153cc0
1908,207,cmaes-seed42-20260805,20,cmaes,42,bf16,cached_decode,headline,256,256,1,9,0,6.83684996329248,37444.1447997955,1.6488865549909,154.649814584368,219.884826660156,288.0,2.0,1.9921875,1,0.0871479511260986,ea235e75f771ad52283fc7a9dec6d76f92371796,0b252757d18c79a6a6ca319df6f813e337d41c571b34f1cd538cb138a0153cc0
1909,208,cmaes-seed42-20260805,21,cmaes,42,bf16,cached_decode,headline,256,256,1,0,1,,,,,,,,,,,ea235e75f771ad52283fc7a9dec6d76f92371796,0b252757d18c79a6a6ca319df6f813e337d41c571b34f1cd538cb138a0153cc0
1910,208,cmaes-seed42-20260805,21,cmaes,42,bf16,cached_decode,headline,256,256,1,1,1,,,,,,,,,,,ea235e75f771ad52283fc7a9dec6d76f92371796,0b252757d18c79a6a6ca319df6f813e337d41c571b34f1cd538cb138a0153cc0
1911,208,cmaes-seed42-20260805,21,cmaes,42,bf16,cached_decode,headline,256,256,1,0,0,12.0502799982205,21244.3196372038,1.48098370002117,172.182853866896,203.130912780762,256.0,1.75,1.7431640625,1,0.094853401184082,ea235e75f771ad52283fc7a9dec6d76f92371796,0b252757d18c79a6a6ca319df6f813e337d41c571b34f1cd538cb138a0153cc0
1912,208,cmaes-seed42-20260805,21,cmaes,42,bf16,cached_decode,headline,256,256,1,1,0,6.2895369483158,40702.5194547194,1.46316110796761,174.280192804062,203.134819030762,256.0,1.75,1.7431640625,1,0.094853401184082,ea235e75f771ad52283fc7a9dec6d76f92371796,0b252757d18c79a6a6ca319df6f813e337d41c571b34f1cd538cb138a0153cc0
1913,208,cmaes-seed42-20260805,21,cmaes,42,bf16,cached_decode,headline,256,256,1,2,0,7.52178498078138,34034.4746166097,1.45165032497607,175.66213819723,203.134819030762,256.0,1.75,1.7431640625,1,0.094853401184082,ea235e75f771ad52283fc7a9dec6d76f92371796,0b252757d18c79a6a6ca319df6f813e337d41c571b34f1cd538cb138a0153cc0
1914,208,cmaes-seed42-20260805,21,cmaes,42,bf16,cached_decode,headline,256,256,1,3,0,8.31562094390392,30785.4340315584,1.4751322499942,172.865856604384,203.134819030762,256.0,1.75,1.7431640625,1,0.094853401184082,ea235e75f771ad52283fc7a9dec6d76f92371796,0b252757d18c79a6a6ca319df6f813e337d41c571b34f1cd538cb138a0153cc0
1915,208,cmaes-seed42-20260805,21,cmaes,42,bf16,cached_decode,headline,256,256,1,4,0,5.92533499002457,43204.3083523517,1.44683580694254,176.246674830965,203.134819030762,256.0,1.75,1.7431640625,1,0.094853401184082,ea235e75f771ad52283fc7a9dec6d76f92371796,0b252757d18c79a6a6ca319df6f813e337d41c571b34f1cd538cb138a0153cc0
1916,208,cmaes-seed42-20260805,21,cmaes,42,bf16,cached_decode,headline,256,256,1,5,0,6.76709006074816,37830.1452621272,1.44858988595661,176.033259980692,203.134819030762,256.0,1.75,1.7431640625,1,0.094853401184082,ea235e75f771ad52283fc7a9dec6d76f92371796,0b252757d18c79a6a6ca319df6f813e337d41c571b34f1cd538cb138a0153cc0
1917,208,cmaes-seed42-20260805,21,cmaes,42,bf16,cached_decode,headline,256,256,1,6,0,8.81595292594284,29038.2675758924,1.45395426009782,175.383784069552,203.134819030762,256.0,1.75,1.7431640625,1,0.094853401184082,ea235e75f771ad52283fc7a9dec6d76f92371796,0b252757d18c79a6a6ca319df6f813e337d41c571b34f1cd538cb138a0153cc0
1918,208,cmaes-seed42-20260805,21,cmaes,42,bf16,cached_decode,headline,256,256,1,7,0,7.62378796935081,33579.1080535257,1.75216330995318,145.53437944481,203.134819030762,256.0,1.75,1.7431640625,1,0.094853401184082,ea235e75f771ad52283fc7a9dec6d76f92371796,0b252757d18c79a6a6ca319df6f813e337d41c571b34f1cd538cb138a0153cc0
1919,208,cmaes-seed42-20260805,21,cmaes,42,bf16,cached_decode,headline,256,256,1,8,0,7.82769196666777,32704.4039405371,1.75359045993537,145.415937087955,203.134819030762,256.0,1.75,1.7431640625,1,0.094853401184082,ea235e75f771ad52283fc7a9dec6d76f92371796,0b252757d18c79a6a6ca319df6f813e337d41c571b34f1cd538cb138a0153cc0
1920,208,cmaes-seed42-20260805,21,cmaes,42,bf16,cached_decode,headline,256,256,1,9,0,7.76578206568956,32965.1280237502,1.71451373491436,148.7302170914,203.134819030762,256.0,1.75,1.7431640625,1,0.094853401184082,ea235e75f771ad52283fc7a9dec6d76f92371796,0b252757d18c79a6a6ca319df6f813e337d41c571b34f1cd538cb138a0153cc0
1921,209,cmaes-seed42-20260805,22,cmaes,42,bf16,cached_decode,headline,256,256,1,0,1,,,,,,,,,,,ea235e75f771ad52283fc7a9dec6d76f92371796,0b252757d18c79a6a6ca319df6f813e337d41c571b34f1cd538cb138a0153cc0
1922,209,cmaes-seed42-20260805,22,cmaes,42,bf16,cached_decode,headline,256,256,1,1,1,,,,,,,,,,,ea235e75f771ad52283fc7a9dec6d76f92371796,0b252757d18c79a6a6ca319df6f813e337d41c571b34f1cd538cb138a0153cc0
1923,209,cmaes-seed42-20260805,22,cmaes,42,bf16,cached_decode,headline,256,256,1,0,0,9.54477791674435,26820.9488196578,1.26535648503341,201.524236858254,119.94303894043,160.0,0.75,0.7470703125,1,0.102892398834229,ea235e75f771ad52283fc7a9dec6d76f92371796,0b252757d18c79a6a6ca319df6f813e337d41c571b34f1cd538cb138a0153cc0
1924,209,cmaes-seed42-20260805,22,cmaes,42,bf16,cached_decode,headline,256,256,1,1,0,5.3741509327665,47635.4317552106,1.23751455196179,206.058182989247,119.94694519043,160.0,0.75,0.7470703125,1,0.102892398834229,ea235e75f771ad52283fc7a9dec6d76f92371796,0b252757d18c79a6a6ca319df6f813e337d41c571b34f1cd538cb138a0153cc0
1925,209,cmaes-seed42-20260805,22,cmaes,42,bf16,cached_decode,headline,256,256,1,2,0,9.38245409633964,27284.9722867147,1.27789214299992,199.54735726082,119.94694519043,160.0,0.75,0.7470703125,1,0.102892398834229,ea235e75f771ad52283fc7a9dec6d76f92371796,0b252757d18c79a6a6ca319df6f813e337d41c571b34f1cd538cb138a0153cc0
1926,209,cmaes-seed42-20260805,22,cmaes,42,bf16,cached_decode,headline,256,256,1,3,0,5.25143695995212,48748.5619559516,1.22681455593556,207.855375342803,119.94694519043,160.0,0.75,0.7470703125,1,0.102892398834229,ea235e75f771ad52283fc7a9dec6d76f92371796,0b252757d18c79a6a6ca319df6f813e337d41c571b34f1cd538cb138a0153cc0
1927,209,cmaes-seed42-20260805,22,cmaes,42,bf16,cached_decode,headline,256,256,1,4,0,6.58079492859542,38901.0754441849,1.23637711792253,206.247751032851,119.94694519043,160.0,0.75,0.7470703125,1,0.102892398834229,ea235e75f771ad52283fc7a9dec6d76f92371796,0b252757d18c79a6a6ca319df6f813e337d41c571b34f1cd538cb138a0153cc0
1928,209,cmaes-seed42-20260805,22,cmaes,42,bf16,cached_decode,headline,256,256,1,5,0,10.5323860188946,24305.9834249094,1.2445214909967,204.898028555359,119.94694519043,160.0,0.75,0.7470703125,1,0.102892398834229,ea235e75f771ad52283fc7a9dec6d76f92371796,0b252757d18c79a6a6ca319df6f813e337d41c571b34f1cd538cb138a0153cc0
1929,209,cmaes-seed42-20260805,22,cmaes,42,bf16,cached_decode,headline,256,256,1,6,0,5.84138510748744,43825.2221501132,1.22699154505972,207.825392951334,119.94694519043,160.0,0.75,0.7470703125,1,0.102892398834229,ea235e75f771ad52283fc7a9dec6d76f92371796,0b252757d18c79a6a6ca319df6f813e337d41c571b34f1cd538cb138a0153cc0
1930,209,cmaes-seed42-20260805,22,cmaes,42,bf16,cached_decode,headline,256,256,1,7,0,9.85256105195731,25983.0919747656,1.26427885901649,201.696008899786,119.94694519043,160.0,0.75,0.7470703125,1,0.102892398834229,ea235e75f771ad52283fc7a9dec6d76f92371796,0b252757d18c79a6a6ca319df6f813e337d41c571b34f1cd538cb138a0153cc0
1931,209,cmaes-seed42-20260805,22,cmaes,42,bf16,cached_decode,headline,256,256,1,8,0,5.16900501679629,49525.9724392117,1.22951882495545,207.398207188279,119.94694519043,160.0,0.75,0.7470703125,1,0.102892398834229,ea235e75f771ad52283fc7a9dec6d76f92371796,0b252757d18c79a6a6ca319df6f813e337d41c571b34f1cd538cb138a0153cc0
1932,209,cmaes-seed42-20260805,22,cmaes,42,bf16,cached_decode,headline,256,256,1,9,0,8.42882401775569,30371.9711623739,1.27050561597571,200.707495341662,119.94694519043,160.0,0.75,0.7470703125,1,0.102892398834229,ea235e75f771ad52283fc7a9dec6d76f92371796,0b252757d18c79a6a6ca319df6f813e337d41c571b34f1cd538cb138a0153cc0
1933,210,cmaes-seed42-20260805,23,cmaes,42,bf16,cached_decode,headline,256,256,1,0,1,,,,,,,,,,,ea235e75f771ad52283fc7a9dec6d76f92371796,0b252757d18c79a6a6ca319df6f813e337d41c571b34f1cd538cb138a0153cc0
1934,210,cmaes-seed42-20260805,23,cmaes,42,bf16,cached_decode,headline,256,256,1,1,1,,,,,,,,,,,ea235e75f771ad52283fc7a9dec6d76f92371796,0b252757d18c79a6a6ca319df6f813e337d41c571b34f1cd538cb138a0153cc0
1935,210,cmaes-seed42-20260805,23,cmaes,42,bf16,cached_decode,headline,256,256,1,0,0,6.90656097140163,37066.20430342,1.47174697206356,173.26347860085,125.006088256836,160.0,1.125,1.12060546875,1,0.13463830947876,ea235e75f771ad52283fc7a9dec6d76f92371796,0b252757d18c79a6a6ca319df6f813e337d41c571b34f1cd538cb138a0153cc0
1936,210,cmaes-seed42-20260805,23,cmaes,42,bf16,cached_decode,headline,256,256,1,1,0,19.267322961241,13286.7446357224,1.52595314895734,167.108669210609,125.009994506836,160.0,1.125,1.12060546875,1,0.13463830947876,ea235e75f771ad52283fc7a9dec6d76f92371796,0b252757d18c79a6a6ca319df6f813e337d41c571b34f1cd538cb138a0153cc0
1937,210,cmaes-seed42-20260805,23,cmaes,42,bf16,cached_decode,headline,256,256,1,2,0,6.21184101328254,41211.6149548266,1.49090433097444,171.037131425686,125.009994506836,160.0,1.125,1.12060546875,1,0.13463830947876,ea235e75f771ad52283fc7a9dec6d76f92371796,0b252757d18c79a6a6ca319df6f813e337d41c571b34f1cd538cb138a0153cc0
1938,210,cmaes-seed42-20260805,23,cmaes,42,bf16,cached_decode,headline,256,256,1,3,0,6.02937594521791,42458.7888242467,1.26905997900758,200.936129275319,125.009994506836,160.0,1.125,1.12060546875,1,0.13463830947876,ea235e75f771ad52283fc7a9dec6d76f92371796,0b252757d18c79a6a6ca319df6f813e337d41c571b34f1cd538cb138a0153cc0
1939,210,cmaes-seed42-20260805,23,cmaes,42,bf16,cached_decode,headline,256,256,1,4,0,5.02640497870743,50931.0334293501,1.25536151998676,203.128736973465,125.009994506836,160.0,1.125,1.12060546875,1,0.13463830947876,ea235e75f771ad52283fc7a9dec6d76f92371796,0b252757d18c79a6a6ca319df6f813e337d41c571b34f1cd538cb138a0153cc0
1940,210,cmaes-seed42-20260805,23,cmaes,42,bf16,cached_decode,headline,256,256,1,5,0,5.3021979983896,48281.8634984497,1.25907339388505,202.529893204368,125.009994506836,160.0,1.125,1.12060546875,1,0.13463830947876,ea235e75f771ad52283fc7a9dec6d76f92371796,0b252757d18c79a6a6ca319df6f813e337d41c571b34f1cd538cb138a0153cc0
1941,210,cmaes-seed42-20260805,23,cmaes,42,bf16,cached_decode,headline,256,256,1,6,0,5.84244099445641,43817.3017481743,1.25672403199133,202.908509353436,125.009994506836,160.0,1.125,1.12060546875,1,0.13463830947876,ea235e75f771ad52283fc7a9dec6d76f92371796,0b252757d18c79a6a6ca319df6f813e337d41c571b34f1cd538cb138a0153cc0
1942,210,cmaes-seed42-20260805,23,cmaes,42,bf16,cached_decode,headline,256,256,1,7,0,9.53593594022095,26845.8179254577,1.23167370492592,207.03535277254,125.009994506836,160.0,1.125,1.12060546875,1,0.13463830947876,ea235e75f771ad52283fc7a9dec6d76f92371796,0b252757d18c79a6a6ca319df6f813e337d41c571b34f1cd538cb138a0153cc0
1943,210,cmaes-seed42-20260805,23,cmaes,42,bf16,cached_decode,headline,256,256,1,8,0,5.07976091466844,50396.0726302626,1.24267477507237,205.202523713535,125.009994506836,160.0,1.125,1.12060546875,1,0.13463830947876,ea235e75f771ad52283fc7a9dec6d76f92371796,0b252757d18c79a6a6ca319df6f813e337d41c571b34f1cd538cb138a0153cc0
1944,210,cmaes-seed42-20260805,23,cmaes,42,bf16,cached_decode,headline,256,256,1,9,0,5.29481295961887,48349.2055248024,1.23307744704653,206.79966259279,125.009994506836,160.0,1.125,1.12060546875,1,0.13463830947876,ea235e75f771ad52283fc7a9dec6d76f92371796,0b252757d18c79a6a6ca319df6f813e337d41c571b34f1cd538cb138a0153cc0
1945,211,cmaes-seed42-20260805,24,cmaes,42,bf16,cached_decode,headline,256,256,1,0,1,,,,,,,,,,,ea235e75f771ad52283fc7a9dec6d76f92371796,0b252757d18c79a6a6ca319df6f813e337d41c571b34f1cd538cb138a0153cc0
1946,211,cmaes-seed42-20260805,24,cmaes,42,bf16,cached_decode,headline,256,256,1,1,1,,,,,,,,,,,ea235e75f771ad52283fc7a9dec6d76f92371796,0b252757d18c79a6a6ca319df6f813e337d41c571b34f1cd538cb138a0153cc0
1947,211,cmaes-seed42-20260805,24,cmaes,42,bf16,cached_decode,headline,256,256,1,0,0,9.39362891949713,27252.5136125671,1.85020676301792,137.822434279757,219.880920410156,288.0,2.0,1.9921875,1,0.0929017066955566,ea235e75f771ad52283fc7a9dec6d76f92371796,0b252757d18c79a6a6ca319df6f813e337d41c571b34f1cd538cb138a0153cc0
1948,211,cmaes-seed42-20260805,24,cmaes,42,bf16,cached_decode,headline,256,256,1,1,0,6.72452396247536,38069.6093029854,1.64286749297753,155.216413429569,219.884826660156,288.0,2.0,1.9921875,1,0.0929017066955566,ea235e75f771ad52283fc7a9dec6d76f92371796,0b252757d18c79a6a6ca319df6f813e337d41c571b34f1cd538cb138a0153cc0
1949,211,cmaes-seed42-20260805,24,cmaes,42,bf16,cached_decode,headline,256,256,1,2,0,8.54986801277846,29941.9826852751,1.63336830097251,156.119106663312,219.884826660156,288.0,2.0,1.9921875,1,0.0929017066955566,ea235e75f771ad52283fc7a9dec6d76f92371796,0b252757d18c79a6a6ca319df6f813e337d41c571b34f1cd538cb138a0153cc0
1950,211,cmaes-seed42-20260805,24,cmaes,42,bf16,cached_decode,headline,256,256,1,3,0,8.16970993764699,31335.2618335104,1.64564669702668,154.954280563823,219.884826660156,288.0,2.0,1.9921875,1,0.0929017066955566,ea235e75f771ad52283fc7a9dec6d76f92371796,0b252757d18c79a6a6ca319df6f813e337d41c571b34f1cd538cb138a0153cc0
1951,211,cmaes-seed42-20260805,24,cmaes,42,bf16,cached_decode,headline,256,256,1,4,0,7.26013991516083,35261.0284362996,1.63040307001211,156.403042100569,219.884826660156,288.0,2.0,1.9921875,1,0.0929017066955566,ea235e75f771ad52283fc7a9dec6d76f92371796,0b252757d18c79a6a6ca319df6f813e337d41c571b34f1cd538cb138a0153cc0
1952,211,cmaes-seed42-20260805,24,cmaes,42,bf16,cached_decode,headline,256,256,1,5,0,6.78293302189559,37741.7850321714,1.65649080602452,153.939882474799,219.884826660156,288.0,2.0,1.9921875,1,0.0929017066955566,ea235e75f771ad52283fc7a9dec6d76f92371796,0b252757d18c79a6a6ca319df6f813e337d41c571b34f1cd538cb138a0153cc0
1953,211,cmaes-seed42-20260805,24,cmaes,42,bf16,cached_decode,headline,256,256,1,6,0,6.62195694167167,38659.2667779224,1.63449384598061,156.011599937847,219.884826660156,288.0,2.0,1.9921875,1,0.0929017066955566,ea235e75f771ad52283fc7a9dec6d76f92371796,0b252757d18c79a6a6ca319df6f813e337d41c571b34f1cd538cb138a0153cc0
1954,211,cmaes-seed42-20260805,24,cmaes,42,bf16,cached_decode,headline,256,256,1,7,0,10.531457955949,24308.1253394162,1.66263265302405,153.371220958639,219.884826660156,288.0,2.0,1.9921875,1,0.0929017066955566,ea235e75f771ad52283fc7a9dec6d76f92371796,0b252757d18c79a6a6ca319df6f813e337d41c571b34f1cd538cb138a0153cc0
1955,211,cmaes-seed42-20260805,24,cmaes,42,bf16,cached_decode,headline,256,256,1,8,0,7.01707508414984,36482.4370453514,1.65880220406689,153.725380503363,219.884826660156,288.0,2.0,1.9921875,1,0.0929017066955566,ea235e75f771ad52283fc7a9dec6d76f92371796,0b252757d18c79a6a6ca319df6f813e337d41c571b34f1cd538cb138a0153cc0
1956,211,cmaes-seed42-20260805,24,cmaes,42,bf16,cached_decode,headline,256,256,1,9,0,9.61789791472256,26617.0427540231,1.65370585303754,154.199127693486,219.884826660156,288.0,2.0,1.9921875,1,0.0929017066955566,ea235e75f771ad52283fc7a9dec6d76f92371796,0b252757d18c79a6a6ca319df6f813e337d41c571b34f1cd538cb138a0153cc0
1957,212,cmaes-seed42-20260805,25,cmaes,42,bf16,cached_decode,headline,256,256,1,0,1,,,,,,,,,,,ea235e75f771ad52283fc7a9dec6d76f92371796,0b252757d18c79a6a6ca319df6f813e337d41c571b34f1cd538cb138a0153cc0
1958,212,cmaes-seed42-20260805,25,cmaes,42,bf16,cached_decode,headline,256,256,1,1,1,,,,,,,,,,,ea235e75f771ad52283fc7a9dec6d76f92371796,0b252757d18c79a6a6ca319df6f813e337d41c571b34f1cd538cb138a0153cc0
1959,212,cmaes-seed42-20260805,25,cmaes,42,bf16,cached_decode,headline,256,256,1,0,0,7.51533196307719,34063.6982182194,1.60113633901346,159.261890312925,150.411430358887,192.0,0.4375,0.435791015625,1,0.137489318847656,ea235e75f771ad52283fc7a9dec6d76f92371796,0b252757d18c79a6a6ca319df6f813e337d41c571b34f1cd538cb138a0153cc0
1960,212,cmaes-seed42-20260805,25,cmaes,42,bf16,cached_decode,headline,256,256,1,1,0,6.05617300607264,42270.9192328726,1.39498042501509,182.798263995168,150.415336608887,192.0,0.4375,0.435791015625,1,0.137489318847656,ea235e75f771ad52283fc7a9dec6d76f92371796,0b252757d18c79a6a6ca319df6f813e337d41c571b34f1cd538cb138a0153cc0
1961,212,cmaes-seed42-20260805,25,cmaes,42,bf16,cached_decode,headline,256,256,1,2,0,5.86608902085572,43640.6605985423,1.44496171805076,176.475263541232,150.415336608887,192.0,0.4375,0.435791015625,1,0.137489318847656,ea235e75f771ad52283fc7a9dec6d76f92371796,0b252757d18c79a6a6ca319df6f813e337d41c571b34f1cd538cb138a0153cc0
1962,212,cmaes-seed42-20260805,25,cmaes,42,bf16,cached_decode,headline,256,256,1,3,0,7.6366140274331,33522.7103373783,1.42076908808667,179.48025624868,150.415336608887,192.0,0.4375,0.435791015625,1,0.137489318847656,ea235e75f771ad52283fc7a9dec6d76f92371796,0b252757d18c79a6a6ca319df6f813e337d41c571b34f1cd538cb138a0153cc0
1963,212,cmaes-seed42-20260805,25,cmaes,42,bf16,cached_decode,headline,256,256,1,4,0,5.85068797226995,43755.5380176388,1.44664424401708,176.270013207884,150.415336608887,192.0,0.4375,0.435791015625,1,0.137489318847656,ea235e75f771ad52283fc7a9dec6d76f92371796,0b252757d18c79a6a6ca319df6f813e337d41c571b34f1cd538cb138a0153cc0
1964,212,cmaes-seed42-20260805,25,cmaes,42,bf16,cached_decode,headline,256,256,1,5,0,6.0572219081223,42263.5993666869,1.44405879301485,176.585608033051,150.415336608887,192.0,0.4375,0.435791015625,1,0.137489318847656,ea235e75f771ad52283fc7a9dec6d76f92371796,0b252757d18c79a6a6ca319df6f813e337d41c571b34f1cd538cb138a0153cc0
1965,212,cmaes-seed42-20260805,25,cmaes,42,bf16,cached_decode,headline,256,256,1,6,0,6.72326004132628,38076.7660965705,1.45959743403364,174.705705870762,150.415336608887,192.0,0.4375,0.435791015625,1,0.137489318847656,ea235e75f771ad52283fc7a9dec6d76f92371796,0b252757d18c79a6a6ca319df6f813e337d41c571b34f1cd538cb138a0153cc0
1966,212,cmaes-seed42-20260805,25,cmaes,42,bf16,cached_decode,headline,256,256,1,7,0,7.81198695767671,32770.1519967891,1.42768415203318,178.610934103914,150.415336608887,192.0,0.4375,0.435791015625,1,0.137489318847656,ea235e75f771ad52283fc7a9dec6d76f92371796,0b252757d18c79a6a6ca319df6f813e337d41c571b34f1cd538cb138a0153cc0
1967,212,cmaes-seed42-20260805,25,cmaes,42,bf16,cached_decode,headline,256,256,1,8,0,5.76847395859659,44379.155013518,1.42909691506065,178.43436460653,150.415336608887,192.0,0.4375,0.435791015625,1,0.137489318847656,ea235e75f771ad52283fc7a9dec6d76f92371796,0b252757d18c79a6a6ca319df6f813e337d41c571b34f1cd538cb138a0153cc0
1968,212,cmaes-seed42-20260805,25,cmaes,42,bf16,cached_decode,headline,256,256,1,9,0,6.18670601397753,41379.0471733461,1.42684977699537,178.715379930867,150.415336608887,192.0,0.4375,0.435791015625,1,0.137489318847656,ea235e75f771ad52283fc7a9dec6d76f92371796,0b252757d18c79a6a6ca319df6f813e337d41c571b34f1cd538cb138a0153cc0
1969,214,motpe-seed42-20260805,2,motpe,42,bf16,cached_decode,headline,256,256,1,0,1,,,,,,,,,,,940fe4171601463c53561284235930204c349d62,0b252757d18c79a6a6ca319df6f813e337d41c571b34f1cd538cb138a0153cc0
1970,214,motpe-seed42-20260805,2,motpe,42,bf16,cached_decode,headline,256,256,1,1,1,,,,,,,,,,,940fe4171601463c53561284235930204c349d62,0b252757d18c79a6a6ca319df6f813e337d41c571b34f1cd538cb138a0153cc0
1971,214,motpe-seed42-20260805,2,motpe,42,bf16,cached_decode,headline,256,256,1,0,0,7.67534994520247,33353.5280902748,1.70043839898426,149.961327709561,257.567680358887,320.0,0.875,0.87158203125,1,0.074749231338501,940fe4171601463c53561284235930204c349d62,0b252757d18c79a6a6ca319df6f813e337d41c571b34f1cd538cb138a0153cc0
1972,214,motpe-seed42-20260805,2,motpe,42,bf16,cached_decode,headline,256,256,1,1,0,5.91689499560744,43265.935966423,1.44858025293797,176.034430597004,257.571586608887,320.0,0.875,0.87158203125,1,0.074749231338501,940fe4171601463c53561284235930204c349d62,0b252757d18c79a6a6ca319df6f813e337d41c571b34f1cd538cb138a0153cc0
1973,214,motpe-seed42-20260805,2,motpe,42,bf16,cached_decode,headline,256,256,1,2,0,5.90636802371591,43343.0492262047,1.45273434603587,175.531060235361,257.571586608887,320.0,0.875,0.87158203125,1,0.074749231338501,940fe4171601463c53561284235930204c349d62,0b252757d18c79a6a6ca319df6f813e337d41c571b34f1cd538cb138a0153cc0
1974,214,motpe-seed42-20260805,2,motpe,42,bf16,cached_decode,headline,256,256,1,3,0,5.84411295130849,43804.7659470171,1.45872071594931,174.810707225783,257.571586608887,320.0,0.875,0.87158203125,1,0.074749231338501,940fe4171601463c53561284235930204c349d62,0b252757d18c79a6a6ca319df6f813e337d41c571b34f1cd538cb138a0153cc0
1975,214,motpe-seed42-20260805,2,motpe,42,bf16,cached_decode,headline,256,256,1,4,0,7.03705998603255,36378.8287307654,1.45443425094709,175.325904099103,257.571586608887,320.0,0.875,0.87158203125,1,0.074749231338501,940fe4171601463c53561284235930204c349d62,0b252757d18c79a6a6ca319df6f813e337d41c571b34f1cd538cb138a0153cc0
1976,214,motpe-seed42-20260805,2,motpe,42,bf16,cached_decode,headline,256,256,1,5,0,6.81667204480618,37554.9825952172,1.45029170601629,175.826696754988,257.571586608887,320.0,0.875,0.87158203125,1,0.074749231338501,940fe4171601463c53561284235930204c349d62,0b252757d18c79a6a6ca319df6f813e337d41c571b34f1cd538cb138a0153cc0
1977,214,motpe-seed42-20260805,2,motpe,42,bf16,cached_decode,headline,256,256,1,6,0,6.91084994468838,37043.2004816946,1.46313104801811,174.283773381346,257.571586608887,320.0,0.875,0.87158203125,1,0.074749231338501,940fe4171601463c53561284235930204c349d62,0b252757d18c79a6a6ca319df6f813e337d41c571b34f1cd538cb138a0153cc0
1978,214,motpe-seed42-20260805,2,motpe,42,bf16,cached_decode,headline,256,256,1,7,0,6.00455200765282,42634.3213738056,1.46070690092165,174.573009711329,257.571586608887,320.0,0.875,0.87158203125,1,0.074749231338501,940fe4171601463c53561284235930204c349d62,0b252757d18c79a6a6ca319df6f813e337d41c571b34f1cd538cb138a0153cc0
1979,214,motpe-seed42-20260805,2,motpe,42,bf16,cached_decode,headline,256,256,1,8,0,7.25710589904338,35275.7701983852,1.45616676693317,175.117305098959,257.571586608887,320.0,0.875,0.87158203125,1,0.074749231338501,940fe4171601463c53561284235930204c349d62,0b252757d18c79a6a6ca319df6f813e337d41c571b34f1cd538cb138a0153cc0
1980,214,motpe-seed42-20260805,2,motpe,42,bf16,cached_decode,headline,256,256,1,9,0,8.07142700068653,31716.8203315505,1.47111533698626,173.337870654245,257.571586608887,320.0,0.875,0.87158203125,1,0.074749231338501,940fe4171601463c53561284235930204c349d62,0b252757d18c79a6a6ca319df6f813e337d41c571b34f1cd538cb138a0153cc0
1981,215,motpe-seed42-20260805,3,motpe,42,bf16,cached_decode,headline,256,256,1,0,1,,,,,,,,,,,940fe4171601463c53561284235930204c349d62,0b252757d18c79a6a6ca319df6f813e337d41c571b34f1cd538cb138a0153cc0
1982,215,motpe-seed42-20260805,3,motpe,42,bf16,cached_decode,headline,256,256,1,1,1,,,,,,,,,,,940fe4171601463c53561284235930204c349d62,0b252757d18c79a6a6ca319df6f813e337d41c571b34f1cd538cb138a0153cc0
1983,215,motpe-seed42-20260805,3,motpe,42,bf16,cached_decode,headline,256,256,1,0,0,8.86305992025882,28883.9297379504,1.61921744700521,157.483480968927,304.320617675781,384.0,2.5,2.490234375,1,0.0932936668395996,940fe4171601463c53561284235930204c349d62,0b252757d18c79a6a6ca319df6f813e337d41c571b34f1cd538cb138a0153cc0
1984,215,motpe-seed42-20260805,3,motpe,42,bf16,cached_decode,headline,256,256,1,1,0,6.35678798425943,40271.9110081857,1.64236986998003,155.263442578316,304.324523925781,384.0,2.5,2.490234375,1,0.0932936668395996,940fe4171601463c53561284235930204c349d62,0b252757d18c79a6a6ca319df6f813e337d41c571b34f1cd538cb138a0153cc0
1985,215,motpe-seed42-20260805,3,motpe,42,bf16,cached_decode,headline,256,256,1,2,0,6.35075499303639,40310.1678903854,1.62805721804034,156.628401738201,304.324523925781,384.0,2.5,2.490234375,1,0.0932936668395996,940fe4171601463c53561284235930204c349d62,0b252757d18c79a6a6ca319df6f813e337d41c571b34f1cd538cb138a0153cc0
1986,215,motpe-seed42-20260805,3,motpe,42,bf16,cached_decode,headline,256,256,1,3,0,10.6017149519175,24147.0366974635,1.63975372898858,155.51115724999,304.324523925781,384.0,2.5,2.490234375,1,0.0932936668395996,940fe4171601463c53561284235930204c349d62,0b252757d18c79a6a6ca319df6f813e337d41c571b34f1cd538cb138a0153cc0
1987,215,motpe-seed42-20260805,3,motpe,42,bf16,cached_decode,headline,256,256,1,4,0,10.3693701094016,24688.095544771,1.62739304895513,156.692324674561,304.324523925781,384.0,2.5,2.490234375,1,0.0932936668395996,940fe4171601463c53561284235930204c349d62,0b252757d18c79a6a6ca319df6f813e337d41c571b34f1cd538cb138a0153cc0
1988,215,motpe-seed42-20260805,3,motpe,42,bf16,cached_decode,headline,256,256,1,5,0,8.5217320593074,30040.8412536742,1.62549654091708,156.875141583588,304.324523925781,384.0,2.5,2.490234375,1,0.0932936668395996,940fe4171601463c53561284235930204c349d62,0b252757d18c79a6a6ca319df6f813e337d41c571b34f1cd538cb138a0153cc0
1989,215,motpe-seed42-20260805,3,motpe,42,bf16,cached_decode,headline,256,256,1,6,0,24.1234740242362,10612.0702077488,1.66965421801433,152.726233521132,304.324523925781,384.0,2.5,2.490234375,1,0.0932936668395996,940fe4171601463c53561284235930204c349d62,0b252757d18c79a6a6ca319df6f813e337d41c571b34f1cd538cb138a0153cc0
1990,215,motpe-seed42-20260805,3,motpe,42,bf16,cached_decode,headline,256,256,1,7,0,6.33100897539407,40435.8927613217,1.62816127890255,156.618391128845,304.324523925781,384.0,2.5,2.490234375,1,0.0932936668395996,940fe4171601463c53561284235930204c349d62,0b252757d18c79a6a6ca319df6f813e337d41c571b34f1cd538cb138a0153cc0
1991,215,motpe-seed42-20260805,3,motpe,42,bf16,cached_decode,headline,256,256,1,8,0,9.33217303827405,27431.981699232,1.62970968196169,156.469586468343,304.324523925781,384.0,2.5,2.490234375,1,0.0932936668395996,940fe4171601463c53561284235930204c349d62,0b252757d18c79a6a6ca319df6f813e337d41c571b34f1cd538cb138a0153cc0
1992,215,motpe-seed42-20260805,3,motpe,42,bf16,cached_decode,headline,256,256,1,9,0,7.72309303283691,33147.3412156948,1.6305835879175,156.385727103799,304.324523925781,384.0,2.5,2.490234375,1,0.0932936668395996,940fe4171601463c53561284235930204c349d62,0b252757d18c79a6a6ca319df6f813e337d41c571b34f1cd538cb138a0153cc0
1993,216,motpe-seed42-20260805,4,motpe,42,bf16,cached_decode,headline,256,256,1,0,1,,,,,,,,,,,940fe4171601463c53561284235930204c349d62,0b252757d18c79a6a6ca319df6f813e337d41c571b34f1cd538cb138a0153cc0
1994,216,motpe-seed42-20260805,4,motpe,42,bf16,cached_decode,headline,256,256,1,1,1,,,,,,,,,,,940fe4171601463c53561284235930204c349d62,0b252757d18c79a6a6ca319df6f813e337d41c571b34f1cd538cb138a0153cc0
1995,216,motpe-seed42-20260805,4,motpe,42,bf16,cached_decode,headline,256,256,1,0,0,7.83711695112288,32665.073342222,1.81564052298199,140.446303534353,432.506294250488,480.0,2.25,2.2412109375,1,0.0766770839691162,940fe4171601463c53561284235930204c349d62,0b252757d18c79a6a6ca319df6f813e337d41c571b34f1cd538cb138a0153cc0
1996,216,motpe-seed42-20260805,4,motpe,42,bf16,cached_decode,headline,256,256,1,1,0,9.64340602513403,26546.6370837001,1.82469915493857,139.749064556664,432.510200500488,480.0,2.25,2.2412109375,1,0.0766770839691162,940fe4171601463c53561284235930204c349d62,0b252757d18c79a6a6ca319df6f813e337d41c571b34f1cd538cb138a0153cc0
1997,216,motpe-seed42-20260805,4,motpe,42,bf16,cached_decode,headline,256,256,1,2,0,7.25737202446908,35274.476647589,1.8118317599874,140.741544348341,432.510200500488,480.0,2.25,2.2412109375,1,0.0766770839691162,940fe4171601463c53561284235930204c349d62,0b252757d18c79a6a6ca319df6f813e337d41c571b34f1cd538cb138a0153cc0
1998,216,motpe-seed42-20260805,4,motpe,42,bf16,cached_decode,headline,256,256,1,3,0,7.11290305480361,35990.9305704811,1.82404091802891,139.799495438708,432.510200500488,480.0,2.25,2.2412109375,1,0.0766770839691162,940fe4171601463c53561284235930204c349d62,0b252757d18c79a6a6ca319df6f813e337d41c571b34f1cd538cb138a0153cc0
1999,216,motpe-seed42-20260805,4,motpe,42,bf16,cached_decode,headline,256,256,1,4,0,9.08875500317663,28166.6740835818,1.81727468199097,140.320009147229,432.510200500488,480.0,2.25,2.2412109375,1,0.0766770839691162,940fe4171601463c53561284235930204c349d62,0b252757d18c79a6a6ca319df6f813e337d41c571b34f1cd538cb138a0153cc0
2000,216,motpe-seed42-20260805,4,motpe,42,bf16,cached_decode,headline,256,256,1,5,0,7.27405492216349,35193.5753495602,1.81224219198339,140.709669561836,432.510200500488,480.0,2.25,2.2412109375,1,0.0766770839691162,940fe4171601463c53561284235930204c349d62,0b252757d18c79a6a6ca319df6f813e337d41c571b34f1cd538cb138a0153cc0
2001,216,motpe-seed42-20260805,4,motpe,42,bf16,cached_decode,headline,256,256,1,6,0,10.1658799685538,25182.2764769885,1.83447124704253,139.004631667627,432.510200500488,480.0,2.25,2.2412109375,1,0.0766770839691162,940fe4171601463c53561284235930204c349d62,0b252757d18c79a6a6ca319df6f813e337d41c571b34f1cd538cb138a0153cc0
2002,216,motpe-seed42-20260805,4,motpe,42,bf16,cached_decode,headline,256,256,1,7,0,7.62846390716732,33558.5254273112,1.83385411906056,139.051409460328,432.510200500488,480.0,2.25,2.2412109375,1,0.0766770839691162,940fe4171601463c53561284235930204c349d62,0b252757d18c79a6a6ca319df6f813e337d41c571b34f1cd538cb138a0153cc0
2003,216,motpe-seed42-20260805,4,motpe,42,bf16,cached_decode,headline,256,256,1,8,0,14.0820180531591,18179.212598195,1.83182508905884,139.205430432779,432.510200500488,480.0,2.25,2.2412109375,1,0.0766770839691162,940fe4171601463c53561284235930204c349d62,0b252757d18c79a6a6ca319df6f813e337d41c571b34f1cd538cb138a0153cc0
2004,216,motpe-seed42-20260805,4,motpe,42,bf16,cached_decode,headline,256,256,1,9,0,11.3775939680636,22500.3634967622,1.83270019607153,139.13896039658,432.510200500488,480.0,2.25,2.2412109375,1,0.0766770839691162,940fe4171601463c53561284235930204c349d62,0b252757d18c79a6a6ca319df6f813e337d41c571b34f1cd538cb138a0153cc0
2005,217,motpe-seed42-20260805,5,motpe,42,bf16,cached_decode,headline,256,256,1,0,1,,,,,,,,,,,940fe4171601463c53561284235930204c349d62,0b252757d18c79a6a6ca319df6f813e337d41c571b34f1cd538cb138a0153cc0
2006,217,motpe-seed42-20260805,5,motpe,42,bf16,cached_decode,headline,256,256,1,1,1,,,,,,,,,,,940fe4171601463c53561284235930204c349d62,0b252757d18c79a6a6ca319df6f813e337d41c571b34f1cd538cb138a0153cc0
2007,217,motpe-seed42-20260805,5,motpe,42,bf16,cached_decode,headline,256,256,1,0,0,10.5172150069848,24341.0446425202,2.01750741107389,126.393587751069,415.571548461914,512.0,6.25,6.2255859375,1,0.0932936668395996,940fe4171601463c53561284235930204c349d62,0b252757d18c79a6a6ca319df6f813e337d41c571b34f1cd538cb138a0153cc0
2008,217,motpe-seed42-20260805,5,motpe,42,bf16,cached_decode,headline,256,256,1,1,0,7.63933605048805,33510.7656356661,2.06638135295361,123.404133334591,415.575454711914,512.0,6.25,6.2255859375,1,0.0932936668395996,940fe4171601463c53561284235930204c349d62,0b252757d18c79a6a6ca319df6f813e337d41c571b34f1cd538cb138a0153cc0
2009,217,motpe-seed42-20260805,5,motpe,42,bf16,cached_decode,headline,256,256,1,2,0,7.65352696180344,33448.6311053221,2.02405072294641,125.984985014998,415.575454711914,512.0,6.25,6.2255859375,1,0.0932936668395996,940fe4171601463c53561284235930204c349d62,0b252757d18c79a6a6ca319df6f813e337d41c571b34f1cd538cb138a0153cc0
2010,217,motpe-seed42-20260805,5,motpe,42,bf16,cached_decode,headline,256,256,1,3,0,9.46366298012435,27050.8365035455,2.03228948102333,125.474250780257,415.575454711914,512.0,6.25,6.2255859375,1,0.0932936668395996,940fe4171601463c53561284235930204c349d62,0b252757d18c79a6a6ca319df6f813e337d41c571b34f1cd538cb138a0153cc0
2011,217,motpe-seed42-20260805,5,motpe,42,bf16,cached_decode,headline,256,256,1,4,0,7.7971339924261,32832.5767196858,2.04140807292424,124.913780533219,415.575454711914,512.0,6.25,6.2255859375,1,0.0932936668395996,940fe4171601463c53561284235930204c349d62,0b252757d18c79a6a6ca319df6f813e337d41c571b34f1cd538cb138a0153cc0
2012,217,motpe-seed42-20260805,5,motpe,42,bf16,cached_decode,headline,256,256,1,5,0,7.70872994326055,33209.1021328113,2.0247216069838,125.94324035484,415.575454711914,512.0,6.25,6.2255859375,1,0.0932936668395996,940fe4171601463c53561284235930204c349d62,0b252757d18c79a6a6ca319df6f813e337d41c571b34f1cd538cb138a0153cc0
2013,217,motpe-seed42-20260805,5,motpe,42,bf16,cached_decode,headline,256,256,1,6,0,7.70556600764394,33222.7379203614,2.0346375600202,125.329446880686,415.575454711914,512.0,6.25,6.2255859375,1,0.0932936668395996,940fe4171601463c53561284235930204c349d62,0b252757d18c79a6a6ca319df6f813e337d41c571b34f1cd538cb138a0153cc0
2014,217,motpe-seed42-20260805,5,motpe,42,bf16,cached_decode,headline,256,256,1,7,0,8.11419496312737,31549.6486297554,2.02150162006728,126.143851416509,415.575454711914,512.0,6.25,6.2255859375,1,0.0932936668395996,940fe4171601463c53561284235930204c349d62,0b252757d18c79a6a6ca319df6f813e337d41c571b34f1cd538cb138a0153cc0
2015,217,motpe-seed42-20260805,5,motpe,42,bf16,cached_decode,headline,256,256,1,8,0,7.59679300244898,33698.4303662708,2.02458594506606,125.951679463861,415.575454711914,512.0,6.25,6.2255859375,1,0.0932936668395996,940fe4171601463c53561284235930204c349d62,0b252757d18c79a6a6ca319df6f813e337d41c571b34f1cd538cb138a0153cc0
2016,217,motpe-seed42-20260805,5,motpe,42,bf16,cached_decode,headline,256,256,1,9,0,9.52510302886367,26876.3497071108,2.0266936479602,125.820693352766,415.575454711914,512.0,6.25,6.2255859375,1,0.0932936668395996,940fe4171601463c53561284235930204c349d62,0b252757d18c79a6a6ca319df6f813e337d41c571b34f1cd538cb138a0153cc0
2017,218,motpe-seed42-20260805,6,motpe,42,bf16,cached_decode,headline,256,256,1,0,1,,,,,,,,,,,940fe4171601463c53561284235930204c349d62,0b252757d18c79a6a6ca319df6f813e337d41c571b34f1cd538cb138a0153cc0
2018,218,motpe-seed42-20260805,6,motpe,42,bf16,cached_decode,headline,256,256,1,1,1,,,,,,,,,,,940fe4171601463c53561284235930204c349d62,0b252757d18c79a6a6ca319df6f813e337d41c571b34f1cd538cb138a0153cc0
2019,218,motpe-seed42-20260805,6,motpe,42,bf16,cached_decode,headline,256,256,1,0,0,13.541511958465,18904.8313648589,1.44113987800665,176.943268236189,159.194145202637,224.0,2.625,2.61474609375,1,0.094853401184082,940fe4171601463c53561284235930204c349d62,0b252757d18c79a6a6ca319df6f813e337d41c571b34f1cd538cb138a0153cc0
2020,218,motpe-seed42-20260805,6,motpe,42,bf16,cached_decode,headline,256,256,1,1,0,5.87348500266671,43585.7076137539,1.4309081119718,178.208508195965,159.198051452637,224.0,2.625,2.61474609375,1,0.094853401184082,940fe4171601463c53561284235930204c349d62,0b252757d18c79a6a6ca319df6f813e337d41c571b34f1cd538cb138a0153cc0
2021,218,motpe-seed42-20260805,6,motpe,42,bf16,cached_decode,headline,256,256,1,2,0,9.77592205163091,26186.7881769057,1.42907601199113,178.436974562822,159.198051452637,224.0,2.625,2.61474609375,1,0.094853401184082,940fe4171601463c53561284235930204c349d62,0b252757d18c79a6a6ca319df6f813e337d41c571b34f1cd538cb138a0153cc0
2022,218,motpe-seed42-20260805,6,motpe,42,bf16,cached_decode,headline,256,256,1,3,0,8.71907896362245,29360.8993642651,1.42708043195307,178.686494671511,159.198051452637,224.0,2.625,2.61474609375,1,0.094853401184082,940fe4171601463c53561284235930204c349d62,0b252757d18c79a6a6ca319df6f813e337d41c571b34f1cd538cb138a0153cc0
2023,218,motpe-seed42-20260805,6,motpe,42,bf16,cached_decode,headline,256,256,1,4,0,11.1799549777061,22898.1244119935,1.42866909794975,178.487797045477,159.198051452637,224.0,2.625,2.61474609375,1,0.094853401184082,940fe4171601463c53561284235930204c349d62,0b252757d18c79a6a6ca319df6f813e337d41c571b34f1cd538cb138a0153cc0
2024,218,motpe-seed42-20260805,6,motpe,42,bf16,cached_decode,headline,256,256,1,5,0,7.90406495798379,32388.3977878266,1.42636442300864,178.776192035222,159.198051452637,224.0,2.625,2.61474609375,1,0.094853401184082,940fe4171601463c53561284235930204c349d62,0b252757d18c79a6a6ca319df6f813e337d41c571b34f1cd538cb138a0153cc0
2025,218,motpe-seed42-20260805,6,motpe,42,bf16,cached_decode,headline,256,256,1,6,0,7.62909394688904,33555.7540360858,1.42501998401713,178.944858921316,159.198051452637,224.0,2.625,2.61474609375,1,0.094853401184082,940fe4171601463c53561284235930204c349d62,0b252757d18c79a6a6ca319df6f813e337d41c571b34f1cd538cb138a0153cc0
2026,218,motpe-seed42-20260805,6,motpe,42,bf16,cached_decode,headline,256,256,1,7,0,5.64255495555699,45369.5182441922,1.41696195898112,179.962488324923,159.198051452637,224.0,2.625,2.61474609375,1,0.094853401184082,940fe4171601463c53561284235930204c349d62,0b252757d18c79a6a6ca319df6f813e337d41c571b34f1cd538cb138a0153cc0
2027,218,motpe-seed42-20260805,6,motpe,42,bf16,cached_decode,headline,256,256,1,8,0,22.8036129847169,11226.2912097119,1.47554212005343,172.817838633279,159.198051452637,224.0,2.625,2.61474609375,1,0.094853401184082,940fe4171601463c53561284235930204c349d62,0b252757d18c79a6a6ca319df6f813e337d41c571b34f1cd538cb138a0153cc0
2028,218,motpe-seed42-20260805,6,motpe,42,bf16,cached_decode,headline,256,256,1,9,0,5.62491605523974,45511.7903069025,1.40976232604589,180.881553783059,159.198051452637,224.0,2.625,2.61474609375,1,0.094853401184082,940fe4171601463c53561284235930204c349d62,0b252757d18c79a6a6ca319df6f813e337d41c571b34f1cd538cb138a0153cc0
2029,219,motpe-seed42-20260805,7,motpe,42,bf16,cached_decode,headline,256,256,1,0,1,,,,,,,,,,,940fe4171601463c53561284235930204c349d62,0b252757d18c79a6a6ca319df6f813e337d41c571b34f1cd538cb138a0153cc0
2030,219,motpe-seed42-20260805,7,motpe,42,bf16,cached_decode,headline,256,256,1,1,1,,,,,,,,,,,940fe4171601463c53561284235930204c349d62,0b252757d18c79a6a6ca319df6f813e337d41c571b34f1cd538cb138a0153cc0
2031,219,motpe-seed42-20260805,7,motpe,42,bf16,cached_decode,headline,256,256,1,0,0,8.50821193307638,30088.5781893583,1.6579272300005,153.806509348377,182.38053894043,224.0,1.5,1.494140625,1,0.086855411529541,940fe4171601463c53561284235930204c349d62,0b252757d18c79a6a6ca319df6f813e337d41c571b34f1cd538cb138a0153cc0
2032,219,motpe-seed42-20260805,7,motpe,42,bf16,cached_decode,headline,256,256,1,1,0,5.33337902743369,47999.5887566201,1.24520875001326,204.784940675436,182.38444519043,224.0,1.5,1.494140625,1,0.086855411529541,940fe4171601463c53561284235930204c349d62,0b252757d18c79a6a6ca319df6f813e337d41c571b34f1cd538cb138a0153cc0
2033,219,motpe-seed42-20260805,7,motpe,42,bf16,cached_decode,headline,256,256,1,2,0,8.04864999372512,31806.5762829272,1.25885063095484,202.565732366978,182.38444519043,224.0,1.5,1.494140625,1,0.086855411529541,940fe4171601463c53561284235930204c349d62,0b252757d18c79a6a6ca319df6f813e337d41c571b34f1cd538cb138a0153cc0
2034,219,motpe-seed42-20260805,7,motpe,42,bf16,cached_decode,headline,256,256,1,3,0,6.41506700776517,39906.0523748423,1.26420514797792,201.70776903406,182.38444519043,224.0,1.5,1.494140625,1,0.086855411529541,940fe4171601463c53561284235930204c349d62,0b252757d18c79a6a6ca319df6f813e337d41c571b34f1cd538cb138a0153cc0
2035,219,motpe-seed42-20260805,7,motpe,42,bf16,cached_decode,headline,256,256,1,4,0,5.73773100040853,44616.9400381044,1.2671838819515,201.233620180911,182.38444519043,224.0,1.5,1.494140625,1,0.086855411529541,940fe4171601463c53561284235930204c349d62,0b252757d18c79a6a6ca319df6f813e337d41c571b34f1cd538cb138a0153cc0
2036,219,motpe-seed42-20260805,7,motpe,42,bf16,cached_decode,headline,256,256,1,5,0,6.3915029168129,40053.1773718807,1.28303977497853,198.746761381007,182.38444519043,224.0,1.5,1.494140625,1,0.086855411529541,940fe4171601463c53561284235930204c349d62,0b252757d18c79a6a6ca319df6f813e337d41c571b34f1cd538cb138a0153cc0
2037,219,motpe-seed42-20260805,7,motpe,42,bf16,cached_decode,headline,256,256,1,6,0,6.10544800292701,41929.7650028747,1.264700189,201.6288146534,182.38444519043,224.0,1.5,1.494140625,1,0.086855411529541,940fe4171601463c53561284235930204c349d62,0b252757d18c79a6a6ca319df6f813e337d41c571b34f1cd538cb138a0153cc0
2038,219,motpe-seed42-20260805,7,motpe,42,bf16,cached_decode,headline,256,256,1,7,0,5.39623107761145,47440.5184503912,1.24161420098972,205.377805599142,182.38444519043,224.0,1.5,1.494140625,1,0.086855411529541,940fe4171601463c53561284235930204c349d62,0b252757d18c79a6a6ca319df6f813e337d41c571b34f1cd538cb138a0153cc0
2039,219,motpe-seed42-20260805,7,motpe,42,bf16,cached_decode,headline,256,256,1,8,0,7.20243097748607,35543.5547803547,1.24967108899727,204.053692403663,182.38444519043,224.0,1.5,1.494140625,1,0.086855411529541,940fe4171601463c53561284235930204c349d62,0b252757d18c79a6a6ca319df6f813e337d41c571b34f1cd538cb138a0153cc0
2040,219,motpe-seed42-20260805,7,motpe,42,bf16,cached_decode,headline,256,256,1,9,0,7.5978470267728,33693.7554938819,1.24735228600912,204.433024142576,182.38444519043,224.0,1.5,1.494140625,1,0.086855411529541,940fe4171601463c53561284235930204c349d62,0b252757d18c79a6a6ca319df6f813e337d41c571b34f1cd538cb138a0153cc0
2041,220,motpe-seed42-20260805,8,motpe,42,bf16,cached_decode,headline,256,256,1,0,1,,,,,,,,,,,940fe4171601463c53561284235930204c349d62,0b252757d18c79a6a6ca319df6f813e337d41c571b34f1cd538cb138a0153cc0
2042,220,motpe-seed42-20260805,8,motpe,42,bf16,cached_decode,headline,256,256,1,1,1,,,,,,,,,,,940fe4171601463c53561284235930204c349d62,0b252757d18c79a6a6ca319df6f813e337d41c571b34f1cd538cb138a0153cc0
2043,220,motpe-seed42-20260805,8,motpe,42,bf16,cached_decode,headline,256,256,1,0,0,6.71680003870279,38113.3871076861,1.58068539807573,161.322424000644,345.574279785156,384.0,5.0,4.98046875,1,0.0911614894866943,940fe4171601463c53561284235930204c349d62,0b252757d18c79a6a6ca319df6f813e337d41c571b34f1cd538cb138a0153cc0
2044,220,motpe-seed42-20260805,8,motpe,42,bf16,cached_decode,headline,256,256,1,1,0,5.96474495250732,42918.8510218511,1.58451842307113,160.932177428241,345.578186035156,384.0,5.0,4.98046875,1,0.0911614894866943,940fe4171601463c53561284235930204c349d62,0b252757d18c79a6a6ca319df6f813e337d41c571b34f1cd538cb138a0153cc0
2045,220,motpe-seed42-20260805,8,motpe,42,bf16,cached_decode,headline,256,256,1,2,0,6.00998499430716,42595.7802294833,1.58821837301366,160.557266137235,345.578186035156,384.0,5.0,4.98046875,1,0.0911614894866943,940fe4171601463c53561284235930204c349d62,0b252757d18c79a6a6ca319df6f813e337d41c571b34f1cd538cb138a0153cc0
2046,220,motpe-seed42-20260805,8,motpe,42,bf16,cached_decode,headline,256,256,1,3,0,6.13845500629395,41704.3050307472,1.59551092097536,159.823412455312,345.578186035156,384.0,5.0,4.98046875,1,0.0911614894866943,940fe4171601463c53561284235930204c349d62,0b252757d18c79a6a6ca319df6f813e337d41c571b34f1cd538cb138a0153cc0
2047,220,motpe-seed42-20260805,8,motpe,42,bf16,cached_decode,headline,256,256,1,4,0,9.17661690618843,27896.9910825591,1.60607938992325,158.77172797304,345.578186035156,384.0,5.0,4.98046875,1,0.0911614894866943,940fe4171601463c53561284235930204c349d62,0b252757d18c79a6a6ca319df6f813e337d41c571b34f1cd538cb138a0153cc0
2048,220,motpe-seed42-20260805,8,motpe,42,bf16,cached_decode,headline,256,256,1,5,0,5.96867606509477,42890.5836416732,1.56314791995101,163.132354107596,345.578186035156,384.0,5.0,4.98046875,1,0.0911614894866943,940fe4171601463c53561284235930204c349d62,0b252757d18c79a6a6ca319df6f813e337d41c571b34f1cd538cb138a0153cc0
2049,220,motpe-seed42-20260805,8,motpe,42,bf16,cached_decode,headline,256,256,1,6,0,6.13963196519762,41696.3103735095,1.57043030194473,162.375878562852,345.578186035156,384.0,5.0,4.98046875,1,0.0911614894866943,940fe4171601463c53561284235930204c349d62,0b252757d18c79a6a6ca319df6f813e337d41c571b34f1cd538cb138a0153cc0
2050,220,motpe-seed42-20260805,8,motpe,42,bf16,cached_decode,headline,256,256,1,7,0,6.12887507304549,41769.4922720608,1.55930744600482,163.534138603229,345.578186035156,384.0,5.0,4.98046875,1,0.0911614894866943,940fe4171601463c53561284235930204c349d62,0b252757d18c79a6a6ca319df6f813e337d41c571b34f1cd538cb138a0153cc0
2051,220,motpe-seed42-20260805,8,motpe,42,bf16,cached_decode,headline,256,256,1,8,0,6.25538395252079,40924.7460976136,1.57149182492867,162.266195696929,345.578186035156,384.0,5.0,4.98046875,1,0.0911614894866943,940fe4171601463c53561284235930204c349d62,0b252757d18c79a6a6ca319df6f813e337d41c571b34f1cd538cb138a0153cc0
2052,220,motpe-seed42-20260805,8,motpe,42,bf16,cached_decode,headline,256,256,1,9,0,6.27909100148827,40770.2324969208,1.5641780680744,163.024917178337,345.578186035156,384.0,5.0,4.98046875,1,0.0911614894866943,940fe4171601463c53561284235930204c349d62,0b252757d18c79a6a6ca319df6f813e337d41c571b34f1cd538cb138a0153cc0
2053,221,motpe-seed42-20260805,9,motpe,42,bf16,cached_decode,headline,256,256,1,0,1,,,,,,,,,,,940fe4171601463c53561284235930204c349d62,0b252757d18c79a6a6ca319df6f813e337d41c571b34f1cd538cb138a0153cc0
2054,221,motpe-seed42-20260805,9,motpe,42,bf16,cached_decode,headline,256,256,1,1,1,,,,,,,,,,,940fe4171601463c53561284235930204c349d62,0b252757d18c79a6a6ca319df6f813e337d41c571b34f1cd538cb138a0153cc0
2055,221,motpe-seed42-20260805,9,motpe,42,bf16,cached_decode,headline,256,256,1,0,0,12.5603980850428,20381.5196195772,2.15390319901053,118.389721560905,167.196350097656,224.0,3.0,2.98828125,1,0.0940742492675781,940fe4171601463c53561284235930204c349d62,0b252757d18c79a6a6ca319df6f813e337d41c571b34f1cd538cb138a0153cc0
2056,221,motpe-seed42-20260805,9,motpe,42,bf16,cached_decode,headline,256,256,1,1,0,6.76674291025847,37832.0860412623,1.55029014707543,164.485338748394,167.200256347656,224.0,3.0,2.98828125,1,0.0940742492675781,940fe4171601463c53561284235930204c349d62,0b252757d18c79a6a6ca319df6f813e337d41c571b34f1cd538cb138a0153cc0
2057,221,motpe-seed42-20260805,9,motpe,42,bf16,cached_decode,headline,256,256,1,2,0,7.55845103412867,33869.3733470103,1.55319560004864,164.177647678125,167.200256347656,224.0,3.0,2.98828125,1,0.0940742492675781,940fe4171601463c53561284235930204c349d62,0b252757d18c79a6a6ca319df6f813e337d41c571b34f1cd538cb138a0153cc0
2058,221,motpe-seed42-20260805,9,motpe,42,bf16,cached_decode,headline,256,256,1,3,0,10.1539680035785,25211.818661412,1.57136025908403,162.279781816961,167.200256347656,224.0,3.0,2.98828125,1,0.0940742492675781,940fe4171601463c53561284235930204c349d62,0b252757d18c79a6a6ca319df6f813e337d41c571b34f1cd538cb138a0153cc0
2059,221,motpe-seed42-20260805,9,motpe,42,bf16,cached_decode,headline,256,256,1,4,0,7.78801192063838,32871.0334047634,1.55432597105391,164.058250810219,167.200256347656,224.0,3.0,2.98828125,1,0.0940742492675781,940fe4171601463c53561284235930204c349d62,0b252757d18c79a6a6ca319df6f813e337d41c571b34f1cd538cb138a0153cc0
2060,221,motpe-seed42-20260805,9,motpe,42,bf16,cached_decode,headline,256,256,1,5,0,6.43215700984001,39800.023477096,1.55674318503588,163.803511363451,167.200256347656,224.0,3.0,2.98828125,1,0.0940742492675781,940fe4171601463c53561284235930204c349d62,0b252757d18c79a6a6ca319df6f813e337d41c571b34f1cd538cb138a0153cc0
2061,221,motpe-seed42-20260805,9,motpe,42,bf16,cached_decode,headline,256,256,1,6,0,6.15390297025442,41599.6159246262,1.54736191802658,164.796610947497,167.200256347656,224.0,3.0,2.98828125,1,0.0940742492675781,940fe4171601463c53561284235930204c349d62,0b252757d18c79a6a6ca319df6f813e337d41c571b34f1cd538cb138a0153cc0
2062,221,motpe-seed42-20260805,9,motpe,42,bf16,cached_decode,headline,256,256,1,7,0,8.42528301291168,30384.7359913824,1.56204291700851,163.247755374323,167.200256347656,224.0,3.0,2.98828125,1,0.0940742492675781,940fe4171601463c53561284235930204c349d62,0b252757d18c79a6a6ca319df6f813e337d41c571b34f1cd538cb138a0153cc0
2063,221,motpe-seed42-20260805,9,motpe,42,bf16,cached_decode,headline,256,256,1,8,0,7.0070419460535,36534.6749699685,1.54802989691962,164.725500784848,167.200256347656,224.0,3.0,2.98828125,1,0.0940742492675781,940fe4171601463c53561284235930204c349d62,0b252757d18c79a6a6ca319df6f813e337d41c571b34f1cd538cb138a0153cc0
2064,221,motpe-seed42-20260805,9,motpe,42,bf16,cached_decode,headline,256,256,1,9,0,9.03602596372366,28331.0385591793,1.55643847002648,163.835580339814,167.200256347656,224.0,3.0,2.98828125,1,0.0940742492675781,940fe4171601463c53561284235930204c349d62,0b252757d18c79a6a6ca319df6f813e337d41c571b34f1cd538cb138a0153cc0
2065,222,motpe-seed42-20260805,10,motpe,42,bf16,cached_decode,headline,256,256,1,0,1,,,,,,,,,,,940fe4171601463c53561284235930204c349d62,0b252757d18c79a6a6ca319df6f813e337d41c571b34f1cd538cb138a0153cc0
2066,222,motpe-seed42-20260805,10,motpe,42,bf16,cached_decode,headline,256,256,1,1,1,,,,,,,,,,,940fe4171601463c53561284235930204c349d62,0b252757d18c79a6a6ca319df6f813e337d41c571b34f1cd538cb138a0153cc0
2067,222,motpe-seed42-20260805,10,motpe,42,bf16,cached_decode,headline,256,256,1,0,0,8.7316770805046,29318.5372798058,1.79875204793643,141.764953258867,179.881637573242,224.0,1.5,1.494140625,1,0.107123851776123,940fe4171601463c53561284235930204c349d62,0b252757d18c79a6a6ca319df6f813e337d41c571b34f1cd538cb138a0153cc0
2068,222,motpe-seed42-20260805,10,motpe,42,bf16,cached_decode,headline,256,256,1,1,0,7.41677498444915,34516.3498335542,1.43078752898145,178.223527137903,179.885543823242,224.0,1.5,1.494140625,1,0.107123851776123,940fe4171601463c53561284235930204c349d62,0b252757d18c79a6a6ca319df6f813e337d41c571b34f1cd538cb138a0153cc0
2069,222,motpe-seed42-20260805,10,motpe,42,bf16,cached_decode,headline,256,256,1,2,0,6.33016601204872,40441.277450344,1.89001541503239,134.919534503177,179.885543823242,224.0,1.5,1.494140625,1,0.107123851776123,940fe4171601463c53561284235930204c349d62,0b252757d18c79a6a6ca319df6f813e337d41c571b34f1cd538cb138a0153cc0
2070,222,motpe-seed42-20260805,10,motpe,42,bf16,cached_decode,headline,256,256,1,3,0,8.10025492683053,31603.9436181261,1.42177952604834,179.352702249653,179.885543823242,224.0,1.5,1.494140625,1,0.107123851776123,940fe4171601463c53561284235930204c349d62,0b252757d18c79a6a6ca319df6f813e337d41c571b34f1cd538cb138a0153cc0
2071,222,motpe-seed42-20260805,10,motpe,42,bf16,cached_decode,headline,256,256,1,4,0,6.03387202136219,42427.1511052378,1.26532739493996,201.528869934963,179.885543823242,224.0,1.5,1.494140625,1,0.107123851776123,940fe4171601463c53561284235930204c349d62,0b252757d18c79a6a6ca319df6f813e337d41c571b34f1cd538cb138a0153cc0
2072,222,motpe-seed42-20260805,10,motpe,42,bf16,cached_decode,headline,256,256,1,5,0,6.96251692716032,36768.3127636445,1.27686738595366,199.707505105979,179.885543823242,224.0,1.5,1.494140625,1,0.107123851776123,940fe4171601463c53561284235930204c349d62,0b252757d18c79a6a6ca319df6f813e337d41c571b34f1cd538cb138a0153cc0
2073,222,motpe-seed42-20260805,10,motpe,42,bf16,cached_decode,headline,256,256,1,6,0,5.02486503683031,50946.6419741863,1.25935690302867,202.484299237763,179.885543823242,224.0,1.5,1.494140625,1,0.107123851776123,940fe4171601463c53561284235930204c349d62,0b252757d18c79a6a6ca319df6f813e337d41c571b34f1cd538cb138a0153cc0
2074,222,motpe-seed42-20260805,10,motpe,42,bf16,cached_decode,headline,256,256,1,7,0,5.61033294070512,45630.0905321718,1.26190743094776,202.075044291071,179.885543823242,224.0,1.5,1.494140625,1,0.107123851776123,940fe4171601463c53561284235930204c349d62,0b252757d18c79a6a6ca319df6f813e337d41c571b34f1cd538cb138a0153cc0
2075,222,motpe-seed42-20260805,10,motpe,42,bf16,cached_decode,headline,256,256,1,8,0,5.81696396693587,44009.2119282716,1.27101469202898,200.627106515135,179.885543823242,224.0,1.5,1.494140625,1,0.107123851776123,940fe4171601463c53561284235930204c349d62,0b252757d18c79a6a6ca319df6f813e337d41c571b34f1cd538cb138a0153cc0
2076,222,motpe-seed42-20260805,10,motpe,42,bf16,cached_decode,headline,256,256,1,9,0,5.52637700457126,46323.2963998374,1.26537854399066,201.520723747851,179.885543823242,224.0,1.5,1.494140625,1,0.107123851776123,940fe4171601463c53561284235930204c349d62,0b252757d18c79a6a6ca319df6f813e337d41c571b34f1cd538cb138a0153cc0
2077,223,motpe-seed42-20260805,11,motpe,42,bf16,cached_decode,headline,256,256,1,0,1,,,,,,,,,,,940fe4171601463c53561284235930204c349d62,0b252757d18c79a6a6ca319df6f813e337d41c571b34f1cd538cb138a0153cc0
2078,223,motpe-seed42-20260805,11,motpe,42,bf16,cached_decode,headline,256,256,1,1,1,,,,,,,,,,,940fe4171601463c53561284235930204c349d62,0b252757d18c79a6a6ca319df6f813e337d41c571b34f1cd538cb138a0153cc0
2079,223,motpe-seed42-20260805,11,motpe,42,bf16,cached_decode,headline,256,256,1,0,0,19.3146349629387,13254.1982021,2.05408054008149,124.143136076779,495.661636352539,544.0,0.625,0.62255859375,1,0.0475234985351563,940fe4171601463c53561284235930204c349d62,0b252757d18c79a6a6ca319df6f813e337d41c571b34f1cd538cb138a0153cc0
2080,223,motpe-seed42-20260805,11,motpe,42,bf16,cached_decode,headline,256,256,1,1,0,27.3159600328654,9371.81046142957,2.06037424202077,123.763923465623,495.665542602539,544.0,0.625,0.62255859375,1,0.0475234985351563,940fe4171601463c53561284235930204c349d62,0b252757d18c79a6a6ca319df6f813e337d41c571b34f1cd538cb138a0153cc0
2081,223,motpe-seed42-20260805,11,motpe,42,bf16,cached_decode,headline,256,256,1,2,0,8.42555391136557,30383.7590611902,2.05676952993963,123.980833189164,495.665542602539,544.0,0.625,0.62255859375,1,0.0475234985351563,940fe4171601463c53561284235930204c349d62,0b252757d18c79a6a6ca319df6f813e337d41c571b34f1cd538cb138a0153cc0
2082,223,motpe-seed42-20260805,11,motpe,42,bf16,cached_decode,headline,256,256,1,3,0,10.244017932564,24990.1944417941,2.0407917839475,124.951502649993,495.665542602539,544.0,0.625,0.62255859375,1,0.0475234985351563,940fe4171601463c53561284235930204c349d62,0b252757d18c79a6a6ca319df6f813e337d41c571b34f1cd538cb138a0153cc0
2083,223,motpe-seed42-20260805,11,motpe,42,bf16,cached_decode,headline,256,256,1,4,0,11.4390929229558,22379.3968389106,2.05537470302079,124.06496957719,495.665542602539,544.0,0.625,0.62255859375,1,0.0475234985351563,940fe4171601463c53561284235930204c349d62,0b252757d18c79a6a6ca319df6f813e337d41c571b34f1cd538cb138a0153cc0
2084,223,motpe-seed42-20260805,11,motpe,42,bf16,cached_decode,headline,256,256,1,5,0,9.91779903415591,25812.1786011555,2.06112847605255,123.718634215551,495.665542602539,544.0,0.625,0.62255859375,1,0.0475234985351563,940fe4171601463c53561284235930204c349d62,0b252757d18c79a6a6ca319df6f813e337d41c571b34f1cd538cb138a0153cc0
2085,223,motpe-seed42-20260805,11,motpe,42,bf16,cached_decode,headline,256,256,1,6,0,8.37427901569754,30569.7958618443,2.03930175595451,125.042799210775,495.665542602539,544.0,0.625,0.62255859375,1,0.0475234985351563,940fe4171601463c53561284235930204c349d62,0b252757d18c79a6a6ca319df6f813e337d41c571b34f1cd538cb138a0153cc0
2086,223,motpe-seed42-20260805,11,motpe,42,bf16,cached_decode,headline,256,256,1,7,0,11.4228650927544,22411.1900054202,2.05087078094948,124.33742894418,495.665542602539,544.0,0.625,0.62255859375,1,0.0475234985351563,940fe4171601463c53561284235930204c349d62,0b252757d18c79a6a6ca319df6f813e337d41c571b34f1cd538cb138a0153cc0
2087,223,motpe-seed42-20260805,11,motpe,42,bf16,cached_decode,headline,256,256,1,8,0,9.56681405659765,26759.1696133628,2.01576016796753,126.50314459637,495.665542602539,544.0,0.625,0.62255859375,1,0.0475234985351563,940fe4171601463c53561284235930204c349d62,0b252757d18c79a6a6ca319df6f813e337d41c571b34f1cd538cb138a0153cc0
2088,223,motpe-seed42-20260805,11,motpe,42,bf16,cached_decode,headline,256,256,1,9,0,7.97818705905229,32087.4903164291,2.02141442790162,126.149292535084,495.665542602539,544.0,0.625,0.62255859375,1,0.0475234985351563,940fe4171601463c53561284235930204c349d62,0b252757d18c79a6a6ca319df6f813e337d41c571b34f1cd538cb138a0153cc0
2089,224,motpe-seed42-20260805,12,motpe,42,bf16,cached_decode,headline,256,256,1,0,1,,,,,,,,,,,940fe4171601463c53561284235930204c349d62,0b252757d18c79a6a6ca319df6f813e337d41c571b34f1cd538cb138a0153cc0
2090,224,motpe-seed42-20260805,12,motpe,42,bf16,cached_decode,headline,256,256,1,1,1,,,,,,,,,,,940fe4171601463c53561284235930204c349d62,0b252757d18c79a6a6ca319df6f813e337d41c571b34f1cd538cb138a0153cc0
2091,224,motpe-seed42-20260805,12,motpe,42,bf16,cached_decode,headline,256,256,1,0,0,6.89839199185371,37110.0975853952,1.39934880589135,182.227618251027,159.194145202637,192.0,2.625,2.61474609375,1,0.118989020586014,940fe4171601463c53561284235930204c349d62,0b252757d18c79a6a6ca319df6f813e337d41c571b34f1cd538cb138a0153cc0
2092,224,motpe-seed42-20260805,12,motpe,42,bf16,cached_decode,headline,256,256,1,1,0,5.55687805172056,46069.0332984247,1.39573744894005,182.699117368851,159.198051452637,192.0,2.625,2.61474609375,1,0.118989020586014,940fe4171601463c53561284235930204c349d62,0b252757d18c79a6a6ca319df6f813e337d41c571b34f1cd538cb138a0153cc0
2093,224,motpe-seed42-20260805,12,motpe,42,bf16,cached_decode,headline,256,256,1,2,0,5.90174307581037,43377.015351494,1.39069482893683,183.361579186244,159.198051452637,192.0,2.625,2.61474609375,1,0.118989020586014,940fe4171601463c53561284235930204c349d62,0b252757d18c79a6a6ca319df6f813e337d41c571b34f1cd538cb138a0153cc0
2094,224,motpe-seed42-20260805,12,motpe,42,bf16,cached_decode,headline,256,256,1,3,0,7.15373398270458,35785.5073474811,1.40013114106841,182.125797020281,159.198051452637,192.0,2.625,2.61474609375,1,0.118989020586014,940fe4171601463c53561284235930204c349d62,0b252757d18c79a6a6ca319df6f813e337d41c571b34f1cd538cb138a0153cc0
2095,224,motpe-seed42-20260805,12,motpe,42,bf16,cached_decode,headline,256,256,1,4,0,8.10810702387244,31573.3375553958,1.4233764030505,179.151487585082,159.198051452637,192.0,2.625,2.61474609375,1,0.118989020586014,940fe4171601463c53561284235930204c349d62,0b252757d18c79a6a6ca319df6f813e337d41c571b34f1cd538cb138a0153cc0
2096,224,motpe-seed42-20260805,12,motpe,42,bf16,cached_decode,headline,256,256,1,5,0,5.75606001075357,44474.8664054468,1.40491698007099,181.505386878529,159.198051452637,192.0,2.625,2.61474609375,1,0.118989020586014,940fe4171601463c53561284235930204c349d62,0b252757d18c79a6a6ca319df6f813e337d41c571b34f1cd538cb138a0153cc0
2097,224,motpe-seed42-20260805,12,motpe,42,bf16,cached_decode,headline,256,256,1,6,0,10.0969319464639,25354.2364509702,1.41107270796783,180.713579505935,159.198051452637,192.0,2.625,2.61474609375,1,0.118989020586014,940fe4171601463c53561284235930204c349d62,0b252757d18c79a6a6ca319df6f813e337d41c571b34f1cd538cb138a0153cc0
2098,224,motpe-seed42-20260805,12,motpe,42,bf16,cached_decode,headline,256,256,1,7,0,5.62261999584734,45530.3755525132,1.43650694598909,177.513934556315,159.198051452637,192.0,2.625,2.61474609375,1,0.118989020586014,940fe4171601463c53561284235930204c349d62,0b252757d18c79a6a6ca319df6f813e337d41c571b34f1cd538cb138a0153cc0
2099,224,motpe-seed42-20260805,12,motpe,42,bf16,cached_decode,headline,256,256,1,8,0,7.00811797287315,36529.0654339608,1.38693781092297,183.858279723662,159.198051452637,192.0,2.625,2.61474609375,1,0.118989020586014,940fe4171601463c53561284235930204c349d62,0b252757d18c79a6a6ca319df6f813e337d41c571b34f1cd538cb138a0153cc0
2100,224,motpe-seed42-20260805,12,motpe,42,bf16,cached_decode,headline,256,256,1,9,0,5.65390998963267,45278.400340546,1.40031306701712,182.102135591142,159.198051452637,192.0,2.625,2.61474609375,1,0.118989020586014,940fe4171601463c53561284235930204c349d62,0b252757d18c79a6a6ca319df6f813e337d41c571b34f1cd538cb138a0153cc0
2101,225,motpe-seed42-20260805,13,motpe,42,bf16,cached_decode,headline,256,256,1,0,1,,,,,,,,,,,940fe4171601463c53561284235930204c349d62,0b252757d18c79a6a6ca319df6f813e337d41c571b34f1cd538cb138a0153cc0
2102,225,motpe-seed42-20260805,13,motpe,42,bf16,cached_decode,headline,256,256,1,1,1,,,,,,,,,,,940fe4171601463c53561284235930204c349d62,0b252757d18c79a6a6ca319df6f813e337d41c571b34f1cd538cb138a0153cc0
2103,225,motpe-seed42-20260805,13,motpe,42,bf16,cached_decode,headline,256,256,1,0,0,6.21549692004919,41187.3746046316,1.4141447750153,180.321000017301,133.567680358887,160.0,0.875,0.87158203125,1,0.145737051963806,940fe4171601463c53561284235930204c349d62,0b252757d18c79a6a6ca319df6f813e337d41c571b34f1cd538cb138a0153cc0
2104,225,motpe-seed42-20260805,13,motpe,42,bf16,cached_decode,headline,256,256,1,1,0,5.71496691554785,44794.6600186852,1.41282044304535,180.490027062707,133.571586608887,160.0,0.875,0.87158203125,1,0.145737051963806,940fe4171601463c53561284235930204c349d62,0b252757d18c79a6a6ca319df6f813e337d41c571b34f1cd538cb138a0153cc0
2105,225,motpe-seed42-20260805,13,motpe,42,bf16,cached_decode,headline,256,256,1,2,0,12.677748920396,20192.8592849908,1.44064481102396,177.00407348759,133.571586608887,160.0,0.875,0.87158203125,1,0.145737051963806,940fe4171601463c53561284235930204c349d62,0b252757d18c79a6a6ca319df6f813e337d41c571b34f1cd538cb138a0153cc0
2106,225,motpe-seed42-20260805,13,motpe,42,bf16,cached_decode,headline,256,256,1,3,0,5.7892840122804,44219.6305202794,1.42026581498794,179.543855318495,133.571586608887,160.0,0.875,0.87158203125,1,0.145737051963806,940fe4171601463c53561284235930204c349d62,0b252757d18c79a6a6ca319df6f813e337d41c571b34f1cd538cb138a0153cc0
2107,225,motpe-seed42-20260805,13,motpe,42,bf16,cached_decode,headline,256,256,1,4,0,5.65708102658391,45253.0198519339,1.4249314860208,178.955972621605,133.571586608887,160.0,0.875,0.87158203125,1,0.145737051963806,940fe4171601463c53561284235930204c349d62,0b252757d18c79a6a6ca319df6f813e337d41c571b34f1cd538cb138a0153cc0
2108,225,motpe-seed42-20260805,13,motpe,42,bf16,cached_decode,headline,256,256,1,5,0,6.64761196821928,38510.0696646973,1.42231100692879,179.285682778075,133.571586608887,160.0,0.875,0.87158203125,1,0.145737051963806,940fe4171601463c53561284235930204c349d62,0b252757d18c79a6a6ca319df6f813e337d41c571b34f1cd538cb138a0153cc0
2109,225,motpe-seed42-20260805,13,motpe,42,bf16,cached_decode,headline,256,256,1,6,0,5.60039491392672,45711.0621544554,1.41674988996238,179.989426367114,133.571586608887,160.0,0.875,0.87158203125,1,0.145737051963806,940fe4171601463c53561284235930204c349d62,0b252757d18c79a6a6ca319df6f813e337d41c571b34f1cd538cb138a0153cc0
2110,225,motpe-seed42-20260805,13,motpe,42,bf16,cached_decode,headline,256,256,1,7,0,6.25416799448431,40932.7028352568,1.42625842802227,178.789478112742,133.571586608887,160.0,0.875,0.87158203125,1,0.145737051963806,940fe4171601463c53561284235930204c349d62,0b252757d18c79a6a6ca319df6f813e337d41c571b34f1cd538cb138a0153cc0
2111,225,motpe-seed42-20260805,13,motpe,42,bf16,cached_decode,headline,256,256,1,8,0,5.66363905090839,45200.6206078652,1.42275514104404,179.229716093577,133.571586608887,160.0,0.875,0.87158203125,1,0.145737051963806,940fe4171601463c53561284235930204c349d62,0b252757d18c79a6a6ca319df6f813e337d41c571b34f1cd538cb138a0153cc0
2112,225,motpe-seed42-20260805,13,motpe,42,bf16,cached_decode,headline,256,256,1,9,0,6.5551440929994,39053.2986564546,1.41591738304123,180.095253476081,133.571586608887,160.0,0.875,0.87158203125,1,0.145737051963806,940fe4171601463c53561284235930204c349d62,0b252757d18c79a6a6ca319df6f813e337d41c571b34f1cd538cb138a0153cc0
2113,226,motpe-seed42-20260805,14,motpe,42,bf16,cached_decode,headline,256,256,1,0,1,,,,,,,,,,,940fe4171601463c53561284235930204c349d62,0b252757d18c79a6a6ca319df6f813e337d41c571b34f1cd538cb138a0153cc0
2114,226,motpe-seed42-20260805,14,motpe,42,bf16,cached_decode,headline,256,256,1,1,1,,,,,,,,,,,940fe4171601463c53561284235930204c349d62,0b252757d18c79a6a6ca319df6f813e337d41c571b34f1cd538cb138a0153cc0
2115,226,motpe-seed42-20260805,14,motpe,42,bf16,cached_decode,headline,256,256,1,0,0,9.24622698221356,27686.9690190878,1.49565430404618,170.493943226152,189.005180358887,224.0,0.875,0.87158203125,1,0.0910017490386963,940fe4171601463c53561284235930204c349d62,0b252757d18c79a6a6ca319df6f813e337d41c571b34f1cd538cb138a0153cc0
2116,226,motpe-seed42-20260805,14,motpe,42,bf16,cached_decode,headline,256,256,1,1,0,7.87525891792029,32506.8677319888,1.42613695503678,178.804706728481,189.009086608887,224.0,0.875,0.87158203125,1,0.0910017490386963,940fe4171601463c53561284235930204c349d62,0b252757d18c79a6a6ca319df6f813e337d41c571b34f1cd538cb138a0153cc0
2117,226,motpe-seed42-20260805,14,motpe,42,bf16,cached_decode,headline,256,256,1,2,0,5.92615501955152,43198.329972032,1.41744165902492,179.901584221406,189.009086608887,224.0,0.875,0.87158203125,1,0.0910017490386963,940fe4171601463c53561284235930204c349d62,0b252757d18c79a6a6ca319df6f813e337d41c571b34f1cd538cb138a0153cc0
2118,226,motpe-seed42-20260805,14,motpe,42,bf16,cached_decode,headline,256,256,1,3,0,7.89170700591058,32439.1161263674,1.42202506004833,179.321734309896,189.009086608887,224.0,0.875,0.87158203125,1,0.0910017490386963,940fe4171601463c53561284235930204c349d62,0b252757d18c79a6a6ca319df6f813e337d41c571b34f1cd538cb138a0153cc0
2119,226,motpe-seed42-20260805,14,motpe,42,bf16,cached_decode,headline,256,256,1,4,0,5.7392279850319,44605.3024322533,1.40777569299098,181.136811261617,189.009086608887,224.0,0.875,0.87158203125,1,0.0910017490386963,940fe4171601463c53561284235930204c349d62,0b252757d18c79a6a6ca319df6f813e337d41c571b34f1cd538cb138a0153cc0
2120,226,motpe-seed42-20260805,14,motpe,42,bf16,cached_decode,headline,256,256,1,5,0,5.73834904935211,44612.1345701171,1.40316061105113,181.732581424855,189.009086608887,224.0,0.875,0.87158203125,1,0.0910017490386963,940fe4171601463c53561284235930204c349d62,0b252757d18c79a6a6ca319df6f813e337d41c571b34f1cd538cb138a0153cc0
2121,226,motpe-seed42-20260805,14,motpe,42,bf16,cached_decode,headline,256,256,1,6,0,5.93058194499463,43166.0842686884,1.41028901701793,180.814001189061,189.009086608887,224.0,0.875,0.87158203125,1,0.0910017490386963,940fe4171601463c53561284235930204c349d62,0b252757d18c79a6a6ca319df6f813e337d41c571b34f1cd538cb138a0153cc0
2122,226,motpe-seed42-20260805,14,motpe,42,bf16,cached_decode,headline,256,256,1,7,0,10.722519014962,23874.9868051325,1.42672035598662,178.731591604481,189.009086608887,224.0,0.875,0.87158203125,1,0.0910017490386963,940fe4171601463c53561284235930204c349d62,0b252757d18c79a6a6ca319df6f813e337d41c571b34f1cd538cb138a0153cc0
2123,226,motpe-seed42-20260805,14,motpe,42,bf16,cached_decode,headline,256,256,1,8,0,9.26740490831435,27623.6986009241,1.43160993000492,178.121145051797,189.009086608887,224.0,0.875,0.87158203125,1,0.0910017490386963,940fe4171601463c53561284235930204c349d62,0b252757d18c79a6a6ca319df6f813e337d41c571b34f1cd538cb138a0153cc0
2124,226,motpe-seed42-20260805,14,motpe,42,bf16,cached_decode,headline,256,256,1,9,0,10.083367000334,25388.3449835279,1.42968786100391,178.360610700675,189.009086608887,224.0,0.875,0.87158203125,1,0.0910017490386963,940fe4171601463c53561284235930204c349d62,0b252757d18c79a6a6ca319df6f813e337d41c571b34f1cd538cb138a0153cc0
2125,227,motpe-seed42-20260805,15,motpe,42,bf16,cached_decode,headline,256,256,1,0,1,,,,,,,,,,,940fe4171601463c53561284235930204c349d62,0b252757d18c79a6a6ca319df6f813e337d41c571b34f1cd538cb138a0153cc0
2126,227,motpe-seed42-20260805,15,motpe,42,bf16,cached_decode,headline,256,256,1,1,1,,,,,,,,,,,940fe4171601463c53561284235930204c349d62,0b252757d18c79a6a6ca319df6f813e337d41c571b34f1cd538cb138a0153cc0
2127,227,motpe-seed42-20260805,15,motpe,42,bf16,cached_decode,headline,256,256,1,0,0,10.7582969358191,23795.5878636946,1.8416259449441,138.464600099745,131.068412780762,160.0,0.875,0.87158203125,1,0.158634662628174,940fe4171601463c53561284235930204c349d62,0b252757d18c79a6a6ca319df6f813e337d41c571b34f1cd538cb138a0153cc0
2128,227,motpe-seed42-20260805,15,motpe,42,bf16,cached_decode,headline,256,256,1,1,0,7.64645705930889,33479.5576584508,1.45824030903168,174.868297372282,131.072319030762,160.0,0.875,0.87158203125,1,0.158634662628174,940fe4171601463c53561284235930204c349d62,0b252757d18c79a6a6ca319df6f813e337d41c571b34f1cd538cb138a0153cc0
2129,227,motpe-seed42-20260805,15,motpe,42,bf16,cached_decode,headline,256,256,1,2,0,6.79315300658345,37685.0042611881,1.45424991706386,175.34812758652,131.072319030762,160.0,0.875,0.87158203125,1,0.158634662628174,940fe4171601463c53561284235930204c349d62,0b252757d18c79a6a6ca319df6f813e337d41c571b34f1cd538cb138a0153cc0
2130,227,motpe-seed42-20260805,15,motpe,42,bf16,cached_decode,headline,256,256,1,3,0,7.82119098585099,32731.5878698167,1.45521560497582,175.231765745281,131.072319030762,160.0,0.875,0.87158203125,1,0.158634662628174,940fe4171601463c53561284235930204c349d62,0b252757d18c79a6a6ca319df6f813e337d41c571b34f1cd538cb138a0153cc0
2131,227,motpe-seed42-20260805,15,motpe,42,bf16,cached_decode,headline,256,256,1,4,0,5.79542492050678,44172.774820041,1.44765530503355,176.146903971792,131.072319030762,160.0,0.875,0.87158203125,1,0.158634662628174,940fe4171601463c53561284235930204c349d62,0b252757d18c79a6a6ca319df6f813e337d41c571b34f1cd538cb138a0153cc0
2132,227,motpe-seed42-20260805,15,motpe,42,bf16,cached_decode,headline,256,256,1,5,0,8.7442509829998,29276.3783310548,1.46172822499648,174.451033810074,131.072319030762,160.0,0.875,0.87158203125,1,0.158634662628174,940fe4171601463c53561284235930204c349d62,0b252757d18c79a6a6ca319df6f813e337d41c571b34f1cd538cb138a0153cc0
2133,227,motpe-seed42-20260805,15,motpe,42,bf16,cached_decode,headline,256,256,1,6,0,5.92400599271059,43214.0008492572,1.44071480806451,176.99547375554,131.072319030762,160.0,0.875,0.87158203125,1,0.158634662628174,940fe4171601463c53561284235930204c349d62,0b252757d18c79a6a6ca319df6f813e337d41c571b34f1cd538cb138a0153cc0
2134,227,motpe-seed42-20260805,15,motpe,42,bf16,cached_decode,headline,256,256,1,7,0,5.8920020237565,43448.7291361765,1.45812500093598,174.882125905745,131.072319030762,160.0,0.875,0.87158203125,1,0.158634662628174,940fe4171601463c53561284235930204c349d62,0b252757d18c79a6a6ca319df6f813e337d41c571b34f1cd538cb138a0153cc0
2135,227,motpe-seed42-20260805,15,motpe,42,bf16,cached_decode,headline,256,256,1,8,0,7.58288404904306,33760.2419269891,1.45018991595134,175.839038180539,131.072319030762,160.0,0.875,0.87158203125,1,0.158634662628174,940fe4171601463c53561284235930204c349d62,0b252757d18c79a6a6ca319df6f813e337d41c571b34f1cd538cb138a0153cc0
2136,227,motpe-seed42-20260805,15,motpe,42,bf16,cached_decode,headline,256,256,1,9,0,7.54121306817979,33946.793133348,1.47603381704539,172.760269483825,131.072319030762,160.0,0.875,0.87158203125,1,0.158634662628174,940fe4171601463c53561284235930204c349d62,0b252757d18c79a6a6ca319df6f813e337d41c571b34f1cd538cb138a0153cc0
2137,228,motpe-seed42-20260805,16,motpe,42,bf16,cached_decode,headline,256,256,1,0,1,,,,,,,,,,,940fe4171601463c53561284235930204c349d62,0b252757d18c79a6a6ca319df6f813e337d41c571b34f1cd538cb138a0153cc0
2138,228,motpe-seed42-20260805,16,motpe,42,bf16,cached_decode,headline,256,256,1,1,1,,,,,,,,,,,940fe4171601463c53561284235930204c349d62,0b252757d18c79a6a6ca319df6f813e337d41c571b34f1cd538cb138a0153cc0
2139,228,motpe-seed42-20260805,16,motpe,42,bf16,cached_decode,headline,256,256,1,0,0,6.59173296298832,38836.5246950089,1.48915593989659,171.237943030807,179.881637573242,224.0,1.5,1.494140625,1,0.137877941131592,940fe4171601463c53561284235930204c349d62,0b252757d18c79a6a6ca319df6f813e337d41c571b34f1cd538cb138a0153cc0
2140,228,motpe-seed42-20260805,16,motpe,42,bf16,cached_decode,headline,256,256,1,1,0,6.24813896138221,40972.2001354733,1.42649990401696,178.759212869157,179.885543823242,224.0,1.5,1.494140625,1,0.137877941131592,940fe4171601463c53561284235930204c349d62,0b252757d18c79a6a6ca319df6f813e337d41c571b34f1cd538cb138a0153cc0
2141,228,motpe-seed42-20260805,16,motpe,42,bf16,cached_decode,headline,256,256,1,2,0,5.25671197101474,48699.6436958258,1.2362632539589,206.266747137724,179.885543823242,224.0,1.5,1.494140625,1,0.137877941131592,940fe4171601463c53561284235930204c349d62,0b252757d18c79a6a6ca319df6f813e337d41c571b34f1cd538cb138a0153cc0
2142,228,motpe-seed42-20260805,16,motpe,42,bf16,cached_decode,headline,256,256,1,3,0,5.07229601498693,50470.2405466096,1.24447268003132,204.906065108301,179.885543823242,224.0,1.5,1.494140625,1,0.137877941131592,940fe4171601463c53561284235930204c349d62,0b252757d18c79a6a6ca319df6f813e337d41c571b34f1cd538cb138a0153cc0
2143,228,motpe-seed42-20260805,16,motpe,42,bf16,cached_decode,headline,256,256,1,4,0,5.30897604767233,48220.2213197478,1.24660192395095,204.55607768662,179.885543823242,224.0,1.5,1.494140625,1,0.137877941131592,940fe4171601463c53561284235930204c349d62,0b252757d18c79a6a6ca319df6f813e337d41c571b34f1cd538cb138a0153cc0
2144,228,motpe-seed42-20260805,16,motpe,42,bf16,cached_decode,headline,256,256,1,5,0,5.23131398949772,48936.0800200371,1.24570298893377,204.70369122118,179.885543823242,224.0,1.5,1.494140625,1,0.137877941131592,940fe4171601463c53561284235930204c349d62,0b252757d18c79a6a6ca319df6f813e337d41c571b34f1cd538cb138a0153cc0
2145,228,motpe-seed42-20260805,16,motpe,42,bf16,cached_decode,headline,256,256,1,6,0,6.25495903659612,40927.5262239467,1.27907571801916,199.362708874582,179.885543823242,224.0,1.5,1.494140625,1,0.137877941131592,940fe4171601463c53561284235930204c349d62,0b252757d18c79a6a6ca319df6f813e337d41c571b34f1cd538cb138a0153cc0
2146,228,motpe-seed42-20260805,16,motpe,42,bf16,cached_decode,headline,256,256,1,7,0,5.26437000371516,48628.8007528605,1.24428613495547,204.936784905286,179.885543823242,224.0,1.5,1.494140625,1,0.137877941131592,940fe4171601463c53561284235930204c349d62,0b252757d18c79a6a6ca319df6f813e337d41c571b34f1cd538cb138a0153cc0
2147,228,motpe-seed42-20260805,16,motpe,42,bf16,cached_decode,headline,256,256,1,8,0,6.70526397880167,38178.9592191046,1.25508374895435,203.173692761498,179.885543823242,224.0,1.5,1.494140625,1,0.137877941131592,940fe4171601463c53561284235930204c349d62,0b252757d18c79a6a6ca319df6f813e337d41c571b34f1cd538cb138a0153cc0
2148,228,motpe-seed42-20260805,16,motpe,42,bf16,cached_decode,headline,256,256,1,9,0,7.62476806994528,33574.7917381358,1.24852354999166,204.241241586275,179.885543823242,224.0,1.5,1.494140625,1,0.137877941131592,940fe4171601463c53561284235930204c349d62,0b252757d18c79a6a6ca319df6f813e337d41c571b34f1cd538cb138a0153cc0
2149,229,motpe-seed42-20260805,17,motpe,42,bf16,cached_decode,headline,256,256,1,0,1,,,,,,,,,,,940fe4171601463c53561284235930204c349d62,0b252757d18c79a6a6ca319df6f813e337d41c571b34f1cd538cb138a0153cc0
2150,229,motpe-seed42-20260805,17,motpe,42,bf16,cached_decode,headline,256,256,1,1,1,,,,,,,,,,,940fe4171601463c53561284235930204c349d62,0b252757d18c79a6a6ca319df6f813e337d41c571b34f1cd538cb138a0153cc0
2151,229,motpe-seed42-20260805,17,motpe,42,bf16,cached_decode,headline,256,256,1,0,0,6.83746789582074,37440.7608051037,1.57334247604012,162.075329359821,142.692687988281,160.0,1.0,0.99609375,1,0.152925968170166,940fe4171601463c53561284235930204c349d62,0b252757d18c79a6a6ca319df6f813e337d41c571b34f1cd538cb138a0153cc0
2152,229,motpe-seed42-20260805,17,motpe,42,bf16,cached_decode,headline,256,256,1,1,0,6.27866294234991,40773.0120808471,1.57640891009942,161.760060074716,142.696594238281,160.0,1.0,0.99609375,1,0.152925968170166,940fe4171601463c53561284235930204c349d62,0b252757d18c79a6a6ca319df6f813e337d41c571b34f1cd538cb138a0153cc0
2153,229,motpe-seed42-20260805,17,motpe,42,bf16,cached_decode,headline,256,256,1,2,0,6.2933909939602,40677.5934064298,1.5733129279688,162.078373263743,142.696594238281,160.0,1.0,0.99609375,1,0.152925968170166,940fe4171601463c53561284235930204c349d62,0b252757d18c79a6a6ca319df6f813e337d41c571b34f1cd538cb138a0153cc0
2154,229,motpe-seed42-20260805,17,motpe,42,bf16,cached_decode,headline,256,256,1,3,0,6.74083398189396,37977.4966551056,1.57619881094433,161.781621854685,142.696594238281,160.0,1.0,0.99609375,1,0.152925968170166,940fe4171601463c53561284235930204c349d62,0b252757d18c79a6a6ca319df6f813e337d41c571b34f1cd538cb138a0153cc0
2155,229,motpe-seed42-20260805,17,motpe,42,bf16,cached_decode,headline,256,256,1,4,0,6.30843301769346,40580.6004885823,1.56885640195105,162.538776450718,142.696594238281,160.0,1.0,0.99609375,1,0.152925968170166,940fe4171601463c53561284235930204c349d62,0b252757d18c79a6a6ca319df6f813e337d41c571b34f1cd538cb138a0153cc0
2156,229,motpe-seed42-20260805,17,motpe,42,bf16,cached_decode,headline,256,256,1,5,0,6.23691699001938,41045.9206703671,1.56940490088891,162.481969984653,142.696594238281,160.0,1.0,0.99609375,1,0.152925968170166,940fe4171601463c53561284235930204c349d62,0b252757d18c79a6a6ca319df6f813e337d41c571b34f1cd538cb138a0153cc0
2157,229,motpe-seed42-20260805,17,motpe,42,bf16,cached_decode,headline,256,256,1,6,0,7.22526700701565,35431.2165559317,1.57791018602438,161.606156204926,142.696594238281,160.0,1.0,0.99609375,1,0.152925968170166,940fe4171601463c53561284235930204c349d62,0b252757d18c79a6a6ca319df6f813e337d41c571b34f1cd538cb138a0153cc0
2158,229,motpe-seed42-20260805,17,motpe,42,bf16,cached_decode,headline,256,256,1,7,0,6.24336500186473,41003.5293345078,1.57141927094199,162.273687688162,142.696594238281,160.0,1.0,0.99609375,1,0.152925968170166,940fe4171601463c53561284235930204c349d62,0b252757d18c79a6a6ca319df6f813e337d41c571b34f1cd538cb138a0153cc0
2159,229,motpe-seed42-20260805,17,motpe,42,bf16,cached_decode,headline,256,256,1,8,0,6.31896790582687,40512.9451225629,1.56878613401204,162.546056770567,142.696594238281,160.0,1.0,0.99609375,1,0.152925968170166,940fe4171601463c53561284235930204c349d62,0b252757d18c79a6a6ca319df6f813e337d41c571b34f1cd538cb138a0153cc0
2160,229,motpe-seed42-20260805,17,motpe,42,bf16,cached_decode,headline,256,256,1,9,0,6.64900592528284,38501.9960693012,1.58146372099873,161.24302860325,142.696594238281,160.0,1.0,0.99609375,1,0.152925968170166,940fe4171601463c53561284235930204c349d62,0b252757d18c79a6a6ca319df6f813e337d41c571b34f1cd538cb138a0153cc0
2161,230,motpe-seed42-20260805,18,motpe,42,bf16,cached_decode,headline,256,256,1,0,1,,,,,,,,,,,940fe4171601463c53561284235930204c349d62,0b252757d18c79a6a6ca319df6f813e337d41c571b34f1cd538cb138a0153cc0
2162,230,motpe-seed42-20260805,18,motpe,42,bf16,cached_decode,headline,256,256,1,1,1,,,,,,,,,,,940fe4171601463c53561284235930204c349d62,0b252757d18c79a6a6ca319df6f813e337d41c571b34f1cd538cb138a0153cc0
2163,230,motpe-seed42-20260805,18,motpe,42,bf16,cached_decode,headline,256,256,1,0,0,9.90709604229778,25840.0644252385,1.81747245707083,140.304739699316,133.567680358887,160.0,0.875,0.87158203125,1,0.142727851867676,940fe4171601463c53561284235930204c349d62,0b252757d18c79a6a6ca319df6f813e337d41c571b34f1cd538cb138a0153cc0
2164,230,motpe-seed42-20260805,18,motpe,42,bf16,cached_decode,headline,256,256,1,1,0,5.86782000027597,43627.7868080412,1.42608737596311,178.810923017803,133.571586608887,160.0,0.875,0.87158203125,1,0.142727851867676,940fe4171601463c53561284235930204c349d62,0b252757d18c79a6a6ca319df6f813e337d41c571b34f1cd538cb138a0153cc0
2165,230,motpe-seed42-20260805,18,motpe,42,bf16,cached_decode,headline,256,256,1,2,0,6.33159000426531,40432.182094473,1.42786966299172,178.587728704674,133.571586608887,160.0,0.875,0.87158203125,1,0.142727851867676,940fe4171601463c53561284235930204c349d62,0b252757d18c79a6a6ca319df6f813e337d41c571b34f1cd538cb138a0153cc0
2166,230,motpe-seed42-20260805,18,motpe,42,bf16,cached_decode,headline,256,256,1,3,0,5.74435200542212,44565.5140489929,1.43001256603748,178.320111344614,133.571586608887,160.0,0.875,0.87158203125,1,0.142727851867676,940fe4171601463c53561284235930204c349d62,0b252757d18c79a6a6ca319df6f813e337d41c571b34f1cd538cb138a0153cc0
2167,230,motpe-seed42-20260805,18,motpe,42,bf16,cached_decode,headline,256,256,1,4,0,5.95943001098931,42957.1283709903,1.42539791401941,178.897413481501,133.571586608887,160.0,0.875,0.87158203125,1,0.142727851867676,940fe4171601463c53561284235930204c349d62,0b252757d18c79a6a6ca319df6f813e337d41c571b34f1cd538cb138a0153cc0
2168,230,motpe-seed42-20260805,18,motpe,42,bf16,cached_decode,headline,256,256,1,5,0,6.13762298598886,41709.9584944211,1.43184573296458,178.091811240051,133.571586608887,160.0,0.875,0.87158203125,1,0.142727851867676,940fe4171601463c53561284235930204c349d62,0b252757d18c79a6a6ca319df6f813e337d41c571b34f1cd538cb138a0153cc0
2169,230,motpe-seed42-20260805,18,motpe,42,bf16,cached_decode,headline,256,256,1,6,0,6.3594130333513,40255.2875017606,1.42872228799388,178.481152105533,133.571586608887,160.0,0.875,0.87158203125,1,0.142727851867676,940fe4171601463c53561284235930204c349d62,0b252757d18c79a6a6ca319df6f813e337d41c571b34f1cd538cb138a0153cc0
2170,230,motpe-seed42-20260805,18,motpe,42,bf16,cached_decode,headline,256,256,1,7,0,5.72764605749398,44695.4992383045,1.42202871001791,179.321274038685,133.571586608887,160.0,0.875,0.87158203125,1,0.142727851867676,940fe4171601463c53561284235930204c349d62,0b252757d18c79a6a6ca319df6f813e337d41c571b34f1cd538cb138a0153cc0
2171,230,motpe-seed42-20260805,18,motpe,42,bf16,cached_decode,headline,256,256,1,8,0,6.31596299353987,40532.2197520542,1.4231086029904,179.185200246956,133.571586608887,160.0,0.875,0.87158203125,1,0.142727851867676,940fe4171601463c53561284235930204c349d62,0b252757d18c79a6a6ca319df6f813e337d41c571b34f1cd538cb138a0153cc0
2172,230,motpe-seed42-20260805,18,motpe,42,bf16,cached_decode,headline,256,256,1,9,0,7.35293992329389,34816.0059337626,1.43881009705365,177.229782111052,133.571586608887,160.0,0.875,0.87158203125,1,0.142727851867676,940fe4171601463c53561284235930204c349d62,0b252757d18c79a6a6ca319df6f813e337d41c571b34f1cd538cb138a0153cc0
2173,231,motpe-seed42-20260805,19,motpe,42,bf16,cached_decode,headline,256,256,1,0,1,,,,,,,,,,,940fe4171601463c53561284235930204c349d62,0b252757d18c79a6a6ca319df6f813e337d41c571b34f1cd538cb138a0153cc0
2174,231,motpe-seed42-20260805,19,motpe,42,bf16,cached_decode,headline,256,256,1,1,1,,,,,,,,,,,940fe4171601463c53561284235930204c349d62,0b252757d18c79a6a6ca319df6f813e337d41c571b34f1cd538cb138a0153cc0
2175,231,motpe-seed42-20260805,19,motpe,42,bf16,cached_decode,headline,256,256,1,0,0,6.22659001965076,41113.9964558577,1.44474824296776,176.501339414116,133.567680358887,160.0,0.875,0.87158203125,1,0.143419742584229,940fe4171601463c53561284235930204c349d62,0b252757d18c79a6a6ca319df6f813e337d41c571b34f1cd538cb138a0153cc0
2176,231,motpe-seed42-20260805,19,motpe,42,bf16,cached_decode,headline,256,256,1,1,0,6.04360003490001,42358.8587136269,1.42845274996944,178.514830123332,133.571586608887,160.0,0.875,0.87158203125,1,0.143419742584229,940fe4171601463c53561284235930204c349d62,0b252757d18c79a6a6ca319df6f813e337d41c571b34f1cd538cb138a0153cc0
2177,231,motpe-seed42-20260805,19,motpe,42,bf16,cached_decode,headline,256,256,1,2,0,7.05018104054034,36311.124285736,1.45360082003754,175.426428277204,133.571586608887,160.0,0.875,0.87158203125,1,0.143419742584229,940fe4171601463c53561284235930204c349d62,0b252757d18c79a6a6ca319df6f813e337d41c571b34f1cd538cb138a0153cc0
2178,231,motpe-seed42-20260805,19,motpe,42,bf16,cached_decode,headline,256,256,1,3,0,7.65556795522571,33439.7136172312,1.53244502597954,166.400748918875,133.571586608887,160.0,0.875,0.87158203125,1,0.143419742584229,940fe4171601463c53561284235930204c349d62,0b252757d18c79a6a6ca319df6f813e337d41c571b34f1cd538cb138a0153cc0
2179,231,motpe-seed42-20260805,19,motpe,42,bf16,cached_decode,headline,256,256,1,4,0,6.04197394568473,42370.2588427809,1.43493393005338,177.708530448168,133.571586608887,160.0,0.875,0.87158203125,1,0.143419742584229,940fe4171601463c53561284235930204c349d62,0b252757d18c79a6a6ca319df6f813e337d41c571b34f1cd538cb138a0153cc0
2180,231,motpe-seed42-20260805,19,motpe,42,bf16,cached_decode,headline,256,256,1,5,0,5.77928498387337,44296.1371024872,1.43367698101792,177.864333023571,133.571586608887,160.0,0.875,0.87158203125,1,0.143419742584229,940fe4171601463c53561284235930204c349d62,0b252757d18c79a6a6ca319df6f813e337d41c571b34f1cd538cb138a0153cc0
2181,231,motpe-seed42-20260805,19,motpe,42,bf16,cached_decode,headline,256,256,1,6,0,5.75145508628339,44510.4753770108,1.43371851695701,177.859180155686,133.571586608887,160.0,0.875,0.87158203125,1,0.143419742584229,940fe4171601463c53561284235930204c349d62,0b252757d18c79a6a6ca319df6f813e337d41c571b34f1cd538cb138a0153cc0
2182,231,motpe-seed42-20260805,19,motpe,42,bf16,cached_decode,headline,256,256,1,7,0,5.80123602412641,44128.5269096684,1.45124983997084,175.710613690833,133.571586608887,160.0,0.875,0.87158203125,1,0.143419742584229,940fe4171601463c53561284235930204c349d62,0b252757d18c79a6a6ca319df6f813e337d41c571b34f1cd538cb138a0153cc0
2183,231,motpe-seed42-20260805,19,motpe,42,bf16,cached_decode,headline,256,256,1,8,0,12.9050039686263,19837.2662745683,1.45764003298245,174.940310522515,133.571586608887,160.0,0.875,0.87158203125,1,0.143419742584229,940fe4171601463c53561284235930204c349d62,0b252757d18c79a6a6ca319df6f813e337d41c571b34f1cd538cb138a0153cc0
2184,231,motpe-seed42-20260805,19,motpe,42,bf16,cached_decode,headline,256,256,1,9,0,7.38847500178963,34648.5573732051,1.44021337106824,177.057098012401,133.571586608887,160.0,0.875,0.87158203125,1,0.143419742584229,940fe4171601463c53561284235930204c349d62,0b252757d18c79a6a6ca319df6f813e337d41c571b34f1cd538cb138a0153cc0
2185,232,motpe-seed42-20260805,20,motpe,42,bf16,cached_decode,headline,256,256,1,0,1,,,,,,,,,,,940fe4171601463c53561284235930204c349d62,0b252757d18c79a6a6ca319df6f813e337d41c571b34f1cd538cb138a0153cc0
2186,232,motpe-seed42-20260805,20,motpe,42,bf16,cached_decode,headline,256,256,1,1,1,,,,,,,,,,,940fe4171601463c53561284235930204c349d62,0b252757d18c79a6a6ca319df6f813e337d41c571b34f1cd538cb138a0153cc0
2187,232,motpe-seed42-20260805,20,motpe,42,bf16,cached_decode,headline,256,256,1,0,0,7.97611405141652,32095.8299178954,1.7667172360234,144.335491158713,125.006088256836,160.0,1.125,1.12060546875,1,0.171508491039276,940fe4171601463c53561284235930204c349d62,0b252757d18c79a6a6ca319df6f813e337d41c571b34f1cd538cb138a0153cc0
2188,232,motpe-seed42-20260805,20,motpe,42,bf16,cached_decode,headline,256,256,1,1,0,4.92095202207565,52022.453958415,1.19266567204613,213.806774167083,125.009994506836,160.0,1.125,1.12060546875,1,0.171508491039276,940fe4171601463c53561284235930204c349d62,0b252757d18c79a6a6ca319df6f813e337d41c571b34f1cd538cb138a0153cc0
2189,232,motpe-seed42-20260805,20,motpe,42,bf16,cached_decode,headline,256,256,1,2,0,4.81445400509983,53173.2154318694,1.189649993903,214.348759136623,125.009994506836,160.0,1.125,1.12060546875,1,0.171508491039276,940fe4171601463c53561284235930204c349d62,0b252757d18c79a6a6ca319df6f813e337d41c571b34f1cd538cb138a0153cc0
2190,232,motpe-seed42-20260805,20,motpe,42,bf16,cached_decode,headline,256,256,1,3,0,6.28238799981773,40748.8362717214,1.21075506694615,210.61237484075,125.009994506836,160.0,1.125,1.12060546875,1,0.171508491039276,940fe4171601463c53561284235930204c349d62,0b252757d18c79a6a6ca319df6f813e337d41c571b34f1cd538cb138a0153cc0
2191,232,motpe-seed42-20260805,20,motpe,42,bf16,cached_decode,headline,256,256,1,4,0,4.80787002015859,53246.0318034047,1.19426061306149,213.521234151989,125.009994506836,160.0,1.125,1.12060546875,1,0.171508491039276,940fe4171601463c53561284235930204c349d62,0b252757d18c79a6a6ca319df6f813e337d41c571b34f1cd538cb138a0153cc0
2192,232,motpe-seed42-20260805,20,motpe,42,bf16,cached_decode,headline,256,256,1,5,0,8.14270693808794,31439.1764245556,1.20700890698936,211.266046607764,125.009994506836,160.0,1.125,1.12060546875,1,0.171508491039276,940fe4171601463c53561284235930204c349d62,0b252757d18c79a6a6ca319df6f813e337d41c571b34f1cd538cb138a0153cc0
2193,232,motpe-seed42-20260805,20,motpe,42,bf16,cached_decode,headline,256,256,1,6,0,4.91736305411905,52060.4228694403,1.18370081298053,215.426058006935,125.009994506836,160.0,1.125,1.12060546875,1,0.171508491039276,940fe4171601463c53561284235930204c349d62,0b252757d18c79a6a6ca319df6f813e337d41c571b34f1cd538cb138a0153cc0
2194,232,motpe-seed42-20260805,20,motpe,42,bf16,cached_decode,headline,256,256,1,7,0,4.87237400375307,52541.1226237579,1.18778424907941,214.685453353702,125.009994506836,160.0,1.125,1.12060546875,1,0.171508491039276,940fe4171601463c53561284235930204c349d62,0b252757d18c79a6a6ca319df6f813e337d41c571b34f1cd538cb138a0153cc0
2195,232,motpe-seed42-20260805,20,motpe,42,bf16,cached_decode,headline,256,256,1,8,0,4.98987198807299,51303.9213454578,1.18611757503822,214.987118786923,125.009994506836,160.0,1.125,1.12060546875,1,0.171508491039276,940fe4171601463c53561284235930204c349d62,0b252757d18c79a6a6ca319df6f813e337d41c571b34f1cd538cb138a0153cc0
2196,232,motpe-seed42-20260805,20,motpe,42,bf16,cached_decode,headline,256,256,1,9,0,4.88006102386862,52458.3604073579,1.19080353097524,214.141118469106,125.009994506836,160.0,1.125,1.12060546875,1,0.171508491039276,940fe4171601463c53561284235930204c349d62,0b252757d18c79a6a6ca319df6f813e337d41c571b34f1cd538cb138a0153cc0
2197,233,motpe-seed42-20260805,21,motpe,42,bf16,cached_decode,headline,256,256,1,0,1,,,,,,,,,,,940fe4171601463c53561284235930204c349d62,0b252757d18c79a6a6ca319df6f813e337d41c571b34f1cd538cb138a0153cc0
2198,233,motpe-seed42-20260805,21,motpe,42,bf16,cached_decode,headline,256,256,1,1,1,,,,,,,,,,,940fe4171601463c53561284235930204c349d62,0b252757d18c79a6a6ca319df6f813e337d41c571b34f1cd538cb138a0153cc0
2199,233,motpe-seed42-20260805,21,motpe,42,bf16,cached_decode,headline,256,256,1,0,0,7.56277691107243,33850.0002062996,1.25847670098301,202.62592052822,125.006088256836,160.0,1.125,1.12060546875,1,0.131653308868408,940fe4171601463c53561284235930204c349d62,0b252757d18c79a6a6ca319df6f813e337d41c571b34f1cd538cb138a0153cc0
2200,233,motpe-seed42-20260805,21,motpe,42,bf16,cached_decode,headline,256,256,1,1,0,4.67199296690524,54794.6030341686,1.15338525804691,221.088312184435,125.009994506836,160.0,1.125,1.12060546875,1,0.131653308868408,940fe4171601463c53561284235930204c349d62,0b252757d18c79a6a6ca319df6f813e337d41c571b34f1cd538cb138a0153cc0
2201,233,motpe-seed42-20260805,21,motpe,42,bf16,cached_decode,headline,256,256,1,2,0,6.28665904514492,40721.1522307233,1.16860737302341,218.208446982726,125.009994506836,160.0,1.125,1.12060546875,1,0.131653308868408,940fe4171601463c53561284235930204c349d62,0b252757d18c79a6a6ca319df6f813e337d41c571b34f1cd538cb138a0153cc0
2202,233,motpe-seed42-20260805,21,motpe,42,bf16,cached_decode,headline,256,256,1,3,0,4.89536195527762,52294.3966837855,1.16500194906257,218.883753975852,125.009994506836,160.0,1.125,1.12060546875,1,0.131653308868408,940fe4171601463c53561284235930204c349d62,0b252757d18c79a6a6ca319df6f813e337d41c571b34f1cd538cb138a0153cc0
2203,233,motpe-seed42-20260805,21,motpe,42,bf16,cached_decode,headline,256,256,1,4,0,4.76640393026173,53709.2541348972,1.17177590902429,217.618401296825,125.009994506836,160.0,1.125,1.12060546875,1,0.131653308868408,940fe4171601463c53561284235930204c349d62,0b252757d18c79a6a6ca319df6f813e337d41c571b34f1cd538cb138a0153cc0
2204,233,motpe-seed42-20260805,21,motpe,42,bf16,cached_decode,headline,256,256,1,5,0,6.01736200042069,42543.5597828587,1.16433297796175,219.009514311272,125.009994506836,160.0,1.125,1.12060546875,1,0.131653308868408,940fe4171601463c53561284235930204c349d62,0b252757d18c79a6a6ca319df6f813e337d41c571b34f1cd538cb138a0153cc0
2205,233,motpe-seed42-20260805,21,motpe,42,bf16,cached_decode,headline,256,256,1,6,0,4.78677707724273,53480.6605507229,1.15964548999909,219.8947887084,125.009994506836,160.0,1.125,1.12060546875,1,0.131653308868408,940fe4171601463c53561284235930204c349d62,0b252757d18c79a6a6ca319df6f813e337d41c571b34f1cd538cb138a0153cc0
2206,233,motpe-seed42-20260805,21,motpe,42,bf16,cached_decode,headline,256,256,1,7,0,6.38253602664918,40109.4484905555,1.17031484795734,217.890083548948,125.009994506836,160.0,1.125,1.12060546875,1,0.131653308868408,940fe4171601463c53561284235930204c349d62,0b252757d18c79a6a6ca319df6f813e337d41c571b34f1cd538cb138a0153cc0
2207,233,motpe-seed42-20260805,21,motpe,42,bf16,cached_decode,headline,256,256,1,8,0,4.67801303602755,54724.0886308835,1.15924222499598,219.97128339669,125.009994506836,160.0,1.125,1.12060546875,1,0.131653308868408,940fe4171601463c53561284235930204c349d62,0b252757d18c79a6a6ca319df6f813e337d41c571b34f1cd538cb138a0153cc0
2208,233,motpe-seed42-20260805,21,motpe,42,bf16,cached_decode,headline,256,256,1,9,0,5.98783593159169,42753.3424303344,1.16147718008142,219.548006945883,125.009994506836,160.0,1.125,1.12060546875,1,0.131653308868408,940fe4171601463c53561284235930204c349d62,0b252757d18c79a6a6ca319df6f813e337d41c571b34f1cd538cb138a0153cc0
2209,234,motpe-seed42-20260805,22,motpe,42,bf16,cached_decode,headline,256,256,1,0,1,,,,,,,,,,,940fe4171601463c53561284235930204c349d62,0b252757d18c79a6a6ca319df6f813e337d41c571b34f1cd538cb138a0153cc0
2210,234,motpe-seed42-20260805,22,motpe,42,bf16,cached_decode,headline,256,256,1,1,1,,,,,,,,,,,940fe4171601463c53561284235930204c349d62,0b252757d18c79a6a6ca319df6f813e337d41c571b34f1cd538cb138a0153cc0
2211,234,motpe-seed42-20260805,22,motpe,42,bf16,cached_decode,headline,256,256,1,0,0,7.49632809311152,34150.0527752037,1.68362626200542,151.458792105239,142.693588256836,160.0,2.25,2.2412109375,1,0.130777835845947,940fe4171601463c53561284235930204c349d62,0b252757d18c79a6a6ca319df6f813e337d41c571b34f1cd538cb138a0153cc0
2212,234,motpe-seed42-20260805,22,motpe,42,bf16,cached_decode,headline,256,256,1,1,0,6.9171090144664,37009.6812793615,1.21457148797344,209.950589590635,142.697494506836,160.0,2.25,2.2412109375,1,0.130777835845947,940fe4171601463c53561284235930204c349d62,0b252757d18c79a6a6ca319df6f813e337d41c571b34f1cd538cb138a0153cc0
2213,234,motpe-seed42-20260805,22,motpe,42,bf16,cached_decode,headline,256,256,1,2,0,5.15080895274878,49700.9309311275,1.1346231510397,224.744224341212,142.697494506836,160.0,2.25,2.2412109375,1,0.130777835845947,940fe4171601463c53561284235930204c349d62,0b252757d18c79a6a6ca319df6f813e337d41c571b34f1cd538cb138a0153cc0
2214,234,motpe-seed42-20260805,22,motpe,42,bf16,cached_decode,headline,256,256,1,3,0,4.5584129402414,56159.8967351219,1.12777277303394,226.109377790703,142.697494506836,160.0,2.25,2.2412109375,1,0.130777835845947,940fe4171601463c53561284235930204c349d62,0b252757d18c79a6a6ca319df6f813e337d41c571b34f1cd538cb138a0153cc0
2215,234,motpe-seed42-20260805,22,motpe,42,bf16,cached_decode,headline,256,256,1,4,0,4.6558640897274,54984.4228839997,1.12801793206017,226.060236058727,142.697494506836,160.0,2.25,2.2412109375,1,0.130777835845947,940fe4171601463c53561284235930204c349d62,0b252757d18c79a6a6ca319df6f813e337d41c571b34f1cd538cb138a0153cc0
2216,234,motpe-seed42-20260805,22,motpe,42,bf16,cached_decode,headline,256,256,1,5,0,4.55635401885957,56185.2742215311,1.12726383004338,226.21146283935,142.697494506836,160.0,2.25,2.2412109375,1,0.130777835845947,940fe4171601463c53561284235930204c349d62,0b252757d18c79a6a6ca319df6f813e337d41c571b34f1cd538cb138a0153cc0
2217,234,motpe-seed42-20260805,22,motpe,42,bf16,cached_decode,headline,256,256,1,6,0,4.96136303991079,51598.7235646039,1.12703506706748,226.257378719816,142.697494506836,160.0,2.25,2.2412109375,1,0.130777835845947,940fe4171601463c53561284235930204c349d62,0b252757d18c79a6a6ca319df6f813e337d41c571b34f1cd538cb138a0153cc0
2218,234,motpe-seed42-20260805,22,motpe,42,bf16,cached_decode,headline,256,256,1,7,0,4.55398997291923,56214.4408578698,1.1336731739575,224.932551865745,142.697494506836,160.0,2.25,2.2412109375,1,0.130777835845947,940fe4171601463c53561284235930204c349d62,0b252757d18c79a6a6ca319df6f813e337d41c571b34f1cd538cb138a0153cc0
2219,234,motpe-seed42-20260805,22,motpe,42,bf16,cached_decode,headline,256,256,1,8,0,4.55000600777566,56263.6619737452,1.1253782119602,226.590489570469,142.697494506836,160.0,2.25,2.2412109375,1,0.130777835845947,940fe4171601463c53561284235930204c349d62,0b252757d18c79a6a6ca319df6f813e337d41c571b34f1cd538cb138a0153cc0
2220,234,motpe-seed42-20260805,22,motpe,42,bf16,cached_decode,headline,256,256,1,9,0,4.57893800921738,55908.1602512795,1.12359969003592,226.949154811398,142.697494506836,160.0,2.25,2.2412109375,1,0.130777835845947,940fe4171601463c53561284235930204c349d62,0b252757d18c79a6a6ca319df6f813e337d41c571b34f1cd538cb138a0153cc0
2221,235,motpe-seed42-20260805,23,motpe,42,bf16,cached_decode,headline,256,256,1,0,1,,,,,,,,,,,940fe4171601463c53561284235930204c349d62,0b252757d18c79a6a6ca319df6f813e337d41c571b34f1cd538cb138a0153cc0
2222,235,motpe-seed42-20260805,23,motpe,42,bf16,cached_decode,headline,256,256,1,1,1,,,,,,,,,,,940fe4171601463c53561284235930204c349d62,0b252757d18c79a6a6ca319df6f813e337d41c571b34f1cd538cb138a0153cc0
2223,235,motpe-seed42-20260805,23,motpe,42,bf16,cached_decode,headline,256,256,1,0,0,6.18278805632144,41405.2685726885,1.40652213501744,181.298248816282,122.442489624023,160.0,0.75,0.7470703125,1,0.148529529571533,940fe4171601463c53561284235930204c349d62,0b252757d18c79a6a6ca319df6f813e337d41c571b34f1cd538cb138a0153cc0
2224,235,motpe-seed42-20260805,23,motpe,42,bf16,cached_decode,headline,256,256,1,1,0,5.6857590097934,45024.7714613043,1.1948857329553,213.409527762384,122.446395874023,160.0,0.75,0.7470703125,1,0.148529529571533,940fe4171601463c53561284235930204c349d62,0b252757d18c79a6a6ca319df6f813e337d41c571b34f1cd538cb138a0153cc0
2225,235,motpe-seed42-20260805,23,motpe,42,bf16,cached_decode,headline,256,256,1,2,0,5.0088040297851,51110.0051983834,1.18485100404359,215.216933715505,122.446395874023,160.0,0.75,0.7470703125,1,0.148529529571533,940fe4171601463c53561284235930204c349d62,0b252757d18c79a6a6ca319df6f813e337d41c571b34f1cd538cb138a0153cc0
2226,235,motpe-seed42-20260805,23,motpe,42,bf16,cached_decode,headline,256,256,1,3,0,4.89346997346729,52314.6154749183,1.19147715403233,214.020049932977,122.446395874023,160.0,0.75,0.7470703125,1,0.148529529571533,940fe4171601463c53561284235930204c349d62,0b252757d18c79a6a6ca319df6f813e337d41c571b34f1cd538cb138a0153cc0
2227,235,motpe-seed42-20260805,23,motpe,42,bf16,cached_decode,headline,256,256,1,4,0,4.7188299940899,54250.7359495102,1.18053753103595,216.00329790128,122.446395874023,160.0,0.75,0.7470703125,1,0.148529529571533,940fe4171601463c53561284235930204c349d62,0b252757d18c79a6a6ca319df6f813e337d41c571b34f1cd538cb138a0153cc0
2228,235,motpe-seed42-20260805,23,motpe,42,bf16,cached_decode,headline,256,256,1,5,0,4.73751500248909,54036.7681929234,1.21400629810523,210.048333684918,122.446395874023,160.0,0.75,0.7470703125,1,0.148529529571533,940fe4171601463c53561284235930204c349d62,0b252757d18c79a6a6ca319df6f813e337d41c571b34f1cd538cb138a0153cc0
2229,235,motpe-seed42-20260805,23,motpe,42,bf16,cached_decode,headline,256,256,1,6,0,5.00139000359923,51185.7703190055,1.18979805195704,214.322085651899,122.446395874023,160.0,0.75,0.7470703125,1,0.148529529571533,940fe4171601463c53561284235930204c349d62,0b252757d18c79a6a6ca319df6f813e337d41c571b34f1cd538cb138a0153cc0
2230,235,motpe-seed42-20260805,23,motpe,42,bf16,cached_decode,headline,256,256,1,7,0,4.75821003783494,53801.744345965,1.18174756306689,215.782124685089,122.446395874023,160.0,0.75,0.7470703125,1,0.148529529571533,940fe4171601463c53561284235930204c349d62,0b252757d18c79a6a6ca319df6f813e337d41c571b34f1cd538cb138a0153cc0
2231,235,motpe-seed42-20260805,23,motpe,42,bf16,cached_decode,headline,256,256,1,8,0,4.74000896792859,54008.3366365177,1.18465048808139,215.25336170079,122.446395874023,160.0,0.75,0.7470703125,1,0.148529529571533,940fe4171601463c53561284235930204c349d62,0b252757d18c79a6a6ca319df6f813e337d41c571b34f1cd538cb138a0153cc0
2232,235,motpe-seed42-20260805,23,motpe,42,bf16,cached_decode,headline,256,256,1,9,0,4.77059104014188,53662.1139489639,1.20060126192402,212.393579856272,122.446395874023,160.0,0.75,0.7470703125,1,0.148529529571533,940fe4171601463c53561284235930204c349d62,0b252757d18c79a6a6ca319df6f813e337d41c571b34f1cd538cb138a0153cc0
2233,236,motpe-seed42-20260805,24,motpe,42,bf16,cached_decode,headline,256,256,1,0,1,,,,,,,,,,,940fe4171601463c53561284235930204c349d62,0b252757d18c79a6a6ca319df6f813e337d41c571b34f1cd538cb138a0153cc0
2234,236,motpe-seed42-20260805,24,motpe,42,bf16,cached_decode,headline,256,256,1,1,1,,,,,,,,,,,940fe4171601463c53561284235930204c349d62,0b252757d18c79a6a6ca319df6f813e337d41c571b34f1cd538cb138a0153cc0
2235,236,motpe-seed42-20260805,24,motpe,42,bf16,cached_decode,headline,256,256,1,0,0,7.92318605817854,32310.2345597134,1.57884814299177,161.510149745496,122.442489624023,192.0,0.75,0.7470703125,1,0.161637902259827,940fe4171601463c53561284235930204c349d62,0b252757d18c79a6a6ca319df6f813e337d41c571b34f1cd538cb138a0153cc0
2236,236,motpe-seed42-20260805,24,motpe,42,bf16,cached_decode,headline,256,256,1,1,0,4.99388005118817,51262.7450751628,1.19920746702701,212.640437131515,122.446395874023,192.0,0.75,0.7470703125,1,0.161637902259827,940fe4171601463c53561284235930204c349d62,0b252757d18c79a6a6ca319df6f813e337d41c571b34f1cd538cb138a0153cc0
2237,236,motpe-seed42-20260805,24,motpe,42,bf16,cached_decode,headline,256,256,1,2,0,4.82239702250808,53085.6333074909,1.20877872395795,210.956724291973,122.446395874023,192.0,0.75,0.7470703125,1,0.161637902259827,940fe4171601463c53561284235930204c349d62,0b252757d18c79a6a6ca319df6f813e337d41c571b34f1cd538cb138a0153cc0
2238,236,motpe-seed42-20260805,24,motpe,42,bf16,cached_decode,headline,256,256,1,3,0,19.202979048714,13331.2648704443,1.28798852302134,197.983130627457,122.446395874023,192.0,0.75,0.7470703125,1,0.161637902259827,940fe4171601463c53561284235930204c349d62,0b252757d18c79a6a6ca319df6f813e337d41c571b34f1cd538cb138a0153cc0
2239,236,motpe-seed42-20260805,24,motpe,42,bf16,cached_decode,headline,256,256,1,4,0,9.04790696222335,28293.8364716665,1.21027093299199,210.696624242307,122.446395874023,192.0,0.75,0.7470703125,1,0.161637902259827,940fe4171601463c53561284235930204c349d62,0b252757d18c79a6a6ca319df6f813e337d41c571b34f1cd538cb138a0153cc0
2240,236,motpe-seed42-20260805,24,motpe,42,bf16,cached_decode,headline,256,256,1,5,0,4.85253299120814,52755.9525022958,1.19441290409304,213.49400958928,122.446395874023,192.0,0.75,0.7470703125,1,0.161637902259827,940fe4171601463c53561284235930204c349d62,0b252757d18c79a6a6ca319df6f813e337d41c571b34f1cd538cb138a0153cc0
2241,236,motpe-seed42-20260805,24,motpe,42,bf16,cached_decode,headline,256,256,1,6,0,7.24974100012332,35311.6063036797,1.20906194800045,210.907307455767,122.446395874023,192.0,0.75,0.7470703125,1,0.161637902259827,940fe4171601463c53561284235930204c349d62,0b252757d18c79a6a6ca319df6f813e337d41c571b34f1cd538cb138a0153cc0
2242,236,motpe-seed42-20260805,24,motpe,42,bf16,cached_decode,headline,256,256,1,7,0,4.86154900863767,52658.1136064157,1.19538370403461,213.320625954105,122.446395874023,192.0,0.75,0.7470703125,1,0.161637902259827,940fe4171601463c53561284235930204c349d62,0b252757d18c79a6a6ca319df6f813e337d41c571b34f1cd538cb138a0153cc0
2243,236,motpe-seed42-20260805,24,motpe,42,bf16,cached_decode,headline,256,256,1,8,0,4.97728504706174,51433.662645286,1.19847392907832,212.770585836695,122.446395874023,192.0,0.75,0.7470703125,1,0.161637902259827,940fe4171601463c53561284235930204c349d62,0b252757d18c79a6a6ca319df6f813e337d41c571b34f1cd538cb138a0153cc0
2244,236,motpe-seed42-20260805,24,motpe,42,bf16,cached_decode,headline,256,256,1,9,0,5.25179994292557,48745.1926543478,1.20078011602163,212.361944204118,122.446395874023,192.0,0.75,0.7470703125,1,0.161637902259827,940fe4171601463c53561284235930204c349d62,0b252757d18c79a6a6ca319df6f813e337d41c571b34f1cd538cb138a0153cc0
2245,237,motpe-seed42-20260805,25,motpe,42,bf16,cached_decode,headline,256,256,1,0,1,,,,,,,,,,,940fe4171601463c53561284235930204c349d62,0b252757d18c79a6a6ca319df6f813e337d41c571b34f1cd538cb138a0153cc0
2246,237,motpe-seed42-20260805,25,motpe,42,bf16,cached_decode,headline,256,256,1,1,1,,,,,,,,,,,940fe4171601463c53561284235930204c349d62,0b252757d18c79a6a6ca319df6f813e337d41c571b34f1cd538cb138a0153cc0
2247,237,motpe-seed42-20260805,25,motpe,42,bf16,cached_decode,headline,256,256,1,0,0,5.01823204103857,51013.9821966101,1.10928047192283,229.878742531167,142.693588256836,160.0,2.25,2.2412109375,1,0.135228872299194,940fe4171601463c53561284235930204c349d62,0b252757d18c79a6a6ca319df6f813e337d41c571b34f1cd538cb138a0153cc0
2248,237,motpe-seed42-20260805,25,motpe,42,bf16,cached_decode,headline,256,256,1,1,0,4.57529502455145,55952.6759752717,1.11970399494749,227.738760556945,142.697494506836,160.0,2.25,2.2412109375,1,0.135228872299194,940fe4171601463c53561284235930204c349d62,0b252757d18c79a6a6ca319df6f813e337d41c571b34f1cd538cb138a0153cc0
2249,237,motpe-seed42-20260805,25,motpe,42,bf16,cached_decode,headline,256,256,1,2,0,4.97601798269898,51446.7594148738,1.1094891190296,229.835512242816,142.697494506836,160.0,2.25,2.2412109375,1,0.135228872299194,940fe4171601463c53561284235930204c349d62,0b252757d18c79a6a6ca319df6f813e337d41c571b34f1cd538cb138a0153cc0
2250,237,motpe-seed42-20260805,25,motpe,42,bf16,cached_decode,headline,256,256,1,3,0,4.49851201847196,56907.7061367855,1.10834430600516,230.072910212444,142.697494506836,160.0,2.25,2.2412109375,1,0.135228872299194,940fe4171601463c53561284235930204c349d62,0b252757d18c79a6a6ca319df6f813e337d41c571b34f1cd538cb138a0153cc0
2251,237,motpe-seed42-20260805,25,motpe,42,bf16,cached_decode,headline,256,256,1,4,0,4.4861410278827,57064.6349298616,1.11637786193751,228.417284769012,142.697494506836,160.0,2.25,2.2412109375,1,0.135228872299194,940fe4171601463c53561284235930204c349d62,0b252757d18c79a6a6ca319df6f813e337d41c571b34f1cd538cb138a0153cc0
2252,237,motpe-seed42-20260805,25,motpe,42,bf16,cached_decode,headline,256,256,1,5,0,5.37158397492021,47658.1956449452,1.11540710506961,228.616080031234,142.697494506836,160.0,2.25,2.2412109375,1,0.135228872299194,940fe4171601463c53561284235930204c349d62,0b252757d18c79a6a6ca319df6f813e337d41c571b34f1cd538cb138a0153cc0
2253,237,motpe-seed42-20260805,25,motpe,42,bf16,cached_decode,headline,256,256,1,6,0,4.45350201334804,57482.8526478076,1.10284309100825,231.220562634047,142.697494506836,160.0,2.25,2.2412109375,1,0.135228872299194,940fe4171601463c53561284235930204c349d62,0b252757d18c79a6a6ca319df6f813e337d41c571b34f1cd538cb138a0153cc0
2254,237,motpe-seed42-20260805,25,motpe,42,bf16,cached_decode,headline,256,256,1,7,0,4.4718038989231,57247.5908573831,1.11172173800878,229.373944289992,142.697494506836,160.0,2.25,2.2412109375,1,0.135228872299194,940fe4171601463c53561284235930204c349d62,0b252757d18c79a6a6ca319df6f813e337d41c571b34f1cd538cb138a0153cc0
2255,237,motpe-seed42-20260805,25,motpe,42,bf16,cached_decode,headline,256,256,1,8,0,6.11081696115434,41892.9255494573,1.12507521698717,226.651512849836,142.697494506836,160.0,2.25,2.2412109375,1,0.135228872299194,940fe4171601463c53561284235930204c349d62,0b252757d18c79a6a6ca319df6f813e337d41c571b34f1cd538cb138a0153cc0
2256,237,motpe-seed42-20260805,25,motpe,42,bf16,cached_decode,headline,256,256,1,9,0,4.52346308156848,56593.8077494453,1.11637641908601,228.417579985048,142.697494506836,160.0,2.25,2.2412109375,1,0.135228872299194,940fe4171601463c53561284235930204c349d62,0b252757d18c79a6a6ca319df6f813e337d41c571b34f1cd538cb138a0153cc0
2257,239,random-search-seed42-20260805,2,random_search,42,bf16,cached_decode,headline,256,256,1,0,1,,,,,,,,,,,e69f79cd1292a740ba63fea7730eedae0f28cd92,0b252757d18c79a6a6ca319df6f813e337d41c571b34f1cd538cb138a0153cc0
2258,239,random-search-seed42-20260805,2,random_search,42,bf16,cached_decode,headline,256,256,1,1,1,,,,,,,,,,,e69f79cd1292a740ba63fea7730eedae0f28cd92,0b252757d18c79a6a6ca319df6f813e337d41c571b34f1cd538cb138a0153cc0
2259,239,random-search-seed42-20260805,2,random_search,42,bf16,cached_decode,headline,256,256,1,0,0,7.57657899521291,33788.3364196094,1.65568774996791,154.014547733981,257.567680358887,288.0,0.875,0.87158203125,1,0.0773487091064453,e69f79cd1292a740ba63fea7730eedae0f28cd92,0b252757d18c79a6a6ca319df6f813e337d41c571b34f1cd538cb138a0153cc0
2260,239,random-search-seed42-20260805,2,random_search,42,bf16,cached_decode,headline,256,256,1,1,0,5.88147109374404,43526.5252382691,1.4619354630122,174.426304342186,257.571586608887,288.0,0.875,0.87158203125,1,0.0773487091064453,e69f79cd1292a740ba63fea7730eedae0f28cd92,0b252757d18c79a6a6ca319df6f813e337d41c571b34f1cd538cb138a0153cc0
2261,239,random-search-seed42-20260805,2,random_search,42,bf16,cached_decode,headline,256,256,1,2,0,5.90834498871118,43328.5464015944,1.47226723004133,173.202252143344,257.571586608887,288.0,0.875,0.87158203125,1,0.0773487091064453,e69f79cd1292a740ba63fea7730eedae0f28cd92,0b252757d18c79a6a6ca319df6f813e337d41c571b34f1cd538cb138a0153cc0
2262,239,random-search-seed42-20260805,2,random_search,42,bf16,cached_decode,headline,256,256,1,3,0,5.83665107842535,43860.7681974139,1.47784534201492,172.548502032242,257.571586608887,288.0,0.875,0.87158203125,1,0.0773487091064453,e69f79cd1292a740ba63fea7730eedae0f28cd92,0b252757d18c79a6a6ca319df6f813e337d41c571b34f1cd538cb138a0153cc0
2263,239,random-search-seed42-20260805,2,random_search,42,bf16,cached_decode,headline,256,256,1,4,0,5.84037497173995,43832.8020441696,1.47674287203699,172.677319002906,257.571586608887,288.0,0.875,0.87158203125,1,0.0773487091064453,e69f79cd1292a740ba63fea7730eedae0f28cd92,0b252757d18c79a6a6ca319df6f813e337d41c571b34f1cd538cb138a0153cc0
2264,239,random-search-seed42-20260805,2,random_search,42,bf16,cached_decode,headline,256,256,1,5,0,6.17327401414514,41469.0809793011,1.46771144203376,173.739873313691,257.571586608887,288.0,0.875,0.87158203125,1,0.0773487091064453,e69f79cd1292a740ba63fea7730eedae0f28cd92,0b252757d18c79a6a6ca319df6f813e337d41c571b34f1cd538cb138a0153cc0
2265,239,random-search-seed42-20260805,2,random_search,42,bf16,cached_decode,headline,256,256,1,6,0,5.6864459766075,45019.3321194142,1.46383799600881,174.199604529507,257.571586608887,288.0,0.875,0.87158203125,1,0.0773487091064453,e69f79cd1292a740ba63fea7730eedae0f28cd92,0b252757d18c79a6a6ca319df6f813e337d41c571b34f1cd538cb138a0153cc0
2266,239,random-search-seed42-20260805,2,random_search,42,bf16,cached_decode,headline,256,256,1,7,0,6.45133794751018,39681.6911597074,1.47216614300851,173.214145163591,257.571586608887,288.0,0.875,0.87158203125,1,0.0773487091064453,e69f79cd1292a740ba63fea7730eedae0f28cd92,0b252757d18c79a6a6ca319df6f813e337d41c571b34f1cd538cb138a0153cc0
2267,239,random-search-seed42-20260805,2,random_search,42,bf16,cached_decode,headline,256,256,1,8,0,5.95483288634568,42990.2912283236,1.47012297203764,173.454877483181,257.571586608887,288.0,0.875,0.87158203125,1,0.0773487091064453,e69f79cd1292a740ba63fea7730eedae0f28cd92,0b252757d18c79a6a6ca319df6f813e337d41c571b34f1cd538cb138a0153cc0
2268,239,random-search-seed42-20260805,2,random_search,42,bf16,cached_decode,headline,256,256,1,9,0,6.14149391185492,41683.6690997679,1.47136384190526,173.308594881469,257.571586608887,288.0,0.875,0.87158203125,1,0.0773487091064453,e69f79cd1292a740ba63fea7730eedae0f28cd92,0b252757d18c79a6a6ca319df6f813e337d41c571b34f1cd538cb138a0153cc0
2269,240,random-search-seed42-20260805,3,random_search,42,bf16,cached_decode,headline,256,256,1,0,1,,,,,,,,,,,e69f79cd1292a740ba63fea7730eedae0f28cd92,0b252757d18c79a6a6ca319df6f813e337d41c571b34f1cd538cb138a0153cc0
2270,240,random-search-seed42-20260805,3,random_search,42,bf16,cached_decode,headline,256,256,1,1,1,,,,,,,,,,,e69f79cd1292a740ba63fea7730eedae0f28cd92,0b252757d18c79a6a6ca319df6f813e337d41c571b34f1cd538cb138a0153cc0
2271,240,random-search-seed42-20260805,3,random_search,42,bf16,cached_decode,headline,256,256,1,0,0,8.20395292248577,31204.46965247,1.76257407397497,144.674770703351,304.320617675781,384.0,2.5,2.490234375,1,0.0940742492675781,e69f79cd1292a740ba63fea7730eedae0f28cd92,0b252757d18c79a6a6ca319df6f813e337d41c571b34f1cd538cb138a0153cc0
2272,240,random-search-seed42-20260805,3,random_search,42,bf16,cached_decode,headline,256,256,1,1,0,7.23782507702708,35369.7412241346,1.61600669298787,157.796376157654,304.324523925781,384.0,2.5,2.490234375,1,0.0940742492675781,e69f79cd1292a740ba63fea7730eedae0f28cd92,0b252757d18c79a6a6ca319df6f813e337d41c571b34f1cd538cb138a0153cc0
2273,240,random-search-seed42-20260805,3,random_search,42,bf16,cached_decode,headline,256,256,1,2,0,6.37608801480383,40150.0103834242,1.61258118506521,158.131573381645,304.324523925781,384.0,2.5,2.490234375,1,0.0940742492675781,e69f79cd1292a740ba63fea7730eedae0f28cd92,0b252757d18c79a6a6ca319df6f813e337d41c571b34f1cd538cb138a0153cc0
2274,240,random-search-seed42-20260805,3,random_search,42,bf16,cached_decode,headline,256,256,1,3,0,6.37229497078806,40173.9092702955,1.60736004891805,158.645227104933,304.324523925781,384.0,2.5,2.490234375,1,0.0940742492675781,e69f79cd1292a740ba63fea7730eedae0f28cd92,0b252757d18c79a6a6ca319df6f813e337d41c571b34f1cd538cb138a0153cc0
2275,240,random-search-seed42-20260805,3,random_search,42,bf16,cached_decode,headline,256,256,1,4,0,6.53746491298079,39158.9099762029,1.60144737001974,159.230958677622,304.324523925781,384.0,2.5,2.490234375,1,0.0940742492675781,e69f79cd1292a740ba63fea7730eedae0f28cd92,0b252757d18c79a6a6ca319df6f813e337d41c571b34f1cd538cb138a0153cc0
2276,240,random-search-seed42-20260805,3,random_search,42,bf16,cached_decode,headline,256,256,1,5,0,6.50285696610808,39367.3121420683,1.61066890100483,158.319316801185,304.324523925781,384.0,2.5,2.490234375,1,0.0940742492675781,e69f79cd1292a740ba63fea7730eedae0f28cd92,0b252757d18c79a6a6ca319df6f813e337d41c571b34f1cd538cb138a0153cc0
2277,240,random-search-seed42-20260805,3,random_search,42,bf16,cached_decode,headline,256,256,1,6,0,6.99198397342116,36613.3562338158,1.60519809392281,158.858897830377,304.324523925781,384.0,2.5,2.490234375,1,0.0940742492675781,e69f79cd1292a740ba63fea7730eedae0f28cd92,0b252757d18c79a6a6ca319df6f813e337d41c571b34f1cd538cb138a0153cc0
2278,240,random-search-seed42-20260805,3,random_search,42,bf16,cached_decode,headline,256,256,1,7,0,6.58776704221964,38859.904784026,1.61079087399412,158.307328478775,304.324523925781,384.0,2.5,2.490234375,1,0.0940742492675781,e69f79cd1292a740ba63fea7730eedae0f28cd92,0b252757d18c79a6a6ca319df6f813e337d41c571b34f1cd538cb138a0153cc0
2279,240,random-search-seed42-20260805,3,random_search,42,bf16,cached_decode,headline,256,256,1,8,0,6.62952300626785,38615.1461814019,1.61644480307586,157.753608112551,304.324523925781,384.0,2.5,2.490234375,1,0.0940742492675781,e69f79cd1292a740ba63fea7730eedae0f28cd92,0b252757d18c79a6a6ca319df6f813e337d41c571b34f1cd538cb138a0153cc0
2280,240,random-search-seed42-20260805,3,random_search,42,bf16,cached_decode,headline,256,256,1,9,0,6.45939807873219,39632.1757661739,1.60765985492617,158.615641995807,304.324523925781,384.0,2.5,2.490234375,1,0.0940742492675781,e69f79cd1292a740ba63fea7730eedae0f28cd92,0b252757d18c79a6a6ca319df6f813e337d41c571b34f1cd538cb138a0153cc0
2281,241,random-search-seed42-20260805,4,random_search,42,bf16,cached_decode,headline,256,256,1,0,1,,,,,,,,,,,e69f79cd1292a740ba63fea7730eedae0f28cd92,0b252757d18c79a6a6ca319df6f813e337d41c571b34f1cd538cb138a0153cc0
2282,241,random-search-seed42-20260805,4,random_search,42,bf16,cached_decode,headline,256,256,1,1,1,,,,,,,,,,,e69f79cd1292a740ba63fea7730eedae0f28cd92,0b252757d18c79a6a6ca319df6f813e337d41c571b34f1cd538cb138a0153cc0
2283,241,random-search-seed42-20260805,4,random_search,42,bf16,cached_decode,headline,256,256,1,0,0,8.03292996715754,31868.8201000943,1.80365144601092,141.379866139866,432.506294250488,512.0,2.25,2.2412109375,1,0.0613505840301514,e69f79cd1292a740ba63fea7730eedae0f28cd92,0b252757d18c79a6a6ca319df6f813e337d41c571b34f1cd538cb138a0153cc0
2284,241,random-search-seed42-20260805,4,random_search,42,bf16,cached_decode,headline,256,256,1,1,0,7.2678989963606,35223.3843822254,1.82466992398258,139.751303317056,432.510200500488,512.0,2.25,2.2412109375,1,0.0613505840301514,e69f79cd1292a740ba63fea7730eedae0f28cd92,0b252757d18c79a6a6ca319df6f813e337d41c571b34f1cd538cb138a0153cc0
2285,241,random-search-seed42-20260805,4,random_search,42,bf16,cached_decode,headline,256,256,1,2,0,22.1026809886098,11582.3053380685,1.8546386359958,137.4930916734,432.510200500488,512.0,2.25,2.2412109375,1,0.0613505840301514,e69f79cd1292a740ba63fea7730eedae0f28cd92,0b252757d18c79a6a6ca319df6f813e337d41c571b34f1cd538cb138a0153cc0
2286,241,random-search-seed42-20260805,4,random_search,42,bf16,cached_decode,headline,256,256,1,3,0,8.78192798700184,29150.7742239411,1.83089116506744,139.27643808943,432.510200500488,512.0,2.25,2.2412109375,1,0.0613505840301514,e69f79cd1292a740ba63fea7730eedae0f28cd92,0b252757d18c79a6a6ca319df6f813e337d41c571b34f1cd538cb138a0153cc0
2287,241,random-search-seed42-20260805,4,random_search,42,bf16,cached_decode,headline,256,256,1,4,0,7.30834202840924,35028.4645963295,1.82574420189485,139.669072882909,432.510200500488,512.0,2.25,2.2412109375,1,0.0613505840301514,e69f79cd1292a740ba63fea7730eedae0f28cd92,0b252757d18c79a6a6ca319df6f813e337d41c571b34f1cd538cb138a0153cc0
2288,241,random-search-seed42-20260805,4,random_search,42,bf16,cached_decode,headline,256,256,1,5,0,7.28355499450117,35147.6717335519,1.81345516897272,140.615552213762,432.510200500488,512.0,2.25,2.2412109375,1,0.0613505840301514,e69f79cd1292a740ba63fea7730eedae0f28cd92,0b252757d18c79a6a6ca319df6f813e337d41c571b34f1cd538cb138a0153cc0
2289,241,random-search-seed42-20260805,4,random_search,42,bf16,cached_decode,headline,256,256,1,6,0,7.40500399842858,34571.2169843967,1.82332236797083,139.854588787713,432.510200500488,512.0,2.25,2.2412109375,1,0.0613505840301514,e69f79cd1292a740ba63fea7730eedae0f28cd92,0b252757d18c79a6a6ca319df6f813e337d41c571b34f1cd538cb138a0153cc0
2290,241,random-search-seed42-20260805,4,random_search,42,bf16,cached_decode,headline,256,256,1,7,0,7.20317801460624,35539.8685803539,1.81927984301001,140.16535222976,432.510200500488,512.0,2.25,2.2412109375,1,0.0613505840301514,e69f79cd1292a740ba63fea7730eedae0f28cd92,0b252757d18c79a6a6ca319df6f813e337d41c571b34f1cd538cb138a0153cc0
2291,241,random-search-seed42-20260805,4,random_search,42,bf16,cached_decode,headline,256,256,1,8,0,7.3548179352656,34807.1158597286,1.81675515102688,140.360135957708,432.510200500488,512.0,2.25,2.2412109375,1,0.0613505840301514,e69f79cd1292a740ba63fea7730eedae0f28cd92,0b252757d18c79a6a6ca319df6f813e337d41c571b34f1cd538cb138a0153cc0
2292,241,random-search-seed42-20260805,4,random_search,42,bf16,cached_decode,headline,256,256,1,9,0,7.17100396286696,35699.3248540406,1.81240237597376,140.69723334091,432.510200500488,512.0,2.25,2.2412109375,1,0.0613505840301514,e69f79cd1292a740ba63fea7730eedae0f28cd92,0b252757d18c79a6a6ca319df6f813e337d41c571b34f1cd538cb138a0153cc0
2293,242,random-search-seed42-20260805,5,random_search,42,bf16,cached_decode,headline,256,256,1,0,1,,,,,,,,,,,e69f79cd1292a740ba63fea7730eedae0f28cd92,0b252757d18c79a6a6ca319df6f813e337d41c571b34f1cd538cb138a0153cc0
2294,242,random-search-seed42-20260805,5,random_search,42,bf16,cached_decode,headline,256,256,1,1,1,,,,,,,,,,,e69f79cd1292a740ba63fea7730eedae0f28cd92,0b252757d18c79a6a6ca319df6f813e337d41c571b34f1cd538cb138a0153cc0
2295,242,random-search-seed42-20260805,5,random_search,42,bf16,cached_decode,headline,256,256,1,0,0,8.33337393123657,30719.8503406186,1.96207517501898,129.964439307242,415.571548461914,480.0,6.25,6.2255859375,1,0.111165523529053,e69f79cd1292a740ba63fea7730eedae0f28cd92,0b252757d18c79a6a6ca319df6f813e337d41c571b34f1cd538cb138a0153cc0
2296,242,random-search-seed42-20260805,5,random_search,42,bf16,cached_decode,headline,256,256,1,1,0,7.69885699264705,33251.6892110735,1.99905444297474,127.560307772579,415.575454711914,480.0,6.25,6.2255859375,1,0.111165523529053,e69f79cd1292a740ba63fea7730eedae0f28cd92,0b252757d18c79a6a6ca319df6f813e337d41c571b34f1cd538cb138a0153cc0
2297,242,random-search-seed42-20260805,5,random_search,42,bf16,cached_decode,headline,256,256,1,2,0,8.18828097544611,31264.1933963499,1.98544255108573,128.434841824335,415.575454711914,480.0,6.25,6.2255859375,1,0.111165523529053,e69f79cd1292a740ba63fea7730eedae0f28cd92,0b252757d18c79a6a6ca319df6f813e337d41c571b34f1cd538cb138a0153cc0
2298,242,random-search-seed42-20260805,5,random_search,42,bf16,cached_decode,headline,256,256,1,3,0,7.85644701682031,32584.703931932,1.97676012199372,128.998960047217,415.575454711914,480.0,6.25,6.2255859375,1,0.111165523529053,e69f79cd1292a740ba63fea7730eedae0f28cd92,0b252757d18c79a6a6ca319df6f813e337d41c571b34f1cd538cb138a0153cc0
2299,242,random-search-seed42-20260805,5,random_search,42,bf16,cached_decode,headline,256,256,1,4,0,7.79599801171571,32837.3608632643,1.99974667804781,127.516151320194,415.575454711914,480.0,6.25,6.2255859375,1,0.111165523529053,e69f79cd1292a740ba63fea7730eedae0f28cd92,0b252757d18c79a6a6ca319df6f813e337d41c571b34f1cd538cb138a0153cc0
2300,242,random-search-seed42-20260805,5,random_search,42,bf16,cached_decode,headline,256,256,1,5,0,7.82551593147218,32713.4980289842,1.98417864495423,128.516653804568,415.575454711914,480.0,6.25,6.2255859375,1,0.111165523529053,e69f79cd1292a740ba63fea7730eedae0f28cd92,0b252757d18c79a6a6ca319df6f813e337d41c571b34f1cd538cb138a0153cc0
2301,242,random-search-seed42-20260805,5,random_search,42,bf16,cached_decode,headline,256,256,1,6,0,8.44105402939022,30327.9660464978,1.98201597901061,128.656884051607,415.575454711914,480.0,6.25,6.2255859375,1,0.111165523529053,e69f79cd1292a740ba63fea7730eedae0f28cd92,0b252757d18c79a6a6ca319df6f813e337d41c571b34f1cd538cb138a0153cc0
2302,242,random-search-seed42-20260805,5,random_search,42,bf16,cached_decode,headline,256,256,1,7,0,7.68077501561493,33329.9698896993,1.96883330098353,129.51832939468,415.575454711914,480.0,6.25,6.2255859375,1,0.111165523529053,e69f79cd1292a740ba63fea7730eedae0f28cd92,0b252757d18c79a6a6ca319df6f813e337d41c571b34f1cd538cb138a0153cc0
2303,242,random-search-seed42-20260805,5,random_search,42,bf16,cached_decode,headline,256,256,1,8,0,7.84383493009955,32637.0968131466,2.0542917320272,124.130373512414,415.575454711914,480.0,6.25,6.2255859375,1,0.111165523529053,e69f79cd1292a740ba63fea7730eedae0f28cd92,0b252757d18c79a6a6ca319df6f813e337d41c571b34f1cd538cb138a0153cc0
2304,242,random-search-seed42-20260805,5,random_search,42,bf16,cached_decode,headline,256,256,1,9,0,7.60822498705238,33647.7956994777,2.02531769603956,125.9061728926,415.575454711914,480.0,6.25,6.2255859375,1,0.111165523529053,e69f79cd1292a740ba63fea7730eedae0f28cd92,0b252757d18c79a6a6ca319df6f813e337d41c571b34f1cd538cb138a0153cc0
2305,243,random-search-seed42-20260805,6,random_search,42,bf16,cached_decode,headline,256,256,1,0,1,,,,,,,,,,,e69f79cd1292a740ba63fea7730eedae0f28cd92,0b252757d18c79a6a6ca319df6f813e337d41c571b34f1cd538cb138a0153cc0
2306,243,random-search-seed42-20260805,6,random_search,42,bf16,cached_decode,headline,256,256,1,1,1,,,,,,,,,,,e69f79cd1292a740ba63fea7730eedae0f28cd92,0b252757d18c79a6a6ca319df6f813e337d41c571b34f1cd538cb138a0153cc0
2307,243,random-search-seed42-20260805,6,random_search,42,bf16,cached_decode,headline,256,256,1,0,0,7.26815604139119,35222.1386748047,1.64832616702188,154.702391493743,159.194145202637,224.0,2.625,2.61474609375,1,0.102930068969727,e69f79cd1292a740ba63fea7730eedae0f28cd92,0b252757d18c79a6a6ca319df6f813e337d41c571b34f1cd538cb138a0153cc0
2308,243,random-search-seed42-20260805,6,random_search,42,bf16,cached_decode,headline,256,256,1,1,0,6.64097792468965,38548.5395228088,1.43769342207815,177.367438762711,159.198051452637,224.0,2.625,2.61474609375,1,0.102930068969727,e69f79cd1292a740ba63fea7730eedae0f28cd92,0b252757d18c79a6a6ca319df6f813e337d41c571b34f1cd538cb138a0153cc0
2309,243,random-search-seed42-20260805,6,random_search,42,bf16,cached_decode,headline,256,256,1,2,0,5.60333707835525,45687.0604820268,1.36840952502098,186.347723643688,159.198051452637,224.0,2.625,2.61474609375,1,0.102930068969727,e69f79cd1292a740ba63fea7730eedae0f28cd92,0b252757d18c79a6a6ca319df6f813e337d41c571b34f1cd538cb138a0153cc0
2310,243,random-search-seed42-20260805,6,random_search,42,bf16,cached_decode,headline,256,256,1,3,0,6.28562597557902,40727.8449266014,1.37355090095662,185.65020038384,159.198051452637,224.0,2.625,2.61474609375,1,0.102930068969727,e69f79cd1292a740ba63fea7730eedae0f28cd92,0b252757d18c79a6a6ca319df6f813e337d41c571b34f1cd538cb138a0153cc0
2311,243,random-search-seed42-20260805,6,random_search,42,bf16,cached_decode,headline,256,256,1,4,0,5.60022098943591,45712.4817900777,1.35728253202979,187.875401018131,159.198051452637,224.0,2.625,2.61474609375,1,0.102930068969727,e69f79cd1292a740ba63fea7730eedae0f28cd92,0b252757d18c79a6a6ca319df6f813e337d41c571b34f1cd538cb138a0153cc0
2312,243,random-search-seed42-20260805,6,random_search,42,bf16,cached_decode,headline,256,256,1,5,0,5.57632697746158,45908.3552730502,1.37120945996139,185.967211754198,159.198051452637,224.0,2.625,2.61474609375,1,0.102930068969727,e69f79cd1292a740ba63fea7730eedae0f28cd92,0b252757d18c79a6a6ca319df6f813e337d41c571b34f1cd538cb138a0153cc0
2313,243,random-search-seed42-20260805,6,random_search,42,bf16,cached_decode,headline,256,256,1,6,0,5.55386499036103,46094.0264922354,1.38859750994015,183.63852604848,159.198051452637,224.0,2.625,2.61474609375,1,0.102930068969727,e69f79cd1292a740ba63fea7730eedae0f28cd92,0b252757d18c79a6a6ca319df6f813e337d41c571b34f1cd538cb138a0153cc0
2314,243,random-search-seed42-20260805,6,random_search,42,bf16,cached_decode,headline,256,256,1,7,0,5.56110194884241,46034.0418778492,1.37991312798113,184.794241629599,159.198051452637,224.0,2.625,2.61474609375,1,0.102930068969727,e69f79cd1292a740ba63fea7730eedae0f28cd92,0b252757d18c79a6a6ca319df6f813e337d41c571b34f1cd538cb138a0153cc0
2315,243,random-search-seed42-20260805,6,random_search,42,bf16,cached_decode,headline,256,256,1,8,0,5.55312004871666,46100.2099277796,1.41586630395614,180.101750629627,159.198051452637,224.0,2.625,2.61474609375,1,0.102930068969727,e69f79cd1292a740ba63fea7730eedae0f28cd92,0b252757d18c79a6a6ca319df6f813e337d41c571b34f1cd538cb138a0153cc0
2316,243,random-search-seed42-20260805,6,random_search,42,bf16,cached_decode,headline,256,256,1,9,0,5.56941190734506,45965.3558147462,1.37220945290755,185.831688784598,159.198051452637,224.0,2.625,2.61474609375,1,0.102930068969727,e69f79cd1292a740ba63fea7730eedae0f28cd92,0b252757d18c79a6a6ca319df6f813e337d41c571b34f1cd538cb138a0153cc0
2317,244,random-search-seed42-20260805,7,random_search,42,bf16,cached_decode,headline,256,256,1,0,1,,,,,,,,,,,e69f79cd1292a740ba63fea7730eedae0f28cd92,0b252757d18c79a6a6ca319df6f813e337d41c571b34f1cd538cb138a0153cc0
2318,244,random-search-seed42-20260805,7,random_search,42,bf16,cached_decode,headline,256,256,1,1,1,,,,,,,,,,,e69f79cd1292a740ba63fea7730eedae0f28cd92,0b252757d18c79a6a6ca319df6f813e337d41c571b34f1cd538cb138a0153cc0
2319,244,random-search-seed42-20260805,7,random_search,42,bf16,cached_decode,headline,256,256,1,0,0,6.86553807463497,37287.681929229,1.37646342394873,185.257374488359,182.38053894043,224.0,1.5,1.494140625,1,0.0913276672363281,e69f79cd1292a740ba63fea7730eedae0f28cd92,0b252757d18c79a6a6ca319df6f813e337d41c571b34f1cd538cb138a0153cc0
2320,244,random-search-seed42-20260805,7,random_search,42,bf16,cached_decode,headline,256,256,1,1,0,5.10135910008103,50182.7052316183,1.21109348197933,210.553523567185,182.38444519043,224.0,1.5,1.494140625,1,0.0913276672363281,e69f79cd1292a740ba63fea7730eedae0f28cd92,0b252757d18c79a6a6ca319df6f813e337d41c571b34f1cd538cb138a0153cc0
2321,244,random-search-seed42-20260805,7,random_search,42,bf16,cached_decode,headline,256,256,1,2,0,5.46919798944145,46807.5941836847,1.22253242507577,208.583424676197,182.38444519043,224.0,1.5,1.494140625,1,0.0913276672363281,e69f79cd1292a740ba63fea7730eedae0f28cd92,0b252757d18c79a6a6ca319df6f813e337d41c571b34f1cd538cb138a0153cc0
2322,244,random-search-seed42-20260805,7,random_search,42,bf16,cached_decode,headline,256,256,1,3,0,5.07831003051251,50410.4708971784,1.21126392309088,210.523895856896,182.38444519043,224.0,1.5,1.494140625,1,0.0913276672363281,e69f79cd1292a740ba63fea7730eedae0f28cd92,0b252757d18c79a6a6ca319df6f813e337d41c571b34f1cd538cb138a0153cc0
2323,244,random-search-seed42-20260805,7,random_search,42,bf16,cached_decode,headline,256,256,1,4,0,5.09659899398685,50229.5747226804,1.21973676001653,209.061502743054,182.38444519043,224.0,1.5,1.494140625,1,0.0913276672363281,e69f79cd1292a740ba63fea7730eedae0f28cd92,0b252757d18c79a6a6ca319df6f813e337d41c571b34f1cd538cb138a0153cc0
2324,244,random-search-seed42-20260805,7,random_search,42,bf16,cached_decode,headline,256,256,1,5,0,5.12640504166484,49937.5289153629,1.21267224499024,210.279406536637,182.38444519043,224.0,1.5,1.494140625,1,0.0913276672363281,e69f79cd1292a740ba63fea7730eedae0f28cd92,0b252757d18c79a6a6ca319df6f813e337d41c571b34f1cd538cb138a0153cc0
2325,244,random-search-seed42-20260805,7,random_search,42,bf16,cached_decode,headline,256,256,1,6,0,5.06273494102061,50565.5545831108,1.21050635201391,210.655648006934,182.38444519043,224.0,1.5,1.494140625,1,0.0913276672363281,e69f79cd1292a740ba63fea7730eedae0f28cd92,0b252757d18c79a6a6ca319df6f813e337d41c571b34f1cd538cb138a0153cc0
2326,244,random-search-seed42-20260805,7,random_search,42,bf16,cached_decode,headline,256,256,1,7,0,5.14559797011316,49751.2634074617,1.22185548499692,208.698985380126,182.38444519043,224.0,1.5,1.494140625,1,0.0913276672363281,e69f79cd1292a740ba63fea7730eedae0f28cd92,0b252757d18c79a6a6ca319df6f813e337d41c571b34f1cd538cb138a0153cc0
2327,244,random-search-seed42-20260805,7,random_search,42,bf16,cached_decode,headline,256,256,1,8,0,5.24329300969839,48824.2788504253,1.22171722399071,208.722603719254,182.38444519043,224.0,1.5,1.494140625,1,0.0913276672363281,e69f79cd1292a740ba63fea7730eedae0f28cd92,0b252757d18c79a6a6ca319df6f813e337d41c571b34f1cd538cb138a0153cc0
2328,244,random-search-seed42-20260805,7,random_search,42,bf16,cached_decode,headline,256,256,1,9,0,5.12072897981852,49992.8820699026,1.23396640294231,206.650683026676,182.38444519043,224.0,1.5,1.494140625,1,0.0913276672363281,e69f79cd1292a740ba63fea7730eedae0f28cd92,0b252757d18c79a6a6ca319df6f813e337d41c571b34f1cd538cb138a0153cc0
2329,245,random-search-seed42-20260805,8,random_search,42,bf16,cached_decode,headline,256,256,1,0,1,,,,,,,,,,,e69f79cd1292a740ba63fea7730eedae0f28cd92,0b252757d18c79a6a6ca319df6f813e337d41c571b34f1cd538cb138a0153cc0
2330,245,random-search-seed42-20260805,8,random_search,42,bf16,cached_decode,headline,256,256,1,1,1,,,,,,,,,,,e69f79cd1292a740ba63fea7730eedae0f28cd92,0b252757d18c79a6a6ca319df6f813e337d41c571b34f1cd538cb138a0153cc0
2331,245,random-search-seed42-20260805,8,random_search,42,bf16,cached_decode,headline,256,256,1,0,0,7.02409900259227,36445.9555461166,1.63908542203717,155.574564065775,345.574279785156,416.0,5.0,4.98046875,1,0.0886545181274414,e69f79cd1292a740ba63fea7730eedae0f28cd92,0b252757d18c79a6a6ca319df6f813e337d41c571b34f1cd538cb138a0153cc0
2332,245,random-search-seed42-20260805,8,random_search,42,bf16,cached_decode,headline,256,256,1,1,0,8.97714402526617,28516.8645261219,1.64785452897195,154.746669391434,345.578186035156,416.0,5.0,4.98046875,1,0.0886545181274414,e69f79cd1292a740ba63fea7730eedae0f28cd92,0b252757d18c79a6a6ca319df6f813e337d41c571b34f1cd538cb138a0153cc0
2333,245,random-search-seed42-20260805,8,random_search,42,bf16,cached_decode,headline,256,256,1,2,0,6.5791339147836,38910.8966796917,1.64889112301171,154.649386148821,345.578186035156,416.0,5.0,4.98046875,1,0.0886545181274414,e69f79cd1292a740ba63fea7730eedae0f28cd92,0b252757d18c79a6a6ca319df6f813e337d41c571b34f1cd538cb138a0153cc0
2334,245,random-search-seed42-20260805,8,random_search,42,bf16,cached_decode,headline,256,256,1,3,0,6.39521796256304,40029.9100825958,1.65917616302613,153.690732595213,345.578186035156,416.0,5.0,4.98046875,1,0.0886545181274414,e69f79cd1292a740ba63fea7730eedae0f28cd92,0b252757d18c79a6a6ca319df6f813e337d41c571b34f1cd538cb138a0153cc0
2335,245,random-search-seed42-20260805,8,random_search,42,bf16,cached_decode,headline,256,256,1,4,0,6.41053798608482,39934.2458551361,1.7588232109556,144.983303842945,345.578186035156,416.0,5.0,4.98046875,1,0.0886545181274414,e69f79cd1292a740ba63fea7730eedae0f28cd92,0b252757d18c79a6a6ca319df6f813e337d41c571b34f1cd538cb138a0153cc0
2336,245,random-search-seed42-20260805,8,random_search,42,bf16,cached_decode,headline,256,256,1,5,0,7.19918590039015,35559.5762551605,1.72424915898591,147.890459259365,345.578186035156,416.0,5.0,4.98046875,1,0.0886545181274414,e69f79cd1292a740ba63fea7730eedae0f28cd92,0b252757d18c79a6a6ca319df6f813e337d41c571b34f1cd538cb138a0153cc0
2337,245,random-search-seed42-20260805,8,random_search,42,bf16,cached_decode,headline,256,256,1,6,0,6.13578199408948,41722.473231057,1.79911244299728,141.736555151147,345.578186035156,416.0,5.0,4.98046875,1,0.0886545181274414,e69f79cd1292a740ba63fea7730eedae0f28cd92,0b252757d18c79a6a6ca319df6f813e337d41c571b34f1cd538cb138a0153cc0
2338,245,random-search-seed42-20260805,8,random_search,42,bf16,cached_decode,headline,256,256,1,7,0,6.5959250787273,38811.8416968732,1.66394001897424,153.250716427385,345.578186035156,416.0,5.0,4.98046875,1,0.0886545181274414,e69f79cd1292a740ba63fea7730eedae0f28cd92,0b252757d18c79a6a6ca319df6f813e337d41c571b34f1cd538cb138a0153cc0
2339,245,random-search-seed42-20260805,8,random_search,42,bf16,cached_decode,headline,256,256,1,8,0,6.60969107411802,38731.0083223761,1.67099467897788,152.603717539053,345.578186035156,416.0,5.0,4.98046875,1,0.0886545181274414,e69f79cd1292a740ba63fea7730eedae0f28cd92,0b252757d18c79a6a6ca319df6f813e337d41c571b34f1cd538cb138a0153cc0
2340,245,random-search-seed42-20260805,8,random_search,42,bf16,cached_decode,headline,256,256,1,9,0,6.58420205581933,38880.9453035754,1.66828306904063,152.851758033271,345.578186035156,416.0,5.0,4.98046875,1,0.0886545181274414,e69f79cd1292a740ba63fea7730eedae0f28cd92,0b252757d18c79a6a6ca319df6f813e337d41c571b34f1cd538cb138a0153cc0
2341,246,random-search-seed42-20260805,9,random_search,42,bf16,cached_decode,headline,256,256,1,0,1,,,,,,,,,,,e69f79cd1292a740ba63fea7730eedae0f28cd92,0b252757d18c79a6a6ca319df6f813e337d41c571b34f1cd538cb138a0153cc0
2342,246,random-search-seed42-20260805,9,random_search,42,bf16,cached_decode,headline,256,256,1,1,1,,,,,,,,,,,e69f79cd1292a740ba63fea7730eedae0f28cd92,0b252757d18c79a6a6ca319df6f813e337d41c571b34f1cd538cb138a0153cc0
2343,246,random-search-seed42-20260805,9,random_search,42,bf16,cached_decode,headline,256,256,1,0,0,7.85244803410023,32601.2982051315,1.77073539199773,144.007964799478,167.196350097656,224.0,3.0,2.98828125,1,0.114529609680176,e69f79cd1292a740ba63fea7730eedae0f28cd92,0b252757d18c79a6a6ca319df6f813e337d41c571b34f1cd538cb138a0153cc0
2344,246,random-search-seed42-20260805,9,random_search,42,bf16,cached_decode,headline,256,256,1,1,0,6.15714304149151,41577.7249732347,1.51969316299073,167.797030486183,167.200256347656,224.0,3.0,2.98828125,1,0.114529609680176,e69f79cd1292a740ba63fea7730eedae0f28cd92,0b252757d18c79a6a6ca319df6f813e337d41c571b34f1cd538cb138a0153cc0
2345,246,random-search-seed42-20260805,9,random_search,42,bf16,cached_decode,headline,256,256,1,2,0,6.1111570103094,41890.5944599579,1.52937122399453,166.735188945148,167.200256347656,224.0,3.0,2.98828125,1,0.114529609680176,e69f79cd1292a740ba63fea7730eedae0f28cd92,0b252757d18c79a6a6ca319df6f813e337d41c571b34f1cd538cb138a0153cc0
2346,246,random-search-seed42-20260805,9,random_search,42,bf16,cached_decode,headline,256,256,1,3,0,7.21750606317073,35469.3155446462,1.53253918897826,166.390524845246,167.200256347656,224.0,3.0,2.98828125,1,0.114529609680176,e69f79cd1292a740ba63fea7730eedae0f28cd92,0b252757d18c79a6a6ca319df6f813e337d41c571b34f1cd538cb138a0153cc0
2347,246,random-search-seed42-20260805,9,random_search,42,bf16,cached_decode,headline,256,256,1,4,0,6.1311679892242,41753.8714401451,1.52980668109376,166.687728032201,167.200256347656,224.0,3.0,2.98828125,1,0.114529609680176,e69f79cd1292a740ba63fea7730eedae0f28cd92,0b252757d18c79a6a6ca319df6f813e337d41c571b34f1cd538cb138a0153cc0
2348,246,random-search-seed42-20260805,9,random_search,42,bf16,cached_decode,headline,256,256,1,5,0,6.16879900917411,41499.1637139226,1.52380171103869,167.344607997704,167.200256347656,224.0,3.0,2.98828125,1,0.114529609680176,e69f79cd1292a740ba63fea7730eedae0f28cd92,0b252757d18c79a6a6ca319df6f813e337d41c571b34f1cd538cb138a0153cc0
2349,246,random-search-seed42-20260805,9,random_search,42,bf16,cached_decode,headline,256,256,1,6,0,7.39712594076991,34608.0358844553,1.70451832993422,149.60238063843,167.200256347656,224.0,3.0,2.98828125,1,0.114529609680176,e69f79cd1292a740ba63fea7730eedae0f28cd92,0b252757d18c79a6a6ca319df6f813e337d41c571b34f1cd538cb138a0153cc0
2350,246,random-search-seed42-20260805,9,random_search,42,bf16,cached_decode,headline,256,256,1,7,0,6.20462093502283,41259.5713228786,1.54718013596721,164.815973313016,167.200256347656,224.0,3.0,2.98828125,1,0.114529609680176,e69f79cd1292a740ba63fea7730eedae0f28cd92,0b252757d18c79a6a6ca319df6f813e337d41c571b34f1cd538cb138a0153cc0
2351,246,random-search-seed42-20260805,9,random_search,42,bf16,cached_decode,headline,256,256,1,8,0,6.21397001668811,41197.4952103875,1.55229297198821,164.273113775289,167.200256347656,224.0,3.0,2.98828125,1,0.114529609680176,e69f79cd1292a740ba63fea7730eedae0f28cd92,0b252757d18c79a6a6ca319df6f813e337d41c571b34f1cd538cb138a0153cc0
2352,246,random-search-seed42-20260805,9,random_search,42,bf16,cached_decode,headline,256,256,1,9,0,6.46390009205788,39604.5725265067,1.55961003911216,163.502409964714,167.200256347656,224.0,3.0,2.98828125,1,0.114529609680176,e69f79cd1292a740ba63fea7730eedae0f28cd92,0b252757d18c79a6a6ca319df6f813e337d41c571b34f1cd538cb138a0153cc0
2353,247,random-search-seed42-20260805,10,random_search,42,bf16,cached_decode,headline,256,256,1,0,1,,,,,,,,,,,e69f79cd1292a740ba63fea7730eedae0f28cd92,0b252757d18c79a6a6ca319df6f813e337d41c571b34f1cd538cb138a0153cc0
2354,247,random-search-seed42-20260805,10,random_search,42,bf16,cached_decode,headline,256,256,1,1,1,,,,,,,,,,,e69f79cd1292a740ba63fea7730eedae0f28cd92,0b252757d18c79a6a6ca319df6f813e337d41c571b34f1cd538cb138a0153cc0
2355,247,random-search-seed42-20260805,10,random_search,42,bf16,cached_decode,headline,256,256,1,0,0,6.6092120250687,38733.8156241612,1.48458341800142,171.76535646834,179.881637573242,224.0,1.5,1.494140625,1,0.124945074319839,e69f79cd1292a740ba63fea7730eedae0f28cd92,0b252757d18c79a6a6ca319df6f813e337d41c571b34f1cd538cb138a0153cc0
2356,247,random-search-seed42-20260805,10,random_search,42,bf16,cached_decode,headline,256,256,1,1,0,6.10236695501953,41950.9350858401,1.32196815300267,192.894208094803,179.885543823242,224.0,1.5,1.494140625,1,0.124945074319839,e69f79cd1292a740ba63fea7730eedae0f28cd92,0b252757d18c79a6a6ca319df6f813e337d41c571b34f1cd538cb138a0153cc0
2357,247,random-search-seed42-20260805,10,random_search,42,bf16,cached_decode,headline,256,256,1,2,0,5.19707694184035,49258.4587191713,1.24553104699589,204.731949970285,179.885543823242,224.0,1.5,1.494140625,1,0.124945074319839,e69f79cd1292a740ba63fea7730eedae0f28cd92,0b252757d18c79a6a6ca319df6f813e337d41c571b34f1cd538cb138a0153cc0
2358,247,random-search-seed42-20260805,10,random_search,42,bf16,cached_decode,headline,256,256,1,3,0,5.42564608622342,47183.3208306794,1.25001665204763,203.997282422029,179.885543823242,224.0,1.5,1.494140625,1,0.124945074319839,e69f79cd1292a740ba63fea7730eedae0f28cd92,0b252757d18c79a6a6ca319df6f813e337d41c571b34f1cd538cb138a0153cc0
2359,247,random-search-seed42-20260805,10,random_search,42,bf16,cached_decode,headline,256,256,1,4,0,5.6096890475601,45635.3280600011,1.24692500894889,204.503076103153,179.885543823242,224.0,1.5,1.494140625,1,0.124945074319839,e69f79cd1292a740ba63fea7730eedae0f28cd92,0b252757d18c79a6a6ca319df6f813e337d41c571b34f1cd538cb138a0153cc0
2360,247,random-search-seed42-20260805,10,random_search,42,bf16,cached_decode,headline,256,256,1,5,0,5.47995197121054,46715.7379015219,1.24472819501534,204.864002455457,179.885543823242,224.0,1.5,1.494140625,1,0.124945074319839,e69f79cd1292a740ba63fea7730eedae0f28cd92,0b252757d18c79a6a6ca319df6f813e337d41c571b34f1cd538cb138a0153cc0
2361,247,random-search-seed42-20260805,10,random_search,42,bf16,cached_decode,headline,256,256,1,6,0,5.24683692492545,48791.3010568053,1.24501433596015,204.816918676961,179.885543823242,224.0,1.5,1.494140625,1,0.124945074319839,e69f79cd1292a740ba63fea7730eedae0f28cd92,0b252757d18c79a6a6ca319df6f813e337d41c571b34f1cd538cb138a0153cc0
2362,247,random-search-seed42-20260805,10,random_search,42,bf16,cached_decode,headline,256,256,1,7,0,5.39054605178535,47490.5505937034,1.24619351699948,204.623115528618,179.885543823242,224.0,1.5,1.494140625,1,0.124945074319839,e69f79cd1292a740ba63fea7730eedae0f28cd92,0b252757d18c79a6a6ca319df6f813e337d41c571b34f1cd538cb138a0153cc0
2363,247,random-search-seed42-20260805,10,random_search,42,bf16,cached_decode,headline,256,256,1,8,0,5.43586607091129,47094.6113573183,1.24477656302042,204.856042100639,179.885543823242,224.0,1.5,1.494140625,1,0.124945074319839,e69f79cd1292a740ba63fea7730eedae0f28cd92,0b252757d18c79a6a6ca319df6f813e337d41c571b34f1cd538cb138a0153cc0
2364,247,random-search-seed42-20260805,10,random_search,42,bf16,cached_decode,headline,256,256,1,9,0,5.17140701413155,49502.9687859506,1.25267864402849,203.563780076864,179.885543823242,224.0,1.5,1.494140625,1,0.124945074319839,e69f79cd1292a740ba63fea7730eedae0f28cd92,0b252757d18c79a6a6ca319df6f813e337d41c571b34f1cd538cb138a0153cc0
2365,248,random-search-seed42-20260805,11,random_search,42,bf16,cached_decode,headline,256,256,1,0,1,,,,,,,,,,,e69f79cd1292a740ba63fea7730eedae0f28cd92,0b252757d18c79a6a6ca319df6f813e337d41c571b34f1cd538cb138a0153cc0
2366,248,random-search-seed42-20260805,11,random_search,42,bf16,cached_decode,headline,256,256,1,1,1,,,,,,,,,,,e69f79cd1292a740ba63fea7730eedae0f28cd92,0b252757d18c79a6a6ca319df6f813e337d41c571b34f1cd538cb138a0153cc0
2367,248,random-search-seed42-20260805,11,random_search,42,bf16,cached_decode,headline,256,256,1,0,0,7.2115910006687,35498.4080456396,1.62468875793274,156.953138719604,202.380920410156,224.0,1.0,0.99609375,1,0.108709692955017,e69f79cd1292a740ba63fea7730eedae0f28cd92,0b252757d18c79a6a6ca319df6f813e337d41c571b34f1cd538cb138a0153cc0
2368,248,random-search-seed42-20260805,11,random_search,42,bf16,cached_decode,headline,256,256,1,1,0,6.60013093147427,38787.1093252414,1.62265446700621,157.149907873161,202.384826660156,224.0,1.0,0.99609375,1,0.108709692955017,e69f79cd1292a740ba63fea7730eedae0f28cd92,0b252757d18c79a6a6ca319df6f813e337d41c571b34f1cd538cb138a0153cc0
2369,248,random-search-seed42-20260805,11,random_search,42,bf16,cached_decode,headline,256,256,1,2,0,6.76954397931695,37816.4320642807,1.63190285104793,156.259301732485,202.384826660156,224.0,1.0,0.99609375,1,0.108709692955017,e69f79cd1292a740ba63fea7730eedae0f28cd92,0b252757d18c79a6a6ca319df6f813e337d41c571b34f1cd538cb138a0153cc0
2370,248,random-search-seed42-20260805,11,random_search,42,bf16,cached_decode,headline,256,256,1,3,0,7.46597803663462,34288.8766540485,1.63208141399082,156.24220569761,202.384826660156,224.0,1.0,0.99609375,1,0.108709692955017,e69f79cd1292a740ba63fea7730eedae0f28cd92,0b252757d18c79a6a6ca319df6f813e337d41c571b34f1cd538cb138a0153cc0
2371,248,random-search-seed42-20260805,11,random_search,42,bf16,cached_decode,headline,256,256,1,4,0,6.76039792597294,37867.5934173146,1.63550976803526,155.914690932315,202.384826660156,224.0,1.0,0.99609375,1,0.108709692955017,e69f79cd1292a740ba63fea7730eedae0f28cd92,0b252757d18c79a6a6ca319df6f813e337d41c571b34f1cd538cb138a0153cc0
2372,248,random-search-seed42-20260805,11,random_search,42,bf16,cached_decode,headline,256,256,1,5,0,6.78715098183602,37718.3299274047,1.62659071898088,156.769614522187,202.384826660156,224.0,1.0,0.99609375,1,0.108709692955017,e69f79cd1292a740ba63fea7730eedae0f28cd92,0b252757d18c79a6a6ca319df6f813e337d41c571b34f1cd538cb138a0153cc0
2373,248,random-search-seed42-20260805,11,random_search,42,bf16,cached_decode,headline,256,256,1,6,0,6.83240999933332,37468.4774515843,1.62854692304973,156.581303486466,202.384826660156,224.0,1.0,0.99609375,1,0.108709692955017,e69f79cd1292a740ba63fea7730eedae0f28cd92,0b252757d18c79a6a6ca319df6f813e337d41c571b34f1cd538cb138a0153cc0
2374,248,random-search-seed42-20260805,11,random_search,42,bf16,cached_decode,headline,256,256,1,7,0,6.83444598689675,37457.3155586879,1.72160301497206,148.117770346806,202.384826660156,224.0,1.0,0.99609375,1,0.108709692955017,e69f79cd1292a740ba63fea7730eedae0f28cd92,0b252757d18c79a6a6ca319df6f813e337d41c571b34f1cd538cb138a0153cc0
2375,248,random-search-seed42-20260805,11,random_search,42,bf16,cached_decode,headline,256,256,1,8,0,7.94432195834816,32224.2730521498,1.64309766399674,155.194670157176,202.384826660156,224.0,1.0,0.99609375,1,0.108709692955017,e69f79cd1292a740ba63fea7730eedae0f28cd92,0b252757d18c79a6a6ca319df6f813e337d41c571b34f1cd538cb138a0153cc0
2376,248,random-search-seed42-20260805,11,random_search,42,bf16,cached_decode,headline,256,256,1,9,0,6.7494340473786,37929.1060854839,1.63668674894143,155.802568918535,202.384826660156,224.0,1.0,0.99609375,1,0.108709692955017,e69f79cd1292a740ba63fea7730eedae0f28cd92,0b252757d18c79a6a6ca319df6f813e337d41c571b34f1cd538cb138a0153cc0
2377,250,random-search-seed42-20260805,13,random_search,42,bf16,cached_decode,headline,256,256,1,0,1,,,,,,,,,,,e69f79cd1292a740ba63fea7730eedae0f28cd92,0b252757d18c79a6a6ca319df6f813e337d41c571b34f1cd538cb138a0153cc0
2378,250,random-search-seed42-20260805,13,random_search,42,bf16,cached_decode,headline,256,256,1,1,1,,,,,,,,,,,e69f79cd1292a740ba63fea7730eedae0f28cd92,0b252757d18c79a6a6ca319df6f813e337d41c571b34f1cd538cb138a0153cc0
2379,250,random-search-seed42-20260805,13,random_search,42,bf16,cached_decode,headline,256,256,1,0,0,7.73445796221495,33098.634868873,1.75132960802875,145.603659545858,257.567680358887,288.0,0.875,0.87158203125,1,0.0728423595428467,e69f79cd1292a740ba63fea7730eedae0f28cd92,0b252757d18c79a6a6ca319df6f813e337d41c571b34f1cd538cb138a0153cc0
2380,250,random-search-seed42-20260805,13,random_search,42,bf16,cached_decode,headline,256,256,1,1,0,7.00916501227766,36523.6086683043,1.65252941299696,154.308902458531,257.571586608887,288.0,0.875,0.87158203125,1,0.0728423595428467,e69f79cd1292a740ba63fea7730eedae0f28cd92,0b252757d18c79a6a6ca319df6f813e337d41c571b34f1cd538cb138a0153cc0
2381,250,random-search-seed42-20260805,13,random_search,42,bf16,cached_decode,headline,256,256,1,2,0,6.01216801442206,42580.3136881578,1.44559426303022,176.398043712124,257.571586608887,288.0,0.875,0.87158203125,1,0.0728423595428467,e69f79cd1292a740ba63fea7730eedae0f28cd92,0b252757d18c79a6a6ca319df6f813e337d41c571b34f1cd538cb138a0153cc0
2382,250,random-search-seed42-20260805,13,random_search,42,bf16,cached_decode,headline,256,256,1,3,0,5.89198700617999,43448.8398788875,1.44678249093704,176.253169773187,257.571586608887,288.0,0.875,0.87158203125,1,0.0728423595428467,e69f79cd1292a740ba63fea7730eedae0f28cd92,0b252757d18c79a6a6ca319df6f813e337d41c571b34f1cd538cb138a0153cc0
2383,250,random-search-seed42-20260805,13,random_search,42,bf16,cached_decode,headline,256,256,1,4,0,6.94279302842915,36872.768488379,1.72457970899995,147.86211311037,257.571586608887,288.0,0.875,0.87158203125,1,0.0728423595428467,e69f79cd1292a740ba63fea7730eedae0f28cd92,0b252757d18c79a6a6ca319df6f813e337d41c571b34f1cd538cb138a0153cc0
2384,250,random-search-seed42-20260805,13,random_search,42,bf16,cached_decode,headline,256,256,1,5,0,6.85917504597455,37322.272472145,1.60793919803109,158.588086111866,257.571586608887,288.0,0.875,0.87158203125,1,0.0728423595428467,e69f79cd1292a740ba63fea7730eedae0f28cd92,0b252757d18c79a6a6ca319df6f813e337d41c571b34f1cd538cb138a0153cc0
2385,250,random-search-seed42-20260805,13,random_search,42,bf16,cached_decode,headline,256,256,1,6,0,8.52378900162876,30033.5918628538,1.46700844098814,173.823130716439,257.571586608887,288.0,0.875,0.87158203125,1,0.0728423595428467,e69f79cd1292a740ba63fea7730eedae0f28cd92,0b252757d18c79a6a6ca319df6f813e337d41c571b34f1cd538cb138a0153cc0
2386,250,random-search-seed42-20260805,13,random_search,42,bf16,cached_decode,headline,256,256,1,7,0,5.87202596943825,43596.537435697,1.46001743408851,174.655448658527,257.571586608887,288.0,0.875,0.87158203125,1,0.0728423595428467,e69f79cd1292a740ba63fea7730eedae0f28cd92,0b252757d18c79a6a6ca319df6f813e337d41c571b34f1cd538cb138a0153cc0
2387,250,random-search-seed42-20260805,13,random_search,42,bf16,cached_decode,headline,256,256,1,8,0,5.83708600606769,43857.5000837552,1.45366157498211,175.41909643112,257.571586608887,288.0,0.875,0.87158203125,1,0.0728423595428467,e69f79cd1292a740ba63fea7730eedae0f28cd92,0b252757d18c79a6a6ca319df6f813e337d41c571b34f1cd538cb138a0153cc0
2388,250,random-search-seed42-20260805,13,random_search,42,bf16,cached_decode,headline,256,256,1,9,0,5.77645399607718,44317.8462381681,1.47589851391967,172.776107296683,257.571586608887,288.0,0.875,0.87158203125,1,0.0728423595428467,e69f79cd1292a740ba63fea7730eedae0f28cd92,0b252757d18c79a6a6ca319df6f813e337d41c571b34f1cd538cb138a0153cc0
2389,251,random-search-seed42-20260805,14,random_search,42,bf16,cached_decode,headline,256,256,1,0,1,,,,,,,,,,,e69f79cd1292a740ba63fea7730eedae0f28cd92,0b252757d18c79a6a6ca319df6f813e337d41c571b34f1cd538cb138a0153cc0
2390,251,random-search-seed42-20260805,14,random_search,42,bf16,cached_decode,headline,256,256,1,1,1,,,,,,,,,,,e69f79cd1292a740ba63fea7730eedae0f28cd92,0b252757d18c79a6a6ca319df6f813e337d41c571b34f1cd538cb138a0153cc0
2391,251,random-search-seed42-20260805,14,random_search,42,bf16,cached_decode,headline,256,256,1,0,0,8.39510199148208,30493.9713966245,1.84476218896452,138.2291991485,142.692687988281,192.0,1.0,0.99609375,1,0.0846573114395142,e69f79cd1292a740ba63fea7730eedae0f28cd92,0b252757d18c79a6a6ca319df6f813e337d41c571b34f1cd538cb138a0153cc0
2392,251,random-search-seed42-20260805,14,random_search,42,bf16,cached_decode,headline,256,256,1,1,0,7.1976239560172,35567.2929795095,1.63521396892611,155.942894841747,142.696594238281,192.0,1.0,0.99609375,1,0.0846573114395142,e69f79cd1292a740ba63fea7730eedae0f28cd92,0b252757d18c79a6a6ca319df6f813e337d41c571b34f1cd538cb138a0153cc0
2393,251,random-search-seed42-20260805,14,random_search,42,bf16,cached_decode,headline,256,256,1,2,0,6.57341501209885,38944.7493470005,1.62618144694716,156.809069786593,142.696594238281,192.0,1.0,0.99609375,1,0.0846573114395142,e69f79cd1292a740ba63fea7730eedae0f28cd92,0b252757d18c79a6a6ca319df6f813e337d41c571b34f1cd538cb138a0153cc0
2394,251,random-search-seed42-20260805,14,random_search,42,bf16,cached_decode,headline,256,256,1,3,0,6.54636591207236,39105.6661724182,1.62605549604632,156.82121589332,142.696594238281,192.0,1.0,0.99609375,1,0.0846573114395142,e69f79cd1292a740ba63fea7730eedae0f28cd92,0b252757d18c79a6a6ca319df6f813e337d41c571b34f1cd538cb138a0153cc0
2395,251,random-search-seed42-20260805,14,random_search,42,bf16,cached_decode,headline,256,256,1,4,0,6.55992503743619,39024.8361892947,1.6208515119506,157.324713658145,142.696594238281,192.0,1.0,0.99609375,1,0.0846573114395142,e69f79cd1292a740ba63fea7730eedae0f28cd92,0b252757d18c79a6a6ca319df6f813e337d41c571b34f1cd538cb138a0153cc0
2396,251,random-search-seed42-20260805,14,random_search,42,bf16,cached_decode,headline,256,256,1,5,0,6.48798502516001,39457.5509973046,1.63267869199626,156.185048074716,142.696594238281,192.0,1.0,0.99609375,1,0.0846573114395142,e69f79cd1292a740ba63fea7730eedae0f28cd92,0b252757d18c79a6a6ca319df6f813e337d41c571b34f1cd538cb138a0153cc0
2397,251,random-search-seed42-20260805,14,random_search,42,bf16,cached_decode,headline,256,256,1,6,0,6.75150298047811,37917.4830760234,1.62719574396033,156.711324342191,142.696594238281,192.0,1.0,0.99609375,1,0.0846573114395142,e69f79cd1292a740ba63fea7730eedae0f28cd92,0b252757d18c79a6a6ca319df6f813e337d41c571b34f1cd538cb138a0153cc0
2398,251,random-search-seed42-20260805,14,random_search,42,bf16,cached_decode,headline,256,256,1,7,0,6.70557806733996,38177.1709208589,1.62820555910002,156.614131781339,142.696594238281,192.0,1.0,0.99609375,1,0.0846573114395142,e69f79cd1292a740ba63fea7730eedae0f28cd92,0b252757d18c79a6a6ca319df6f813e337d41c571b34f1cd538cb138a0153cc0
2399,251,random-search-seed42-20260805,14,random_search,42,bf16,cached_decode,headline,256,256,1,8,0,6.56733999494463,38980.7745901784,1.62865965405945,156.570465391225,142.696594238281,192.0,1.0,0.99609375,1,0.0846573114395142,e69f79cd1292a740ba63fea7730eedae0f28cd92,0b252757d18c79a6a6ca319df6f813e337d41c571b34f1cd538cb138a0153cc0
2400,251,random-search-seed42-20260805,14,random_search,42,bf16,cached_decode,headline,256,256,1,9,0,9.11838700994849,28075.1408906745,1.63242852105759,156.208983554634,142.696594238281,192.0,1.0,0.99609375,1,0.0846573114395142,e69f79cd1292a740ba63fea7730eedae0f28cd92,0b252757d18c79a6a6ca319df6f813e337d41c571b34f1cd538cb138a0153cc0
2401,252,random-search-seed42-20260805,15,random_search,42,bf16,cached_decode,headline,256,256,1,0,1,,,,,,,,,,,e69f79cd1292a740ba63fea7730eedae0f28cd92,0b252757d18c79a6a6ca319df6f813e337d41c571b34f1cd538cb138a0153cc0
2402,252,random-search-seed42-20260805,15,random_search,42,bf16,cached_decode,headline,256,256,1,1,1,,,,,,,,,,,e69f79cd1292a740ba63fea7730eedae0f28cd92,0b252757d18c79a6a6ca319df6f813e337d41c571b34f1cd538cb138a0153cc0
2403,252,random-search-seed42-20260805,15,random_search,42,bf16,cached_decode,headline,256,256,1,0,0,7.62844097334892,33558.6263162255,1.77154567406978,143.942097419474,345.574279785156,416.0,5.0,4.98046875,1,0.0854787826538086,e69f79cd1292a740ba63fea7730eedae0f28cd92,0b252757d18c79a6a6ca319df6f813e337d41c571b34f1cd538cb138a0153cc0
2404,252,random-search-seed42-20260805,15,random_search,42,bf16,cached_decode,headline,256,256,1,1,0,7.04744702670723,36325.2109636091,1.7947443620069,142.081516119018,345.578186035156,416.0,5.0,4.98046875,1,0.0854787826538086,e69f79cd1292a740ba63fea7730eedae0f28cd92,0b252757d18c79a6a6ca319df6f813e337d41c571b34f1cd538cb138a0153cc0
2405,252,random-search-seed42-20260805,15,random_search,42,bf16,cached_decode,headline,256,256,1,2,0,6.9507259177044,36830.6854609149,1.79544597794302,142.025994172292,345.578186035156,416.0,5.0,4.98046875,1,0.0854787826538086,e69f79cd1292a740ba63fea7730eedae0f28cd92,0b252757d18c79a6a6ca319df6f813e337d41c571b34f1cd538cb138a0153cc0
2406,252,random-search-seed42-20260805,15,random_search,42,bf16,cached_decode,headline,256,256,1,3,0,6.87483907677233,37237.2352488852,1.77700704603922,143.499712377827,345.578186035156,416.0,5.0,4.98046875,1,0.0854787826538086,e69f79cd1292a740ba63fea7730eedae0f28cd92,0b252757d18c79a6a6ca319df6f813e337d41c571b34f1cd538cb138a0153cc0
2407,252,random-search-seed42-20260805,15,random_search,42,bf16,cached_decode,headline,256,256,1,4,0,6.81628193706274,37557.1319325907,1.77865957096219,143.366389028595,345.578186035156,416.0,5.0,4.98046875,1,0.0854787826538086,e69f79cd1292a740ba63fea7730eedae0f28cd92,0b252757d18c79a6a6ca319df6f813e337d41c571b34f1cd538cb138a0153cc0
2408,252,random-search-seed42-20260805,15,random_search,42,bf16,cached_decode,headline,256,256,1,5,0,6.78534689359367,37728.3584781348,1.77346969000064,143.785936369687,345.578186035156,416.0,5.0,4.98046875,1,0.0854787826538086,e69f79cd1292a740ba63fea7730eedae0f28cd92,0b252757d18c79a6a6ca319df6f813e337d41c571b34f1cd538cb138a0153cc0
2409,252,random-search-seed42-20260805,15,random_search,42,bf16,cached_decode,headline,256,256,1,6,0,6.84482499491423,37400.5179373045,1.77845616196282,143.382786404229,345.578186035156,416.0,5.0,4.98046875,1,0.0854787826538086,e69f79cd1292a740ba63fea7730eedae0f28cd92,0b252757d18c79a6a6ca319df6f813e337d41c571b34f1cd538cb138a0153cc0
2410,252,random-search-seed42-20260805,15,random_search,42,bf16,cached_decode,headline,256,256,1,7,0,6.80114806164056,37640.7038458516,1.53418759803753,166.211746416269,345.578186035156,416.0,5.0,4.98046875,1,0.0854787826538086,e69f79cd1292a740ba63fea7730eedae0f28cd92,0b252757d18c79a6a6ca319df6f813e337d41c571b34f1cd538cb138a0153cc0
2411,252,random-search-seed42-20260805,15,random_search,42,bf16,cached_decode,headline,256,256,1,8,0,6.21911999769509,41163.3800432984,1.51244113803841,168.601602790788,345.578186035156,416.0,5.0,4.98046875,1,0.0854787826538086,e69f79cd1292a740ba63fea7730eedae0f28cd92,0b252757d18c79a6a6ca319df6f813e337d41c571b34f1cd538cb138a0153cc0
2412,252,random-search-seed42-20260805,15,random_search,42,bf16,cached_decode,headline,256,256,1,9,0,6.86825695447624,37272.9211642493,1.80642583000008,141.162729055966,345.578186035156,416.0,5.0,4.98046875,1,0.0854787826538086,e69f79cd1292a740ba63fea7730eedae0f28cd92,0b252757d18c79a6a6ca319df6f813e337d41c571b34f1cd538cb138a0153cc0
2413,253,random-search-seed42-20260805,16,random_search,42,bf16,cached_decode,headline,256,256,1,0,1,,,,,,,,,,,e69f79cd1292a740ba63fea7730eedae0f28cd92,0b252757d18c79a6a6ca319df6f813e337d41c571b34f1cd538cb138a0153cc0
2414,253,random-search-seed42-20260805,16,random_search,42,bf16,cached_decode,headline,256,256,1,1,1,,,,,,,,,,,e69f79cd1292a740ba63fea7730eedae0f28cd92,0b252757d18c79a6a6ca319df6f813e337d41c571b34f1cd538cb138a0153cc0
2415,253,random-search-seed42-20260805,16,random_search,42,bf16,cached_decode,headline,256,256,1,0,0,9.2006049817428,27824.2572643857,1.94850109901745,130.869826108174,308.567878723145,352.0,1.125,1.12060546875,1,0.0882604122161865,e69f79cd1292a740ba63fea7730eedae0f28cd92,0b252757d18c79a6a6ca319df6f813e337d41c571b34f1cd538cb138a0153cc0
2416,253,random-search-seed42-20260805,16,random_search,42,bf16,cached_decode,headline,256,256,1,1,0,6.96770800277591,36740.9196679899,1.77130772301462,143.961434078779,308.571784973145,352.0,1.125,1.12060546875,1,0.0882604122161865,e69f79cd1292a740ba63fea7730eedae0f28cd92,0b252757d18c79a6a6ca319df6f813e337d41c571b34f1cd538cb138a0153cc0
2417,253,random-search-seed42-20260805,16,random_search,42,bf16,cached_decode,headline,256,256,1,2,0,6.96239294484258,36768.967512762,1.78084548201878,143.190412966615,308.571784973145,352.0,1.125,1.12060546875,1,0.0882604122161865,e69f79cd1292a740ba63fea7730eedae0f28cd92,0b252757d18c79a6a6ca319df6f813e337d41c571b34f1cd538cb138a0153cc0
2418,253,random-search-seed42-20260805,16,random_search,42,bf16,cached_decode,headline,256,256,1,3,0,7.1388310752809,35860.2125894857,1.79753987607546,141.860552521782,308.571784973145,352.0,1.125,1.12060546875,1,0.0882604122161865,e69f79cd1292a740ba63fea7730eedae0f28cd92,0b252757d18c79a6a6ca319df6f813e337d41c571b34f1cd538cb138a0153cc0
2419,253,random-search-seed42-20260805,16,random_search,42,bf16,cached_decode,headline,256,256,1,4,0,7.02583801466972,36436.9345643154,1.77970341593027,143.282300701046,308.571784973145,352.0,1.125,1.12060546875,1,0.0882604122161865,e69f79cd1292a740ba63fea7730eedae0f28cd92,0b252757d18c79a6a6ca319df6f813e337d41c571b34f1cd538cb138a0153cc0
2420,253,random-search-seed42-20260805,16,random_search,42,bf16,cached_decode,headline,256,256,1,5,0,7.05985189415514,36261.3839267567,1.80369735800195,141.376267403572,308.571784973145,352.0,1.125,1.12060546875,1,0.0882604122161865,e69f79cd1292a740ba63fea7730eedae0f28cd92,0b252757d18c79a6a6ca319df6f813e337d41c571b34f1cd538cb138a0153cc0
2421,253,random-search-seed42-20260805,16,random_search,42,bf16,cached_decode,headline,256,256,1,6,0,8.07898899074644,31687.1331664418,1.81012032995932,140.874612466085,308.571784973145,352.0,1.125,1.12060546875,1,0.0882604122161865,e69f79cd1292a740ba63fea7730eedae0f28cd92,0b252757d18c79a6a6ca319df6f813e337d41c571b34f1cd538cb138a0153cc0
2422,253,random-search-seed42-20260805,16,random_search,42,bf16,cached_decode,headline,256,256,1,7,0,7.22773896995932,35419.0987062502,1.7898459660355,142.470360488519,308.571784973145,352.0,1.125,1.12060546875,1,0.0882604122161865,e69f79cd1292a740ba63fea7730eedae0f28cd92,0b252757d18c79a6a6ca319df6f813e337d41c571b34f1cd538cb138a0153cc0
2423,253,random-search-seed42-20260805,16,random_search,42,bf16,cached_decode,headline,256,256,1,8,0,6.97629200294614,36695.7116892311,1.77331486099865,143.798490391264,308.571784973145,352.0,1.125,1.12060546875,1,0.0882604122161865,e69f79cd1292a740ba63fea7730eedae0f28cd92,0b252757d18c79a6a6ca319df6f813e337d41c571b34f1cd538cb138a0153cc0
2424,253,random-search-seed42-20260805,16,random_search,42,bf16,cached_decode,headline,256,256,1,9,0,7.0474409731105,36325.2421661661,1.78178011998534,143.115302017231,308.571784973145,352.0,1.125,1.12060546875,1,0.0882604122161865,e69f79cd1292a740ba63fea7730eedae0f28cd92,0b252757d18c79a6a6ca319df6f813e337d41c571b34f1cd538cb138a0153cc0
2425,254,random-search-seed42-20260805,17,random_search,42,bf16,cached_decode,headline,256,256,1,0,1,,,,,,,,,,,e69f79cd1292a740ba63fea7730eedae0f28cd92,0b252757d18c79a6a6ca319df6f813e337d41c571b34f1cd538cb138a0153cc0
2426,254,random-search-seed42-20260805,17,random_search,42,bf16,cached_decode,headline,256,256,1,1,1,,,,,,,,,,,e69f79cd1292a740ba63fea7730eedae0f28cd92,0b252757d18c79a6a6ca319df6f813e337d41c571b34f1cd538cb138a0153cc0
2427,254,random-search-seed42-20260805,17,random_search,42,bf16,cached_decode,headline,256,256,1,0,0,8.28391709364951,30903.254717053,1.60742585395928,158.638732462778,282.067687988281,352.0,1.0,0.99609375,1,0.0910639762878418,e69f79cd1292a740ba63fea7730eedae0f28cd92,0b252757d18c79a6a6ca319df6f813e337d41c571b34f1cd538cb138a0153cc0
2428,254,random-search-seed42-20260805,17,random_search,42,bf16,cached_decode,headline,256,256,1,1,0,7.51443195622414,34067.7780424849,1.60795399500057,158.586626727408,282.071594238281,352.0,1.0,0.99609375,1,0.0910639762878418,e69f79cd1292a740ba63fea7730eedae0f28cd92,0b252757d18c79a6a6ca319df6f813e337d41c571b34f1cd538cb138a0153cc0
2429,254,random-search-seed42-20260805,17,random_search,42,bf16,cached_decode,headline,256,256,1,2,0,6.31378800608218,40546.182379483,1.59846850391477,159.527697527656,282.071594238281,352.0,1.0,0.99609375,1,0.0910639762878418,e69f79cd1292a740ba63fea7730eedae0f28cd92,0b252757d18c79a6a6ca319df6f813e337d41c571b34f1cd538cb138a0153cc0
2430,254,random-search-seed42-20260805,17,random_search,42,bf16,cached_decode,headline,256,256,1,3,0,12.4454670585692,20569.738266571,1.61892555793747,157.511874928253,282.071594238281,352.0,1.0,0.99609375,1,0.0910639762878418,e69f79cd1292a740ba63fea7730eedae0f28cd92,0b252757d18c79a6a6ca319df6f813e337d41c571b34f1cd538cb138a0153cc0
2431,254,random-search-seed42-20260805,17,random_search,42,bf16,cached_decode,headline,256,256,1,4,0,6.35467004030943,40285.3332078804,1.6025689659873,159.119517107896,282.071594238281,352.0,1.0,0.99609375,1,0.0910639762878418,e69f79cd1292a740ba63fea7730eedae0f28cd92,0b252757d18c79a6a6ca319df6f813e337d41c571b34f1cd538cb138a0153cc0
2432,254,random-search-seed42-20260805,17,random_search,42,bf16,cached_decode,headline,256,256,1,5,0,6.34021498262882,40377.179748857,1.60393930994906,158.983571521855,282.071594238281,352.0,1.0,0.99609375,1,0.0910639762878418,e69f79cd1292a740ba63fea7730eedae0f28cd92,0b252757d18c79a6a6ca319df6f813e337d41c571b34f1cd538cb138a0153cc0
2433,254,random-search-seed42-20260805,17,random_search,42,bf16,cached_decode,headline,256,256,1,6,0,6.33148802444339,40432.8333263341,1.59603492601309,159.770939748162,282.071594238281,352.0,1.0,0.99609375,1,0.0910639762878418,e69f79cd1292a740ba63fea7730eedae0f28cd92,0b252757d18c79a6a6ca319df6f813e337d41c571b34f1cd538cb138a0153cc0
2434,254,random-search-seed42-20260805,17,random_search,42,bf16,cached_decode,headline,256,256,1,7,0,6.38613104820251,40086.8691963432,1.60197660000995,159.178355038654,282.071594238281,352.0,1.0,0.99609375,1,0.0910639762878418,e69f79cd1292a740ba63fea7730eedae0f28cd92,0b252757d18c79a6a6ca319df6f813e337d41c571b34f1cd538cb138a0153cc0
2435,254,random-search-seed42-20260805,17,random_search,42,bf16,cached_decode,headline,256,256,1,8,0,6.32164592389017,40495.782756916,1.60379495797679,158.997881076822,282.071594238281,352.0,1.0,0.99609375,1,0.0910639762878418,e69f79cd1292a740ba63fea7730eedae0f28cd92,0b252757d18c79a6a6ca319df6f813e337d41c571b34f1cd538cb138a0153cc0
2436,254,random-search-seed42-20260805,17,random_search,42,bf16,cached_decode,headline,256,256,1,9,0,6.53479993343353,39174.8795078248,1.60868107993156,158.514949408648,282.071594238281,352.0,1.0,0.99609375,1,0.0910639762878418,e69f79cd1292a740ba63fea7730eedae0f28cd92,0b252757d18c79a6a6ca319df6f813e337d41c571b34f1cd538cb138a0153cc0
2437,255,random-search-seed42-20260805,18,random_search,42,bf16,cached_decode,headline,256,256,1,0,1,,,,,,,,,,,e69f79cd1292a740ba63fea7730eedae0f28cd92,0b252757d18c79a6a6ca319df6f813e337d41c571b34f1cd538cb138a0153cc0
2438,255,random-search-seed42-20260805,18,random_search,42,bf16,cached_decode,headline,256,256,1,1,1,,,,,,,,,,,e69f79cd1292a740ba63fea7730eedae0f28cd92,0b252757d18c79a6a6ca319df6f813e337d41c571b34f1cd538cb138a0153cc0
2439,255,random-search-seed42-20260805,18,random_search,42,bf16,cached_decode,headline,256,256,1,0,0,6.93327595945448,36923.382466972,1.63316698395647,156.138351133111,142.692687988281,160.0,1.0,0.99609375,1,0.0905361175537109,e69f79cd1292a740ba63fea7730eedae0f28cd92,0b252757d18c79a6a6ca319df6f813e337d41c571b34f1cd538cb138a0153cc0
2440,255,random-search-seed42-20260805,18,random_search,42,bf16,cached_decode,headline,256,256,1,1,0,6.70610694214702,38174.1600914642,1.67908792197704,151.868164056442,142.696594238281,160.0,1.0,0.99609375,1,0.0905361175537109,e69f79cd1292a740ba63fea7730eedae0f28cd92,0b252757d18c79a6a6ca319df6f813e337d41c571b34f1cd538cb138a0153cc0
2441,255,random-search-seed42-20260805,18,random_search,42,bf16,cached_decode,headline,256,256,1,2,0,8.48420604597777,30173.7132045921,1.9820671469206,128.653562719192,142.696594238281,160.0,1.0,0.99609375,1,0.0905361175537109,e69f79cd1292a740ba63fea7730eedae0f28cd92,0b252757d18c79a6a6ca319df6f813e337d41c571b34f1cd538cb138a0153cc0
2442,255,random-search-seed42-20260805,18,random_search,42,bf16,cached_decode,headline,256,256,1,3,0,7.79599894303828,32837.3569404604,1.70545180595946,149.520496040368,142.696594238281,160.0,1.0,0.99609375,1,0.0905361175537109,e69f79cd1292a740ba63fea7730eedae0f28cd92,0b252757d18c79a6a6ca319df6f813e337d41c571b34f1cd538cb138a0153cc0
2443,255,random-search-seed42-20260805,18,random_search,42,bf16,cached_decode,headline,256,256,1,4,0,6.654460914433,38470.43408802,1.65837777697016,153.764723298381,142.696594238281,160.0,1.0,0.99609375,1,0.0905361175537109,e69f79cd1292a740ba63fea7730eedae0f28cd92,0b252757d18c79a6a6ca319df6f813e337d41c571b34f1cd538cb138a0153cc0
2444,255,random-search-seed42-20260805,18,random_search,42,bf16,cached_decode,headline,256,256,1,5,0,6.61685992963612,38689.0462730527,1.64069097605534,155.422321278982,142.696594238281,160.0,1.0,0.99609375,1,0.0905361175537109,e69f79cd1292a740ba63fea7730eedae0f28cd92,0b252757d18c79a6a6ca319df6f813e337d41c571b34f1cd538cb138a0153cc0
2445,255,random-search-seed42-20260805,18,random_search,42,bf16,cached_decode,headline,256,256,1,6,0,6.57677697017789,38924.8413258988,1.6434979980113,155.156866822205,142.696594238281,160.0,1.0,0.99609375,1,0.0905361175537109,e69f79cd1292a740ba63fea7730eedae0f28cd92,0b252757d18c79a6a6ca319df6f813e337d41c571b34f1cd538cb138a0153cc0
2446,255,random-search-seed42-20260805,18,random_search,42,bf16,cached_decode,headline,256,256,1,7,0,6.47373602259904,39544.3989539169,1.64183990098536,155.313560017003,142.696594238281,160.0,1.0,0.99609375,1,0.0905361175537109,e69f79cd1292a740ba63fea7730eedae0f28cd92,0b252757d18c79a6a6ca319df6f813e337d41c571b34f1cd538cb138a0153cc0
2447,255,random-search-seed42-20260805,18,random_search,42,bf16,cached_decode,headline,256,256,1,8,0,6.83479092549533,37455.4251608578,1.65224836696871,154.335150270316,142.696594238281,160.0,1.0,0.99609375,1,0.0905361175537109,e69f79cd1292a740ba63fea7730eedae0f28cd92,0b252757d18c79a6a6ca319df6f813e337d41c571b34f1cd538cb138a0153cc0
2448,255,random-search-seed42-20260805,18,random_search,42,bf16,cached_decode,headline,256,256,1,9,0,6.65776699315757,38451.3306433074,1.63866679696366,155.614308212321,142.696594238281,160.0,1.0,0.99609375,1,0.0905361175537109,e69f79cd1292a740ba63fea7730eedae0f28cd92,0b252757d18c79a6a6ca319df6f813e337d41c571b34f1cd538cb138a0153cc0
2449,256,random-search-seed42-20260805,19,random_search,42,bf16,cached_decode,headline,256,256,1,0,1,,,,,,,,,,,e69f79cd1292a740ba63fea7730eedae0f28cd92,0b252757d18c79a6a6ca319df6f813e337d41c571b34f1cd538cb138a0153cc0
2450,256,random-search-seed42-20260805,19,random_search,42,bf16,cached_decode,headline,256,256,1,1,1,,,,,,,,,,,e69f79cd1292a740ba63fea7730eedae0f28cd92,0b252757d18c79a6a6ca319df6f813e337d41c571b34f1cd538cb138a0153cc0
2451,256,random-search-seed42-20260805,19,random_search,42,bf16,cached_decode,headline,256,256,1,0,0,7.17828504275531,35663.114305884,1.60024002799764,159.351094547409,204.880187988281,224.0,1.0,0.99609375,1,0.147411286830902,e69f79cd1292a740ba63fea7730eedae0f28cd92,0b252757d18c79a6a6ca319df6f813e337d41c571b34f1cd538cb138a0153cc0
2452,256,random-search-seed42-20260805,19,random_search,42,bf16,cached_decode,headline,256,256,1,1,0,8.02951003424823,31882.3936838094,1.76299025502522,144.640617991591,204.884094238281,256.0,1.0,0.99609375,1,0.147411286830902,e69f79cd1292a740ba63fea7730eedae0f28cd92,0b252757d18c79a6a6ca319df6f813e337d41c571b34f1cd538cb138a0153cc0
2453,256,random-search-seed42-20260805,19,random_search,42,bf16,cached_decode,headline,256,256,1,2,0,7.27601291146129,35184.1046896364,1.63288474595174,156.165339061558,204.884094238281,256.0,1.0,0.99609375,1,0.147411286830902,e69f79cd1292a740ba63fea7730eedae0f28cd92,0b252757d18c79a6a6ca319df6f813e337d41c571b34f1cd538cb138a0153cc0
2454,256,random-search-seed42-20260805,19,random_search,42,bf16,cached_decode,headline,256,256,1,3,0,7.10018700920045,36055.388353613,1.62878499890212,156.55841634831,204.884094238281,256.0,1.0,0.99609375,1,0.147411286830902,e69f79cd1292a740ba63fea7730eedae0f28cd92,0b252757d18c79a6a6ca319df6f813e337d41c571b34f1cd538cb138a0153cc0
2455,256,random-search-seed42-20260805,19,random_search,42,bf16,cached_decode,headline,256,256,1,4,0,7.02640297822654,36434.0048234202,1.61963418894447,157.442959490862,204.884094238281,256.0,1.0,0.99609375,1,0.147411286830902,e69f79cd1292a740ba63fea7730eedae0f28cd92,0b252757d18c79a6a6ca319df6f813e337d41c571b34f1cd538cb138a0153cc0
2456,256,random-search-seed42-20260805,19,random_search,42,bf16,cached_decode,headline,256,256,1,5,0,6.87357794959098,37244.0673369004,1.62382745102514,157.036389450749,204.884094238281,256.0,1.0,0.99609375,1,0.147411286830902,e69f79cd1292a740ba63fea7730eedae0f28cd92,0b252757d18c79a6a6ca319df6f813e337d41c571b34f1cd538cb138a0153cc0
2457,256,random-search-seed42-20260805,19,random_search,42,bf16,cached_decode,headline,256,256,1,6,0,6.68959796894342,38268.3684712422,1.6232522460632,157.092035830192,204.884094238281,256.0,1.0,0.99609375,1,0.147411286830902,e69f79cd1292a740ba63fea7730eedae0f28cd92,0b252757d18c79a6a6ca319df6f813e337d41c571b34f1cd538cb138a0153cc0
2458,256,random-search-seed42-20260805,19,random_search,42,bf16,cached_decode,headline,256,256,1,7,0,6.70943397562951,38155.2305201693,1.63180292397738,156.268870617329,204.884094238281,256.0,1.0,0.99609375,1,0.147411286830902,e69f79cd1292a740ba63fea7730eedae0f28cd92,0b252757d18c79a6a6ca319df6f813e337d41c571b34f1cd538cb138a0153cc0
2459,256,random-search-seed42-20260805,19,random_search,42,bf16,cached_decode,headline,256,256,1,8,0,16.9644259149209,15090.4016017918,1.64696173497941,154.830555309281,204.884094238281,256.0,1.0,0.99609375,1,0.147411286830902,e69f79cd1292a740ba63fea7730eedae0f28cd92,0b252757d18c79a6a6ca319df6f813e337d41c571b34f1cd538cb138a0153cc0
2460,256,random-search-seed42-20260805,19,random_search,42,bf16,cached_decode,headline,256,256,1,9,0,7.70494795870036,33225.4028673778,1.62957248697057,156.482759766062,204.884094238281,256.0,1.0,0.99609375,1,0.147411286830902,e69f79cd1292a740ba63fea7730eedae0f28cd92,0b252757d18c79a6a6ca319df6f813e337d41c571b34f1cd538cb138a0153cc0
2461,257,random-search-seed42-20260805,20,random_search,42,bf16,cached_decode,headline,256,256,1,0,1,,,,,,,,,,,e69f79cd1292a740ba63fea7730eedae0f28cd92,0b252757d18c79a6a6ca319df6f813e337d41c571b34f1cd538cb138a0153cc0
2462,257,random-search-seed42-20260805,20,random_search,42,bf16,cached_decode,headline,256,256,1,1,1,,,,,,,,,,,e69f79cd1292a740ba63fea7730eedae0f28cd92,0b252757d18c79a6a6ca319df6f813e337d41c571b34f1cd538cb138a0153cc0
2463,257,random-search-seed42-20260805,20,random_search,42,bf16,cached_decode,headline,256,256,1,0,0,6.15459599066526,41594.931720665,1.34276549099013,189.906578409285,270.886039733887,352.0,3.9375,3.922119140625,1,0.0613329410552979,e69f79cd1292a740ba63fea7730eedae0f28cd92,0b252757d18c79a6a6ca319df6f813e337d41c571b34f1cd538cb138a0153cc0
2464,257,random-search-seed42-20260805,20,random_search,42,bf16,cached_decode,headline,256,256,1,1,0,5.48483605962247,46674.1388834913,1.34377513395157,189.763892452851,270.889945983887,352.0,3.9375,3.922119140625,1,0.0613329410552979,e69f79cd1292a740ba63fea7730eedae0f28cd92,0b252757d18c79a6a6ca319df6f813e337d41c571b34f1cd538cb138a0153cc0
2465,257,random-search-seed42-20260805,20,random_search,42,bf16,cached_decode,headline,256,256,1,2,0,5.48551406245679,46668.3700169653,1.35025061608758,188.853829771895,270.889945983887,352.0,3.9375,3.922119140625,1,0.0613329410552979,e69f79cd1292a740ba63fea7730eedae0f28cd92,0b252757d18c79a6a6ca319df6f813e337d41c571b34f1cd538cb138a0153cc0
2466,257,random-search-seed42-20260805,20,random_search,42,bf16,cached_decode,headline,256,256,1,3,0,5.48048503696918,46711.1940408787,1.34835286997259,189.119633056578,270.889945983887,352.0,3.9375,3.922119140625,1,0.0613329410552979,e69f79cd1292a740ba63fea7730eedae0f28cd92,0b252757d18c79a6a6ca319df6f813e337d41c571b34f1cd538cb138a0153cc0
2467,257,random-search-seed42-20260805,20,random_search,42,bf16,cached_decode,headline,256,256,1,4,0,5.46803895849735,46817.5157388327,1.34493168594781,189.600708098638,270.889945983887,352.0,3.9375,3.922119140625,1,0.0613329410552979,e69f79cd1292a740ba63fea7730eedae0f28cd92,0b252757d18c79a6a6ca319df6f813e337d41c571b34f1cd538cb138a0153cc0
2468,257,random-search-seed42-20260805,20,random_search,42,bf16,cached_decode,headline,256,256,1,5,0,6.2361559830606,41050.9295622781,1.34761822398286,189.22273048991,270.889945983887,352.0,3.9375,3.922119140625,1,0.0613329410552979,e69f79cd1292a740ba63fea7730eedae0f28cd92,0b252757d18c79a6a6ca319df6f813e337d41c571b34f1cd538cb138a0153cc0
2469,257,random-search-seed42-20260805,20,random_search,42,bf16,cached_decode,headline,256,256,1,6,0,5.4683709749952,46814.6731760869,1.34229127108119,189.973670762681,270.889945983887,352.0,3.9375,3.922119140625,1,0.0613329410552979,e69f79cd1292a740ba63fea7730eedae0f28cd92,0b252757d18c79a6a6ca319df6f813e337d41c571b34f1cd538cb138a0153cc0
2470,257,random-search-seed42-20260805,20,random_search,42,bf16,cached_decode,headline,256,256,1,7,0,5.60587097425014,45666.4095866465,1.35866233496927,187.68460230096,270.889945983887,352.0,3.9375,3.922119140625,1,0.0613329410552979,e69f79cd1292a740ba63fea7730eedae0f28cd92,0b252757d18c79a6a6ca319df6f813e337d41c571b34f1cd538cb138a0153cc0
2471,257,random-search-seed42-20260805,20,random_search,42,bf16,cached_decode,headline,256,256,1,8,0,5.49441005568951,46592.8093107848,1.36618052504491,186.651760382558,270.889945983887,352.0,3.9375,3.922119140625,1,0.0613329410552979,e69f79cd1292a740ba63fea7730eedae0f28cd92,0b252757d18c79a6a6ca319df6f813e337d41c571b34f1cd538cb138a0153cc0
2472,257,random-search-seed42-20260805,20,random_search,42,bf16,cached_decode,headline,256,256,1,9,0,5.47262001782656,46778.3254028424,1.34031157998834,190.254269087356,270.889945983887,352.0,3.9375,3.922119140625,1,0.0613329410552979,e69f79cd1292a740ba63fea7730eedae0f28cd92,0b252757d18c79a6a6ca319df6f813e337d41c571b34f1cd538cb138a0153cc0
2473,258,random-search-seed42-20260805,21,random_search,42,bf16,cached_decode,headline,256,256,1,0,1,,,,,,,,,,,e69f79cd1292a740ba63fea7730eedae0f28cd92,0b252757d18c79a6a6ca319df6f813e337d41c571b34f1cd538cb138a0153cc0
2474,258,random-search-seed42-20260805,21,random_search,42,bf16,cached_decode,headline,256,256,1,1,1,,,,,,,,,,,e69f79cd1292a740ba63fea7730eedae0f28cd92,0b252757d18c79a6a6ca319df6f813e337d41c571b34f1cd538cb138a0153cc0
2475,258,random-search-seed42-20260805,21,random_search,42,bf16,cached_decode,headline,256,256,1,0,0,7.87267705891281,32517.5284194056,1.7848786409013,142.866856130473,222.755378723145,256.0,1.125,1.12060546875,1,0.0584149360656738,e69f79cd1292a740ba63fea7730eedae0f28cd92,0b252757d18c79a6a6ca319df6f813e337d41c571b34f1cd538cb138a0153cc0
2476,258,random-search-seed42-20260805,21,random_search,42,bf16,cached_decode,headline,256,256,1,1,0,7.26808910258114,35222.4630692937,1.78740051295608,142.665282991482,222.759284973145,256.0,1.125,1.12060546875,1,0.0584149360656738,e69f79cd1292a740ba63fea7730eedae0f28cd92,0b252757d18c79a6a6ca319df6f813e337d41c571b34f1cd538cb138a0153cc0
2477,258,random-search-seed42-20260805,21,random_search,42,bf16,cached_decode,headline,256,256,1,2,0,7.33219494577497,34914.5108515581,1.79783622792456,141.83716850248,222.759284973145,256.0,1.125,1.12060546875,1,0.0584149360656738,e69f79cd1292a740ba63fea7730eedae0f28cd92,0b252757d18c79a6a6ca319df6f813e337d41c571b34f1cd538cb138a0153cc0
2478,258,random-search-seed42-20260805,21,random_search,42,bf16,cached_decode,headline,256,256,1,3,0,7.37386394757777,34717.212281099,1.78558199701365,142.81057964657,222.759284973145,256.0,1.125,1.12060546875,1,0.0584149360656738,e69f79cd1292a740ba63fea7730eedae0f28cd92,0b252757d18c79a6a6ca319df6f813e337d41c571b34f1cd538cb138a0153cc0
2479,258,random-search-seed42-20260805,21,random_search,42,bf16,cached_decode,headline,256,256,1,4,0,7.55334598943591,33892.2644822627,1.80666326801293,141.144176955822,222.759284973145,256.0,1.125,1.12060546875,1,0.0584149360656738,e69f79cd1292a740ba63fea7730eedae0f28cd92,0b252757d18c79a6a6ca319df6f813e337d41c571b34f1cd538cb138a0153cc0
2480,258,random-search-seed42-20260805,21,random_search,42,bf16,cached_decode,headline,256,256,1,5,0,7.69160105846822,33283.0574615088,1.78384374198504,142.949740494781,222.759284973145,256.0,1.125,1.12060546875,1,0.0584149360656738,e69f79cd1292a740ba63fea7730eedae0f28cd92,0b252757d18c79a6a6ca319df6f813e337d41c571b34f1cd538cb138a0153cc0
2481,258,random-search-seed42-20260805,21,random_search,42,bf16,cached_decode,headline,256,256,1,6,0,7.5140988919884,34069.2881049183,1.80337203503586,141.401771262871,222.759284973145,256.0,1.125,1.12060546875,1,0.0584149360656738,e69f79cd1292a740ba63fea7730eedae0f28cd92,0b252757d18c79a6a6ca319df6f813e337d41c571b34f1cd538cb138a0153cc0
2482,258,random-search-seed42-20260805,21,random_search,42,bf16,cached_decode,headline,256,256,1,7,0,7.5847830157727,33751.7895327583,1.78969863906968,142.482088566907,222.759284973145,256.0,1.125,1.12060546875,1,0.0584149360656738,e69f79cd1292a740ba63fea7730eedae0f28cd92,0b252757d18c79a6a6ca319df6f813e337d41c571b34f1cd538cb138a0153cc0
2483,258,random-search-seed42-20260805,21,random_search,42,bf16,cached_decode,headline,256,256,1,8,0,7.36661697737873,34751.3656249701,1.78758801193908,142.650318919621,222.759284973145,256.0,1.125,1.12060546875,1,0.0584149360656738,e69f79cd1292a740ba63fea7730eedae0f28cd92,0b252757d18c79a6a6ca319df6f813e337d41c571b34f1cd538cb138a0153cc0
2484,258,random-search-seed42-20260805,21,random_search,42,bf16,cached_decode,headline,256,256,1,9,0,7.23255798220634,35395.4991622349,1.77359547000378,143.775739345712,222.759284973145,256.0,1.125,1.12060546875,1,0.0584149360656738,e69f79cd1292a740ba63fea7730eedae0f28cd92,0b252757d18c79a6a6ca319df6f813e337d41c571b34f1cd538cb138a0153cc0
2485,259,random-search-seed42-20260805,22,random_search,42,bf16,cached_decode,headline,256,256,1,0,1,,,,,,,,,,,e69f79cd1292a740ba63fea7730eedae0f28cd92,0b252757d18c79a6a6ca319df6f813e337d41c571b34f1cd538cb138a0153cc0
2486,259,random-search-seed42-20260805,22,random_search,42,bf16,cached_decode,headline,256,256,1,1,1,,,,,,,,,,,e69f79cd1292a740ba63fea7730eedae0f28cd92,0b252757d18c79a6a6ca319df6f813e337d41c571b34f1cd538cb138a0153cc0
2487,259,random-search-seed42-20260805,22,random_search,42,bf16,cached_decode,headline,256,256,1,0,0,7.1211289614439,35949.355977973,1.63972938200459,155.513466306409,156.696342468262,224.0,2.625,2.61474609375,1,0.0932936668395996,e69f79cd1292a740ba63fea7730eedae0f28cd92,0b252757d18c79a6a6ca319df6f813e337d41c571b34f1cd538cb138a0153cc0
2488,259,random-search-seed42-20260805,22,random_search,42,bf16,cached_decode,headline,256,256,1,1,0,6.60412095021456,38763.6752763716,1.37359955196735,185.643624908566,156.700248718262,224.0,2.625,2.61474609375,1,0.0932936668395996,e69f79cd1292a740ba63fea7730eedae0f28cd92,0b252757d18c79a6a6ca319df6f813e337d41c571b34f1cd538cb138a0153cc0
2489,259,random-search-seed42-20260805,22,random_search,42,bf16,cached_decode,headline,256,256,1,2,0,5.58155600447208,45865.3464723612,1.37504843692295,185.448012704652,156.700248718262,224.0,2.625,2.61474609375,1,0.0932936668395996,e69f79cd1292a740ba63fea7730eedae0f28cd92,0b252757d18c79a6a6ca319df6f813e337d41c571b34f1cd538cb138a0153cc0
2490,259,random-search-seed42-20260805,22,random_search,42,bf16,cached_decode,headline,256,256,1,3,0,5.61885093338788,45560.9168199885,1.37842855101917,184.993266289689,156.700248718262,224.0,2.625,2.61474609375,1,0.0932936668395996,e69f79cd1292a740ba63fea7730eedae0f28cd92,0b252757d18c79a6a6ca319df6f813e337d41c571b34f1cd538cb138a0153cc0
2491,259,random-search-seed42-20260805,22,random_search,42,bf16,cached_decode,headline,256,256,1,4,0,5.65499009098858,45269.7521801046,1.3818959959317,184.529082326542,156.700248718262,224.0,2.625,2.61474609375,1,0.0932936668395996,e69f79cd1292a740ba63fea7730eedae0f28cd92,0b252757d18c79a6a6ca319df6f813e337d41c571b34f1cd538cb138a0153cc0
2492,259,random-search-seed42-20260805,22,random_search,42,bf16,cached_decode,headline,256,256,1,5,0,5.59124595019966,45785.8592306887,1.37300935294479,185.723425301571,156.700248718262,224.0,2.625,2.61474609375,1,0.0932936668395996,e69f79cd1292a740ba63fea7730eedae0f28cd92,0b252757d18c79a6a6ca319df6f813e337d41c571b34f1cd538cb138a0153cc0
2493,259,random-search-seed42-20260805,22,random_search,42,bf16,cached_decode,headline,256,256,1,6,0,5.63799601513892,45406.2044940434,1.3853610639926,184.067537790539,156.700248718262,224.0,2.625,2.61474609375,1,0.0932936668395996,e69f79cd1292a740ba63fea7730eedae0f28cd92,0b252757d18c79a6a6ca319df6f813e337d41c571b34f1cd538cb138a0153cc0
2494,259,random-search-seed42-20260805,22,random_search,42,bf16,cached_decode,headline,256,256,1,7,0,5.58305799495429,45853.0074792992,1.36933997110464,186.221103145257,156.700248718262,224.0,2.625,2.61474609375,1,0.0932936668395996,e69f79cd1292a740ba63fea7730eedae0f28cd92,0b252757d18c79a6a6ca319df6f813e337d41c571b34f1cd538cb138a0153cc0
2495,259,random-search-seed42-20260805,22,random_search,42,bf16,cached_decode,headline,256,256,1,8,0,5.60742092784494,45653.7868824459,1.37075506499968,186.028858481773,156.700248718262,224.0,2.625,2.61474609375,1,0.0932936668395996,e69f79cd1292a740ba63fea7730eedae0f28cd92,0b252757d18c79a6a6ca319df6f813e337d41c571b34f1cd538cb138a0153cc0
2496,259,random-search-seed42-20260805,22,random_search,42,bf16,cached_decode,headline,256,256,1,9,0,5.59132394846529,45785.2205237128,1.36836600594688,186.353650186994,156.700248718262,224.0,2.625,2.61474609375,1,0.0932936668395996,e69f79cd1292a740ba63fea7730eedae0f28cd92,0b252757d18c79a6a6ca319df6f813e337d41c571b34f1cd538cb138a0153cc0
2497,260,random-search-seed42-20260805,23,random_search,42,bf16,cached_decode,headline,256,256,1,0,1,,,,,,,,,,,e69f79cd1292a740ba63fea7730eedae0f28cd92,0b252757d18c79a6a6ca319df6f813e337d41c571b34f1cd538cb138a0153cc0
2498,260,random-search-seed42-20260805,23,random_search,42,bf16,cached_decode,headline,256,256,1,1,1,,,,,,,,,,,e69f79cd1292a740ba63fea7730eedae0f28cd92,0b252757d18c79a6a6ca319df6f813e337d41c571b34f1cd538cb138a0153cc0
2499,260,random-search-seed42-20260805,23,random_search,42,bf16,cached_decode,headline,256,256,1,0,0,7.15070404112339,35800.6706091813,1.63140347902663,156.307132648843,190.822074890137,224.0,3.0625,3.050537109375,1,0.147088885307312,e69f79cd1292a740ba63fea7730eedae0f28cd92,0b252757d18c79a6a6ca319df6f813e337d41c571b34f1cd538cb138a0153cc0
2500,260,random-search-seed42-20260805,23,random_search,42,bf16,cached_decode,headline,256,256,1,1,0,6.48662098683417,39465.8483237422,1.39252523100004,183.12055991752,190.825981140137,224.0,3.0625,3.050537109375,1,0.147088885307312,e69f79cd1292a740ba63fea7730eedae0f28cd92,0b252757d18c79a6a6ca319df6f813e337d41c571b34f1cd538cb138a0153cc0
2501,260,random-search-seed42-20260805,23,random_search,42,bf16,cached_decode,headline,256,256,1,2,0,5.75672299601138,44469.7443627864,1.38538186601363,184.064773948392,190.825981140137,224.0,3.0625,3.050537109375,1,0.147088885307312,e69f79cd1292a740ba63fea7730eedae0f28cd92,0b252757d18c79a6a6ca319df6f813e337d41c571b34f1cd538cb138a0153cc0
2502,260,random-search-seed42-20260805,23,random_search,42,bf16,cached_decode,headline,256,256,1,3,0,5.72648493107408,44704.5618876681,1.38748371193651,183.785941273571,190.825981140137,224.0,3.0625,3.050537109375,1,0.147088885307312,e69f79cd1292a740ba63fea7730eedae0f28cd92,0b252757d18c79a6a6ca319df6f813e337d41c571b34f1cd538cb138a0153cc0
2503,260,random-search-seed42-20260805,23,random_search,42,bf16,cached_decode,headline,256,256,1,4,0,5.58805000036955,45812.0453437371,1.38737020397093,183.800977756434,190.825981140137,224.0,3.0625,3.050537109375,1,0.147088885307312,e69f79cd1292a740ba63fea7730eedae0f28cd92,0b252757d18c79a6a6ca319df6f813e337d41c571b34f1cd538cb138a0153cc0
2504,260,random-search-seed42-20260805,23,random_search,42,bf16,cached_decode,headline,256,256,1,5,0,5.57667308021337,45905.5060818098,1.38938231091015,183.534796720534,190.825981140137,224.0,3.0625,3.050537109375,1,0.147088885307312,e69f79cd1292a740ba63fea7730eedae0f28cd92,0b252757d18c79a6a6ca319df6f813e337d41c571b34f1cd538cb138a0153cc0
2505,260,random-search-seed42-20260805,23,random_search,42,bf16,cached_decode,headline,256,256,1,6,0,5.63781999517232,45407.6221339478,1.41149946209043,180.658942386237,190.825981140137,224.0,3.0625,3.050537109375,1,0.147088885307312,e69f79cd1292a740ba63fea7730eedae0f28cd92,0b252757d18c79a6a6ca319df6f813e337d41c571b34f1cd538cb138a0153cc0
2506,260,random-search-seed42-20260805,23,random_search,42,bf16,cached_decode,headline,256,256,1,7,0,5.55693893693388,46068.5285379889,1.38609748706222,183.969744105419,190.825981140137,224.0,3.0625,3.050537109375,1,0.147088885307312,e69f79cd1292a740ba63fea7730eedae0f28cd92,0b252757d18c79a6a6ca319df6f813e337d41c571b34f1cd538cb138a0153cc0
2507,260,random-search-seed42-20260805,23,random_search,42,bf16,cached_decode,headline,256,256,1,8,0,5.60981198213995,45634.3279979849,1.38091265503317,184.660484550252,190.825981140137,224.0,3.0625,3.050537109375,1,0.147088885307312,e69f79cd1292a740ba63fea7730eedae0f28cd92,0b252757d18c79a6a6ca319df6f813e337d41c571b34f1cd538cb138a0153cc0
2508,260,random-search-seed42-20260805,23,random_search,42,bf16,cached_decode,headline,256,256,1,9,0,5.74483803939074,44561.7436461533,1.40290794789325,181.76531138977,190.825981140137,224.0,3.0625,3.050537109375,1,0.147088885307312,e69f79cd1292a740ba63fea7730eedae0f28cd92,0b252757d18c79a6a6ca319df6f813e337d41c571b34f1cd538cb138a0153cc0
2509,261,random-search-seed42-20260805,24,random_search,42,bf16,cached_decode,headline,256,256,1,0,1,,,,,,,,,,,e69f79cd1292a740ba63fea7730eedae0f28cd92,0b252757d18c79a6a6ca319df6f813e337d41c571b34f1cd538cb138a0153cc0
2510,261,random-search-seed42-20260805,24,random_search,42,bf16,cached_decode,headline,256,256,1,1,1,,,,,,,,,,,e69f79cd1292a740ba63fea7730eedae0f28cd92,0b252757d18c79a6a6ca319df6f813e337d41c571b34f1cd538cb138a0153cc0
2511,261,random-search-seed42-20260805,24,random_search,42,bf16,cached_decode,headline,256,256,1,0,0,6.98268599808216,36662.1096910719,1.54792592197191,164.736565477988,190.822074890137,224.0,3.0625,3.050537109375,1,0.1853888630867,e69f79cd1292a740ba63fea7730eedae0f28cd92,0b252757d18c79a6a6ca319df6f813e337d41c571b34f1cd538cb138a0153cc0
2512,261,random-search-seed42-20260805,24,random_search,42,bf16,cached_decode,headline,256,256,1,1,0,5.75006497092545,44521.2360720157,1.35793167504016,187.785589427729,190.825981140137,224.0,3.0625,3.050537109375,1,0.1853888630867,e69f79cd1292a740ba63fea7730eedae0f28cd92,0b252757d18c79a6a6ca319df6f813e337d41c571b34f1cd538cb138a0153cc0
2513,261,random-search-seed42-20260805,24,random_search,42,bf16,cached_decode,headline,256,256,1,2,0,5.75253600254655,44502.111744572,1.36042529193219,187.441384331975,190.825981140137,224.0,3.0625,3.050537109375,1,0.1853888630867,e69f79cd1292a740ba63fea7730eedae0f28cd92,0b252757d18c79a6a6ca319df6f813e337d41c571b34f1cd538cb138a0153cc0
2514,261,random-search-seed42-20260805,24,random_search,42,bf16,cached_decode,headline,256,256,1,3,0,5.48603502102196,46663.9383487405,1.36445968202315,186.887163732019,190.825981140137,224.0,3.0625,3.050537109375,1,0.1853888630867,e69f79cd1292a740ba63fea7730eedae0f28cd92,0b252757d18c79a6a6ca319df6f813e337d41c571b34f1cd538cb138a0153cc0
2515,261,random-search-seed42-20260805,24,random_search,42,bf16,cached_decode,headline,256,256,1,4,0,5.85328892339021,43736.0949289558,1.36520710296463,186.784847109462,190.825981140137,224.0,3.0625,3.050537109375,1,0.1853888630867,e69f79cd1292a740ba63fea7730eedae0f28cd92,0b252757d18c79a6a6ca319df6f813e337d41c571b34f1cd538cb138a0153cc0
2516,261,random-search-seed42-20260805,24,random_search,42,bf16,cached_decode,headline,256,256,1,5,0,5.62182499561459,45536.8141483767,1.36037098697852,187.448866846515,190.825981140137,224.0,3.0625,3.050537109375,1,0.1853888630867,e69f79cd1292a740ba63fea7730eedae0f28cd92,0b252757d18c79a6a6ca319df6f813e337d41c571b34f1cd538cb138a0153cc0
2517,261,random-search-seed42-20260805,24,random_search,42,bf16,cached_decode,headline,256,256,1,6,0,5.51164499484003,46447.1133826046,1.36750839697197,186.470518619584,190.825981140137,224.0,3.0625,3.050537109375,1,0.1853888630867,e69f79cd1292a740ba63fea7730eedae0f28cd92,0b252757d18c79a6a6ca319df6f813e337d41c571b34f1cd538cb138a0153cc0
2518,261,random-search-seed42-20260805,24,random_search,42,bf16,cached_decode,headline,256,256,1,7,0,5.96210407093167,42937.8616935138,1.36183972307481,187.246704350973,190.825981140137,224.0,3.0625,3.050537109375,1,0.1853888630867,e69f79cd1292a740ba63fea7730eedae0f28cd92,0b252757d18c79a6a6ca319df6f813e337d41c571b34f1cd538cb138a0153cc0
2519,261,random-search-seed42-20260805,24,random_search,42,bf16,cached_decode,headline,256,256,1,8,0,5.80403802450746,44107.2230952044,1.36310426401906,187.072997078113,190.825981140137,224.0,3.0625,3.050537109375,1,0.1853888630867,e69f79cd1292a740ba63fea7730eedae0f28cd92,0b252757d18c79a6a6ca319df6f813e337d41c571b34f1cd538cb138a0153cc0
2520,261,random-search-seed42-20260805,24,random_search,42,bf16,cached_decode,headline,256,256,1,9,0,5.6541619123891,45276.3829488268,1.36215170298237,187.203818371836,190.825981140137,224.0,3.0625,3.050537109375,1,0.1853888630867,e69f79cd1292a740ba63fea7730eedae0f28cd92,0b252757d18c79a6a6ca319df6f813e337d41c571b34f1cd538cb138a0153cc0
2521,262,random-search-seed42-20260805,25,random_search,42,bf16,cached_decode,headline,256,256,1,0,1,,,,,,,,,,,e69f79cd1292a740ba63fea7730eedae0f28cd92,0b252757d18c79a6a6ca319df6f813e337d41c571b34f1cd538cb138a0153cc0
2522,262,random-search-seed42-20260805,25,random_search,42,bf16,cached_decode,headline,256,256,1,1,1,,,,,,,,,,,e69f79cd1292a740ba63fea7730eedae0f28cd92,0b252757d18c79a6a6ca319df6f813e337d41c571b34f1cd538cb138a0153cc0
2523,262,random-search-seed42-20260805,25,random_search,42,bf16,cached_decode,headline,256,256,1,0,0,6.51836895849556,39273.6283616392,1.46353982598521,174.235094578545,131.068412780762,160.0,0.875,0.87158203125,1,0.113972187042236,e69f79cd1292a740ba63fea7730eedae0f28cd92,0b252757d18c79a6a6ca319df6f813e337d41c571b34f1cd538cb138a0153cc0
2524,262,random-search-seed42-20260805,25,random_search,42,bf16,cached_decode,headline,256,256,1,1,0,6.02220103610307,42509.3746398171,1.45824436296243,174.867811237045,131.072319030762,160.0,0.875,0.87158203125,1,0.113972187042236,e69f79cd1292a740ba63fea7730eedae0f28cd92,0b252757d18c79a6a6ca319df6f813e337d41c571b34f1cd538cb138a0153cc0
2525,262,random-search-seed42-20260805,25,random_search,42,bf16,cached_decode,headline,256,256,1,2,0,21.3241629535332,12005.1605569626,1.4967895259615,170.364634156692,131.072319030762,160.0,0.875,0.87158203125,1,0.113972187042236,e69f79cd1292a740ba63fea7730eedae0f28cd92,0b252757d18c79a6a6ca319df6f813e337d41c571b34f1cd538cb138a0153cc0
2526,262,random-search-seed42-20260805,25,random_search,42,bf16,cached_decode,headline,256,256,1,3,0,6.18292903527617,41404.3244778347,1.45622892107349,175.109830816999,131.072319030762,160.0,0.875,0.87158203125,1,0.113972187042236,e69f79cd1292a740ba63fea7730eedae0f28cd92,0b252757d18c79a6a6ca319df6f813e337d41c571b34f1cd538cb138a0153cc0
2527,262,random-search-seed42-20260805,25,random_search,42,bf16,cached_decode,headline,256,256,1,4,0,8.86022299528122,28893.1779861907,1.45887523004785,174.792192469836,131.072319030762,160.0,0.875,0.87158203125,1,0.113972187042236,e69f79cd1292a740ba63fea7730eedae0f28cd92,0b252757d18c79a6a6ca319df6f813e337d41c571b34f1cd538cb138a0153cc0
2528,262,random-search-seed42-20260805,25,random_search,42,bf16,cached_decode,headline,256,256,1,5,0,6.03497005067766,42419.4317205028,1.44939340499695,175.935670136802,131.072319030762,160.0,0.875,0.87158203125,1,0.113972187042236,e69f79cd1292a740ba63fea7730eedae0f28cd92,0b252757d18c79a6a6ca319df6f813e337d41c571b34f1cd538cb138a0153cc0
2529,262,random-search-seed42-20260805,25,random_search,42,bf16,cached_decode,headline,256,256,1,6,0,7.37956201191992,34690.405688914,1.4580900000874,174.886323878989,131.072319030762,160.0,0.875,0.87158203125,1,0.113972187042236,e69f79cd1292a740ba63fea7730eedae0f28cd92,0b252757d18c79a6a6ca319df6f813e337d41c571b34f1cd538cb138a0153cc0
2530,262,random-search-seed42-20260805,25,random_search,42,bf16,cached_decode,headline,256,256,1,7,0,7.62005092110485,33595.5760204923,1.45712916692719,175.001644183506,131.072319030762,160.0,0.875,0.87158203125,1,0.113972187042236,e69f79cd1292a740ba63fea7730eedae0f28cd92,0b252757d18c79a6a6ca319df6f813e337d41c571b34f1cd538cb138a0153cc0
2531,262,random-search-seed42-20260805,25,random_search,42,bf16,cached_decode,headline,256,256,1,8,0,6.21990708168596,41158.1711170208,1.45290866598953,175.510000022148,131.072319030762,160.0,0.875,0.87158203125,1,0.113972187042236,e69f79cd1292a740ba63fea7730eedae0f28cd92,0b252757d18c79a6a6ca319df6f813e337d41c571b34f1cd538cb138a0153cc0
2532,262,random-search-seed42-20260805,25,random_search,42,bf16,cached_decode,headline,256,256,1,9,0,7.60139792691916,33678.0158677677,1.45722755894531,174.989828070889,131.072319030762,160.0,0.875,0.87158203125,1,0.113972187042236,e69f79cd1292a740ba63fea7730eedae0f28cd92,0b252757d18c79a6a6ca319df6f813e337d41c571b34f1cd538cb138a0153cc0
2533,264,nsgaii-seed42-20260805,2,nsgaii,42,bf16,cached_decode,headline,256,256,1,0,1,,,,,,,,,,,e69f79cd1292a740ba63fea7730eedae0f28cd92,0b252757d18c79a6a6ca319df6f813e337d41c571b34f1cd538cb138a0153cc0
2534,264,nsgaii-seed42-20260805,2,nsgaii,42,bf16,cached_decode,headline,256,256,1,1,1,,,,,,,,,,,e69f79cd1292a740ba63fea7730eedae0f28cd92,0b252757d18c79a6a6ca319df6f813e337d41c571b34f1cd538cb138a0153cc0
2535,264,nsgaii-seed42-20260805,2,nsgaii,42,bf16,cached_decode,headline,256,256,1,0,0,7.53721001092345,33964.8224779444,1.54104016697966,165.472649878935,257.567680358887,320.0,0.875,0.87158203125,1,0.0616791248321533,e69f79cd1292a740ba63fea7730eedae0f28cd92,0b252757d18c79a6a6ca319df6f813e337d41c571b34f1cd538cb138a0153cc0
2536,264,nsgaii-seed42-20260805,2,nsgaii,42,bf16,cached_decode,headline,256,256,1,1,0,6.56748795881867,38979.8963629996,1.43720811896492,177.427330555057,257.571586608887,320.0,0.875,0.87158203125,1,0.0616791248321533,e69f79cd1292a740ba63fea7730eedae0f28cd92,0b252757d18c79a6a6ca319df6f813e337d41c571b34f1cd538cb138a0153cc0
2537,264,nsgaii-seed42-20260805,2,nsgaii,42,bf16,cached_decode,headline,256,256,1,2,0,8.73721798416227,29299.9442687643,1.71130516508128,149.009075180281,257.571586608887,320.0,0.875,0.87158203125,1,0.0616791248321533,e69f79cd1292a740ba63fea7730eedae0f28cd92,0b252757d18c79a6a6ca319df6f813e337d41c571b34f1cd538cb138a0153cc0
2538,264,nsgaii-seed42-20260805,2,nsgaii,42,bf16,cached_decode,headline,256,256,1,3,0,6.80771889165044,37604.3729293787,1.65856052399613,153.747780868198,257.571586608887,320.0,0.875,0.87158203125,1,0.0616791248321533,e69f79cd1292a740ba63fea7730eedae0f28cd92,0b252757d18c79a6a6ca319df6f813e337d41c571b34f1cd538cb138a0153cc0
2539,264,nsgaii-seed42-20260805,2,nsgaii,42,bf16,cached_decode,headline,256,256,1,4,0,7.96145596541464,32154.9225558854,1.43112722306978,178.181223785977,257.571586608887,320.0,0.875,0.87158203125,1,0.0616791248321533,e69f79cd1292a740ba63fea7730eedae0f28cd92,0b252757d18c79a6a6ca319df6f813e337d41c571b34f1cd538cb138a0153cc0
2540,264,nsgaii-seed42-20260805,2,nsgaii,42,bf16,cached_decode,headline,256,256,1,5,0,12.5738389324397,20359.7327256624,1.4276085520396,178.620392568877,257.571586608887,320.0,0.875,0.87158203125,1,0.0616791248321533,e69f79cd1292a740ba63fea7730eedae0f28cd92,0b252757d18c79a6a6ca319df6f813e337d41c571b34f1cd538cb138a0153cc0
2541,264,nsgaii-seed42-20260805,2,nsgaii,42,bf16,cached_decode,headline,256,256,1,6,0,7.59417610242963,33710.0426099017,1.46528575499542,174.027488584161,257.571586608887,320.0,0.875,0.87158203125,1,0.0616791248321533,e69f79cd1292a740ba63fea7730eedae0f28cd92,0b252757d18c79a6a6ca319df6f813e337d41c571b34f1cd538cb138a0153cc0
2542,264,nsgaii-seed42-20260805,2,nsgaii,42,bf16,cached_decode,headline,256,256,1,7,0,6.51854497846216,39272.5678576809,1.4491149969399,175.969471393564,257.571586608887,320.0,0.875,0.87158203125,1,0.0616791248321533,e69f79cd1292a740ba63fea7730eedae0f28cd92,0b252757d18c79a6a6ca319df6f813e337d41c571b34f1cd538cb138a0153cc0
2543,264,nsgaii-seed42-20260805,2,nsgaii,42,bf16,cached_decode,headline,256,256,1,8,0,9.4717750325799,27027.6689553374,1.46408600895666,174.170095499867,257.571586608887,320.0,0.875,0.87158203125,1,0.0616791248321533,e69f79cd1292a740ba63fea7730eedae0f28cd92,0b252757d18c79a6a6ca319df6f813e337d41c571b34f1cd538cb138a0153cc0
2544,264,nsgaii-seed42-20260805,2,nsgaii,42,bf16,cached_decode,headline,256,256,1,9,0,6.91512494813651,37020.2999830086,1.42648519703653,178.761055866372,257.571586608887,320.0,0.875,0.87158203125,1,0.0616791248321533,e69f79cd1292a740ba63fea7730eedae0f28cd92,0b252757d18c79a6a6ca319df6f813e337d41c571b34f1cd538cb138a0153cc0
2545,265,nsgaii-seed42-20260805,3,nsgaii,42,bf16,cached_decode,headline,256,256,1,0,1,,,,,,,,,,,e69f79cd1292a740ba63fea7730eedae0f28cd92,0b252757d18c79a6a6ca319df6f813e337d41c571b34f1cd538cb138a0153cc0
2546,265,nsgaii-seed42-20260805,3,nsgaii,42,bf16,cached_decode,headline,256,256,1,1,1,,,,,,,,,,,e69f79cd1292a740ba63fea7730eedae0f28cd92,0b252757d18c79a6a6ca319df6f813e337d41c571b34f1cd538cb138a0153cc0
2547,265,nsgaii-seed42-20260805,3,nsgaii,42,bf16,cached_decode,headline,256,256,1,0,0,9.58965404424816,26695.4364379336,1.99506787199061,127.81520046512,304.320617675781,384.0,2.5,2.490234375,1,0.0901346206665039,e69f79cd1292a740ba63fea7730eedae0f28cd92,0b252757d18c79a6a6ca319df6f813e337d41c571b34f1cd538cb138a0153cc0
2548,265,nsgaii-seed42-20260805,3,nsgaii,42,bf16,cached_decode,headline,256,256,1,1,0,8.07188497856259,31715.0208011992,1.72409933200106,147.903311176414,304.324523925781,384.0,2.5,2.490234375,1,0.0901346206665039,e69f79cd1292a740ba63fea7730eedae0f28cd92,0b252757d18c79a6a6ca319df6f813e337d41c571b34f1cd538cb138a0153cc0
2549,265,nsgaii-seed42-20260805,3,nsgaii,42,bf16,cached_decode,headline,256,256,1,2,0,9.94882895611227,25731.6716499303,1.68034597509541,151.754462342508,304.324523925781,384.0,2.5,2.490234375,1,0.0901346206665039,e69f79cd1292a740ba63fea7730eedae0f28cd92,0b252757d18c79a6a6ca319df6f813e337d41c571b34f1cd538cb138a0153cc0
2550,265,nsgaii-seed42-20260805,3,nsgaii,42,bf16,cached_decode,headline,256,256,1,3,0,6.66573201306164,38405.3843596416,1.66598517005332,153.062586980795,304.324523925781,384.0,2.5,2.490234375,1,0.0901346206665039,e69f79cd1292a740ba63fea7730eedae0f28cd92,0b252757d18c79a6a6ca319df6f813e337d41c571b34f1cd538cb138a0153cc0
2551,265,nsgaii-seed42-20260805,3,nsgaii,42,bf16,cached_decode,headline,256,256,1,4,0,8.81468201987445,29042.4543304905,1.68069468508475,151.722976375773,304.324523925781,384.0,2.5,2.490234375,1,0.0901346206665039,e69f79cd1292a740ba63fea7730eedae0f28cd92,0b252757d18c79a6a6ca319df6f813e337d41c571b34f1cd538cb138a0153cc0
2552,265,nsgaii-seed42-20260805,3,nsgaii,42,bf16,cached_decode,headline,256,256,1,5,0,6.77401595748961,37791.4669239828,1.64785372302867,154.746745075966,304.324523925781,384.0,2.5,2.490234375,1,0.0901346206665039,e69f79cd1292a740ba63fea7730eedae0f28cd92,0b252757d18c79a6a6ca319df6f813e337d41c571b34f1cd538cb138a0153cc0
2553,265,nsgaii-seed42-20260805,3,nsgaii,42,bf16,cached_decode,headline,256,256,1,6,0,8.10640898998827,31579.9511616266,1.64670511800796,154.854683580796,304.324523925781,384.0,2.5,2.490234375,1,0.0901346206665039,e69f79cd1292a740ba63fea7730eedae0f28cd92,0b252757d18c79a6a6ca319df6f813e337d41c571b34f1cd538cb138a0153cc0
2554,265,nsgaii-seed42-20260805,3,nsgaii,42,bf16,cached_decode,headline,256,256,1,7,0,6.63251697551459,38597.7150069997,1.65049187303521,154.499397522668,304.324523925781,384.0,2.5,2.490234375,1,0.0901346206665039,e69f79cd1292a740ba63fea7730eedae0f28cd92,0b252757d18c79a6a6ca319df6f813e337d41c571b34f1cd538cb138a0153cc0
2555,265,nsgaii-seed42-20260805,3,nsgaii,42,bf16,cached_decode,headline,256,256,1,8,0,9.96656296774745,25685.8859797942,1.66482560301665,153.169196544035,304.324523925781,384.0,2.5,2.490234375,1,0.0901346206665039,e69f79cd1292a740ba63fea7730eedae0f28cd92,0b252757d18c79a6a6ca319df6f813e337d41c571b34f1cd538cb138a0153cc0
2556,265,nsgaii-seed42-20260805,3,nsgaii,42,bf16,cached_decode,headline,256,256,1,9,0,7.60334299411625,33669.4004463698,1.65053019905463,154.495809980366,304.324523925781,384.0,2.5,2.490234375,1,0.0901346206665039,e69f79cd1292a740ba63fea7730eedae0f28cd92,0b252757d18c79a6a6ca319df6f813e337d41c571b34f1cd538cb138a0153cc0
2557,266,nsgaii-seed42-20260805,4,nsgaii,42,bf16,cached_decode,headline,256,256,1,0,1,,,,,,,,,,,e69f79cd1292a740ba63fea7730eedae0f28cd92,0b252757d18c79a6a6ca319df6f813e337d41c571b34f1cd538cb138a0153cc0
2558,266,nsgaii-seed42-20260805,4,nsgaii,42,bf16,cached_decode,headline,256,256,1,1,1,,,,,,,,,,,e69f79cd1292a740ba63fea7730eedae0f28cd92,0b252757d18c79a6a6ca319df6f813e337d41c571b34f1cd538cb138a0153cc0
2559,266,nsgaii-seed42-20260805,4,nsgaii,42,bf16,cached_decode,headline,256,256,1,0,0,9.43512993399054,27132.6417114561,1.82498638494872,139.727069803409,432.506294250488,512.0,2.25,2.2412109375,1,0.0713582038879395,e69f79cd1292a740ba63fea7730eedae0f28cd92,0b252757d18c79a6a6ca319df6f813e337d41c571b34f1cd538cb138a0153cc0
2560,266,nsgaii-seed42-20260805,4,nsgaii,42,bf16,cached_decode,headline,256,256,1,1,0,18.3808649890125,13927.5273580993,1.83158754499163,139.223484401432,432.510200500488,512.0,2.25,2.2412109375,1,0.0713582038879395,e69f79cd1292a740ba63fea7730eedae0f28cd92,0b252757d18c79a6a6ca319df6f813e337d41c571b34f1cd538cb138a0153cc0
2561,266,nsgaii-seed42-20260805,4,nsgaii,42,bf16,cached_decode,headline,256,256,1,2,0,9.69184399582446,26413.9621015663,1.8003080469789,141.642426376928,432.510200500488,512.0,2.25,2.2412109375,1,0.0713582038879395,e69f79cd1292a740ba63fea7730eedae0f28cd92,0b252757d18c79a6a6ca319df6f813e337d41c571b34f1cd538cb138a0153cc0
2562,266,nsgaii-seed42-20260805,4,nsgaii,42,bf16,cached_decode,headline,256,256,1,3,0,8.34855297580361,30663.9965922188,1.78522671200335,142.839000943384,432.510200500488,512.0,2.25,2.2412109375,1,0.0713582038879395,e69f79cd1292a740ba63fea7730eedae0f28cd92,0b252757d18c79a6a6ca319df6f813e337d41c571b34f1cd538cb138a0153cc0
2563,266,nsgaii-seed42-20260805,4,nsgaii,42,bf16,cached_decode,headline,256,256,1,4,0,27.4499770021066,9326.05517229955,1.82258146395907,139.911441569301,432.510200500488,512.0,2.25,2.2412109375,1,0.0713582038879395,e69f79cd1292a740ba63fea7730eedae0f28cd92,0b252757d18c79a6a6ca319df6f813e337d41c571b34f1cd538cb138a0153cc0
2564,266,nsgaii-seed42-20260805,4,nsgaii,42,bf16,cached_decode,headline,256,256,1,5,0,15.7298999838531,16274.7379362098,1.80315432103816,141.418844202522,432.510200500488,512.0,2.25,2.2412109375,1,0.0713582038879395,e69f79cd1292a740ba63fea7730eedae0f28cd92,0b252757d18c79a6a6ca319df6f813e337d41c571b34f1cd538cb138a0153cc0
2565,266,nsgaii-seed42-20260805,4,nsgaii,42,bf16,cached_decode,headline,256,256,1,6,0,10.8522539958358,23589.5695123089,1.8014765959233,141.550548354088,432.510200500488,512.0,2.25,2.2412109375,1,0.0713582038879395,e69f79cd1292a740ba63fea7730eedae0f28cd92,0b252757d18c79a6a6ca319df6f813e337d41c571b34f1cd538cb138a0153cc0
2566,266,nsgaii-seed42-20260805,4,nsgaii,42,bf16,cached_decode,headline,256,256,1,7,0,27.0632330793887,9459.32805770234,1.8769027920207,135.862124071681,432.510200500488,512.0,2.25,2.2412109375,1,0.0713582038879395,e69f79cd1292a740ba63fea7730eedae0f28cd92,0b252757d18c79a6a6ca319df6f813e337d41c571b34f1cd538cb138a0153cc0
2567,266,nsgaii-seed42-20260805,4,nsgaii,42,bf16,cached_decode,headline,256,256,1,8,0,10.9615350374952,23354.3932600975,1.94885209493805,130.84625593822,432.510200500488,512.0,2.25,2.2412109375,1,0.0713582038879395,e69f79cd1292a740ba63fea7730eedae0f28cd92,0b252757d18c79a6a6ca319df6f813e337d41c571b34f1cd538cb138a0153cc0
2568,266,nsgaii-seed42-20260805,4,nsgaii,42,bf16,cached_decode,headline,256,256,1,9,0,7.13321904186159,35888.4254777056,1.77032523707021,144.041329050932,432.510200500488,512.0,2.25,2.2412109375,1,0.0713582038879395,e69f79cd1292a740ba63fea7730eedae0f28cd92,0b252757d18c79a6a6ca319df6f813e337d41c571b34f1cd538cb138a0153cc0
2569,267,nsgaii-seed42-20260805,5,nsgaii,42,bf16,cached_decode,headline,256,256,1,0,1,,,,,,,,,,,e69f79cd1292a740ba63fea7730eedae0f28cd92,0b252757d18c79a6a6ca319df6f813e337d41c571b34f1cd538cb138a0153cc0
2570,267,nsgaii-seed42-20260805,5,nsgaii,42,bf16,cached_decode,headline,256,256,1,1,1,,,,,,,,,,,e69f79cd1292a740ba63fea7730eedae0f28cd92,0b252757d18c79a6a6ca319df6f813e337d41c571b34f1cd538cb138a0153cc0
2571,267,nsgaii-seed42-20260805,5,nsgaii,42,bf16,cached_decode,headline,256,256,1,0,0,12.1989059261978,20985.4884978027,2.23717186402064,113.983196419123,415.571548461914,448.0,6.25,6.2255859375,1,0.0867586135864258,e69f79cd1292a740ba63fea7730eedae0f28cd92,0b252757d18c79a6a6ca319df6f813e337d41c571b34f1cd538cb138a0153cc0
2572,267,nsgaii-seed42-20260805,5,nsgaii,42,bf16,cached_decode,headline,256,256,1,1,0,13.071303954348,19584.8861669876,2.07202809106093,123.067829582095,415.575454711914,448.0,6.25,6.2255859375,1,0.0867586135864258,e69f79cd1292a740ba63fea7730eedae0f28cd92,0b252757d18c79a6a6ca319df6f813e337d41c571b34f1cd538cb138a0153cc0
2573,267,nsgaii-seed42-20260805,5,nsgaii,42,bf16,cached_decode,headline,256,256,1,2,0,7.42233195342124,34490.5080514487,1.96973667200655,129.458929015235,415.575454711914,448.0,6.25,6.2255859375,1,0.0867586135864258,e69f79cd1292a740ba63fea7730eedae0f28cd92,0b252757d18c79a6a6ca319df6f813e337d41c571b34f1cd538cb138a0153cc0
2574,267,nsgaii-seed42-20260805,5,nsgaii,42,bf16,cached_decode,headline,256,256,1,3,0,8.09552299324423,31622.4165151076,1.97510564408731,129.107018028818,415.575454711914,448.0,6.25,6.2255859375,1,0.0867586135864258,e69f79cd1292a740ba63fea7730eedae0f28cd92,0b252757d18c79a6a6ca319df6f813e337d41c571b34f1cd538cb138a0153cc0
2575,267,nsgaii-seed42-20260805,5,nsgaii,42,bf16,cached_decode,headline,256,256,1,4,0,10.0638980511576,25437.4595905762,1.96448452898767,129.805043632187,415.575454711914,448.0,6.25,6.2255859375,1,0.0867586135864258,e69f79cd1292a740ba63fea7730eedae0f28cd92,0b252757d18c79a6a6ca319df6f813e337d41c571b34f1cd538cb138a0153cc0
2576,267,nsgaii-seed42-20260805,5,nsgaii,42,bf16,cached_decode,headline,256,256,1,5,0,7.95283995103091,32189.7588253131,1.96304257994052,129.900391670427,415.575454711914,448.0,6.25,6.2255859375,1,0.0867586135864258,e69f79cd1292a740ba63fea7730eedae0f28cd92,0b252757d18c79a6a6ca319df6f813e337d41c571b34f1cd538cb138a0153cc0
2577,267,nsgaii-seed42-20260805,5,nsgaii,42,bf16,cached_decode,headline,256,256,1,6,0,8.14213103149086,31441.4001702851,1.95733946398832,130.278883500569,415.575454711914,448.0,6.25,6.2255859375,1,0.0867586135864258,e69f79cd1292a740ba63fea7730eedae0f28cd92,0b252757d18c79a6a6ca319df6f813e337d41c571b34f1cd538cb138a0153cc0
2578,267,nsgaii-seed42-20260805,5,nsgaii,42,bf16,cached_decode,headline,256,256,1,7,0,8.07871692813933,31688.2002769914,1.99943540093955,127.536003353834,415.575454711914,448.0,6.25,6.2255859375,1,0.0867586135864258,e69f79cd1292a740ba63fea7730eedae0f28cd92,0b252757d18c79a6a6ca319df6f813e337d41c571b34f1cd538cb138a0153cc0
2579,267,nsgaii-seed42-20260805,5,nsgaii,42,bf16,cached_decode,headline,256,256,1,8,0,17.0349628897384,15027.916506599,2.01927543606143,126.28292081707,415.575454711914,448.0,6.25,6.2255859375,1,0.0867586135864258,e69f79cd1292a740ba63fea7730eedae0f28cd92,0b252757d18c79a6a6ca319df6f813e337d41c571b34f1cd538cb138a0153cc0
2580,267,nsgaii-seed42-20260805,5,nsgaii,42,bf16,cached_decode,headline,256,256,1,9,0,14.8265500320122,17266.3228766819,2.00734893500339,127.033220559419,415.575454711914,448.0,6.25,6.2255859375,1,0.0867586135864258,e69f79cd1292a740ba63fea7730eedae0f28cd92,0b252757d18c79a6a6ca319df6f813e337d41c571b34f1cd538cb138a0153cc0
2581,268,nsgaii-seed42-20260805,6,nsgaii,42,bf16,cached_decode,headline,256,256,1,0,1,,,,,,,,,,,e69f79cd1292a740ba63fea7730eedae0f28cd92,0b252757d18c79a6a6ca319df6f813e337d41c571b34f1cd538cb138a0153cc0
2582,268,nsgaii-seed42-20260805,6,nsgaii,42,bf16,cached_decode,headline,256,256,1,1,1,,,,,,,,,,,e69f79cd1292a740ba63fea7730eedae0f28cd92,0b252757d18c79a6a6ca319df6f813e337d41c571b34f1cd538cb138a0153cc0
2583,268,nsgaii-seed42-20260805,6,nsgaii,42,bf16,cached_decode,headline,256,256,1,0,0,5.98716305103153,42758.1473592729,1.38975569896866,183.485486110427,159.194145202637,224.0,2.625,2.61474609375,1,0.111270159482956,e69f79cd1292a740ba63fea7730eedae0f28cd92,0b252757d18c79a6a6ca319df6f813e337d41c571b34f1cd538cb138a0153cc0
2584,268,nsgaii-seed42-20260805,6,nsgaii,42,bf16,cached_decode,headline,256,256,1,1,0,5.69082796573639,44984.6668255194,1.37403197202366,185.585201212195,159.198051452637,224.0,2.625,2.61474609375,1,0.111270159482956,e69f79cd1292a740ba63fea7730eedae0f28cd92,0b252757d18c79a6a6ca319df6f813e337d41c571b34f1cd538cb138a0153cc0
2585,268,nsgaii-seed42-20260805,6,nsgaii,42,bf16,cached_decode,headline,256,256,1,2,0,5.61525800731033,45590.0689989172,1.37019499891903,186.104897624917,159.198051452637,224.0,2.625,2.61474609375,1,0.111270159482956,e69f79cd1292a740ba63fea7730eedae0f28cd92,0b252757d18c79a6a6ca319df6f813e337d41c571b34f1cd538cb138a0153cc0
2586,268,nsgaii-seed42-20260805,6,nsgaii,42,bf16,cached_decode,headline,256,256,1,3,0,5.54498203564435,46167.8682373317,1.37109325395431,185.982973269371,159.198051452637,224.0,2.625,2.61474609375,1,0.111270159482956,e69f79cd1292a740ba63fea7730eedae0f28cd92,0b252757d18c79a6a6ca319df6f813e337d41c571b34f1cd538cb138a0153cc0
2587,268,nsgaii-seed42-20260805,6,nsgaii,42,bf16,cached_decode,headline,256,256,1,4,0,5.66224497742951,45211.7492302879,1.3773555100197,185.137386930955,159.198051452637,224.0,2.625,2.61474609375,1,0.111270159482956,e69f79cd1292a740ba63fea7730eedae0f28cd92,0b252757d18c79a6a6ca319df6f813e337d41c571b34f1cd538cb138a0153cc0
2588,268,nsgaii-seed42-20260805,6,nsgaii,42,bf16,cached_decode,headline,256,256,1,5,0,5.52855606656522,46305.0382265632,1.38016480102669,184.760544400428,159.198051452637,224.0,2.625,2.61474609375,1,0.111270159482956,e69f79cd1292a740ba63fea7730eedae0f28cd92,0b252757d18c79a6a6ca319df6f813e337d41c571b34f1cd538cb138a0153cc0
2589,268,nsgaii-seed42-20260805,6,nsgaii,42,bf16,cached_decode,headline,256,256,1,6,0,6.06371404137462,42218.3497198634,1.3789898060495,184.917973201352,159.198051452637,224.0,2.625,2.61474609375,1,0.111270159482956,e69f79cd1292a740ba63fea7730eedae0f28cd92,0b252757d18c79a6a6ca319df6f813e337d41c571b34f1cd538cb138a0153cc0
2590,268,nsgaii-seed42-20260805,6,nsgaii,42,bf16,cached_decode,headline,256,256,1,7,0,5.41769689880311,47252.5511821372,1.36471605708357,186.852055177647,159.198051452637,224.0,2.625,2.61474609375,1,0.111270159482956,e69f79cd1292a740ba63fea7730eedae0f28cd92,0b252757d18c79a6a6ca319df6f813e337d41c571b34f1cd538cb138a0153cc0
2591,268,nsgaii-seed42-20260805,6,nsgaii,42,bf16,cached_decode,headline,256,256,1,8,0,5.44897699728608,46981.2957785477,1.36528134404216,186.774690149231,159.198051452637,224.0,2.625,2.61474609375,1,0.111270159482956,e69f79cd1292a740ba63fea7730eedae0f28cd92,0b252757d18c79a6a6ca319df6f813e337d41c571b34f1cd538cb138a0153cc0
2592,268,nsgaii-seed42-20260805,6,nsgaii,42,bf16,cached_decode,headline,256,256,1,9,0,5.49010094255209,46629.3794374203,1.37819360604044,185.024802670952,159.198051452637,224.0,2.625,2.61474609375,1,0.111270159482956,e69f79cd1292a740ba63fea7730eedae0f28cd92,0b252757d18c79a6a6ca319df6f813e337d41c571b34f1cd538cb138a0153cc0
2593,269,nsgaii-seed42-20260805,7,nsgaii,42,bf16,cached_decode,headline,256,256,1,0,1,,,,,,,,,,,e69f79cd1292a740ba63fea7730eedae0f28cd92,0b252757d18c79a6a6ca319df6f813e337d41c571b34f1cd538cb138a0153cc0
2594,269,nsgaii-seed42-20260805,7,nsgaii,42,bf16,cached_decode,headline,256,256,1,1,1,,,,,,,,,,,e69f79cd1292a740ba63fea7730eedae0f28cd92,0b252757d18c79a6a6ca319df6f813e337d41c571b34f1cd538cb138a0153cc0
2595,269,nsgaii-seed42-20260805,7,nsgaii,42,bf16,cached_decode,headline,256,256,1,0,0,8.02331999875605,31906.9911258295,1.52495230105706,167.21834500872,182.38053894043,224.0,1.5,1.494140625,1,0.0812807083129883,e69f79cd1292a740ba63fea7730eedae0f28cd92,0b252757d18c79a6a6ca319df6f813e337d41c571b34f1cd538cb138a0153cc0
2596,269,nsgaii-seed42-20260805,7,nsgaii,42,bf16,cached_decode,headline,256,256,1,1,0,6.17037597112358,41488.5577796298,1.46615808794741,173.923945921135,182.38444519043,224.0,1.5,1.494140625,1,0.0812807083129883,e69f79cd1292a740ba63fea7730eedae0f28cd92,0b252757d18c79a6a6ca319df6f813e337d41c571b34f1cd538cb138a0153cc0
2597,269,nsgaii-seed42-20260805,7,nsgaii,42,bf16,cached_decode,headline,256,256,1,2,0,5.93766896054149,43114.5625836059,1.48251107498072,172.005460399894,182.38444519043,224.0,1.5,1.494140625,1,0.0812807083129883,e69f79cd1292a740ba63fea7730eedae0f28cd92,0b252757d18c79a6a6ca319df6f813e337d41c571b34f1cd538cb138a0153cc0
2598,269,nsgaii-seed42-20260805,7,nsgaii,42,bf16,cached_decode,headline,256,256,1,3,0,7.14946398511529,35806.8801427597,1.46770722290967,173.740372752594,182.38444519043,224.0,1.5,1.494140625,1,0.0812807083129883,e69f79cd1292a740ba63fea7730eedae0f28cd92,0b252757d18c79a6a6ca319df6f813e337d41c571b34f1cd538cb138a0153cc0
2599,269,nsgaii-seed42-20260805,7,nsgaii,42,bf16,cached_decode,headline,256,256,1,4,0,6.98281009681523,36661.4581308402,1.342439334956,189.952717683409,182.38444519043,224.0,1.5,1.494140625,1,0.0812807083129883,e69f79cd1292a740ba63fea7730eedae0f28cd92,0b252757d18c79a6a6ca319df6f813e337d41c571b34f1cd538cb138a0153cc0
2600,269,nsgaii-seed42-20260805,7,nsgaii,42,bf16,cached_decode,headline,256,256,1,5,0,5.741011002101,44591.4491204272,1.23872006090824,205.857649397421,182.38444519043,224.0,1.5,1.494140625,1,0.0812807083129883,e69f79cd1292a740ba63fea7730eedae0f28cd92,0b252757d18c79a6a6ca319df6f813e337d41c571b34f1cd538cb138a0153cc0
2601,269,nsgaii-seed42-20260805,7,nsgaii,42,bf16,cached_decode,headline,256,256,1,6,0,5.09636208880693,50231.9096522301,1.23419907398056,206.611725268574,182.38444519043,224.0,1.5,1.494140625,1,0.0812807083129883,e69f79cd1292a740ba63fea7730eedae0f28cd92,0b252757d18c79a6a6ca319df6f813e337d41c571b34f1cd538cb138a0153cc0
2602,269,nsgaii-seed42-20260805,7,nsgaii,42,bf16,cached_decode,headline,256,256,1,7,0,5.30578393954784,48249.2319545557,1.23566459398717,206.366680117605,182.38444519043,224.0,1.5,1.494140625,1,0.0812807083129883,e69f79cd1292a740ba63fea7730eedae0f28cd92,0b252757d18c79a6a6ca319df6f813e337d41c571b34f1cd538cb138a0153cc0
2603,269,nsgaii-seed42-20260805,7,nsgaii,42,bf16,cached_decode,headline,256,256,1,8,0,5.12429105583578,49958.13024876,1.23588490101974,206.329893495419,182.38444519043,224.0,1.5,1.494140625,1,0.0812807083129883,e69f79cd1292a740ba63fea7730eedae0f28cd92,0b252757d18c79a6a6ca319df6f813e337d41c571b34f1cd538cb138a0153cc0
2604,269,nsgaii-seed42-20260805,7,nsgaii,42,bf16,cached_decode,headline,256,256,1,9,0,4.97731100767851,51433.3943780222,1.23025609506294,207.273917213923,182.38444519043,224.0,1.5,1.494140625,1,0.0812807083129883,e69f79cd1292a740ba63fea7730eedae0f28cd92,0b252757d18c79a6a6ca319df6f813e337d41c571b34f1cd538cb138a0153cc0
2605,270,nsgaii-seed42-20260805,8,nsgaii,42,bf16,cached_decode,headline,256,256,1,0,1,,,,,,,,,,,e69f79cd1292a740ba63fea7730eedae0f28cd92,0b252757d18c79a6a6ca319df6f813e337d41c571b34f1cd538cb138a0153cc0
2606,270,nsgaii-seed42-20260805,8,nsgaii,42,bf16,cached_decode,headline,256,256,1,1,1,,,,,,,,,,,e69f79cd1292a740ba63fea7730eedae0f28cd92,0b252757d18c79a6a6ca319df6f813e337d41c571b34f1cd538cb138a0153cc0
2607,270,nsgaii-seed42-20260805,8,nsgaii,42,bf16,cached_decode,headline,256,256,1,0,0,7.81456497497857,32759.3411558654,1.80963041202631,140.912751192365,345.574279785156,416.0,5.0,4.98046875,1,0.087338924407959,e69f79cd1292a740ba63fea7730eedae0f28cd92,0b252757d18c79a6a6ca319df6f813e337d41c571b34f1cd538cb138a0153cc0
2608,270,nsgaii-seed42-20260805,8,nsgaii,42,bf16,cached_decode,headline,256,256,1,1,0,5.91103301849216,43308.8428366287,1.57246140600182,162.166142219267,345.578186035156,416.0,5.0,4.98046875,1,0.087338924407959,e69f79cd1292a740ba63fea7730eedae0f28cd92,0b252757d18c79a6a6ca319df6f813e337d41c571b34f1cd538cb138a0153cc0
2609,270,nsgaii-seed42-20260805,8,nsgaii,42,bf16,cached_decode,headline,256,256,1,2,0,5.96432306338102,42921.8869064548,1.57277847500518,162.133449848467,345.578186035156,416.0,5.0,4.98046875,1,0.087338924407959,e69f79cd1292a740ba63fea7730eedae0f28cd92,0b252757d18c79a6a6ca319df6f813e337d41c571b34f1cd538cb138a0153cc0
2610,270,nsgaii-seed42-20260805,8,nsgaii,42,bf16,cached_decode,headline,256,256,1,3,0,5.97644096706063,42834.8579716513,1.57119959499687,162.296375846831,345.578186035156,416.0,5.0,4.98046875,1,0.087338924407959,e69f79cd1292a740ba63fea7730eedae0f28cd92,0b252757d18c79a6a6ca319df6f813e337d41c571b34f1cd538cb138a0153cc0
2611,270,nsgaii-seed42-20260805,8,nsgaii,42,bf16,cached_decode,headline,256,256,1,4,0,5.91935298871249,43247.9699197128,1.56397864699829,163.045704293607,345.578186035156,416.0,5.0,4.98046875,1,0.087338924407959,e69f79cd1292a740ba63fea7730eedae0f28cd92,0b252757d18c79a6a6ca319df6f813e337d41c571b34f1cd538cb138a0153cc0
2612,270,nsgaii-seed42-20260805,8,nsgaii,42,bf16,cached_decode,headline,256,256,1,5,0,5.94919396098703,43031.0394448002,1.56902855506632,162.520942768451,345.578186035156,416.0,5.0,4.98046875,1,0.087338924407959,e69f79cd1292a740ba63fea7730eedae0f28cd92,0b252757d18c79a6a6ca319df6f813e337d41c571b34f1cd538cb138a0153cc0
2613,270,nsgaii-seed42-20260805,8,nsgaii,42,bf16,cached_decode,headline,256,256,1,6,0,5.98689296748489,42760.0762850361,1.57620758097619,161.780721700419,345.578186035156,416.0,5.0,4.98046875,1,0.087338924407959,e69f79cd1292a740ba63fea7730eedae0f28cd92,0b252757d18c79a6a6ca319df6f813e337d41c571b34f1cd538cb138a0153cc0
2614,270,nsgaii-seed42-20260805,8,nsgaii,42,bf16,cached_decode,headline,256,256,1,7,0,5.89716900140047,43410.6602573548,1.56057059206069,163.401771952706,345.578186035156,416.0,5.0,4.98046875,1,0.087338924407959,e69f79cd1292a740ba63fea7730eedae0f28cd92,0b252757d18c79a6a6ca319df6f813e337d41c571b34f1cd538cb138a0153cc0
2615,270,nsgaii-seed42-20260805,8,nsgaii,42,bf16,cached_decode,headline,256,256,1,8,0,6.68809399940073,38276.9739813672,1.56258659402374,163.190955928632,345.578186035156,416.0,5.0,4.98046875,1,0.087338924407959,e69f79cd1292a740ba63fea7730eedae0f28cd92,0b252757d18c79a6a6ca319df6f813e337d41c571b34f1cd538cb138a0153cc0
2616,270,nsgaii-seed42-20260805,8,nsgaii,42,bf16,cached_decode,headline,256,256,1,9,0,6.55358994845301,39062.5599119807,1.58213926292956,161.174181043855,345.578186035156,416.0,5.0,4.98046875,1,0.087338924407959,e69f79cd1292a740ba63fea7730eedae0f28cd92,0b252757d18c79a6a6ca319df6f813e337d41c571b34f1cd538cb138a0153cc0
2617,271,nsgaii-seed42-20260805,9,nsgaii,42,bf16,cached_decode,headline,256,256,1,0,1,,,,,,,,,,,e69f79cd1292a740ba63fea7730eedae0f28cd92,0b252757d18c79a6a6ca319df6f813e337d41c571b34f1cd538cb138a0153cc0
2618,271,nsgaii-seed42-20260805,9,nsgaii,42,bf16,cached_decode,headline,256,256,1,1,1,,,,,,,,,,,e69f79cd1292a740ba63fea7730eedae0f28cd92,0b252757d18c79a6a6ca319df6f813e337d41c571b34f1cd538cb138a0153cc0
2619,271,nsgaii-seed42-20260805,9,nsgaii,42,bf16,cached_decode,headline,256,256,1,0,0,7.35710700973868,34796.2860484604,1.68488715705462,151.345447042145,133.567680358887,192.0,0.875,0.87158203125,1,0.10761284828186,e69f79cd1292a740ba63fea7730eedae0f28cd92,0b252757d18c79a6a6ca319df6f813e337d41c571b34f1cd538cb138a0153cc0
2620,271,nsgaii-seed42-20260805,9,nsgaii,42,bf16,cached_decode,headline,256,256,1,1,0,11.7170719895512,21848.4618194964,1.95008430595044,130.763577360168,133.571586608887,192.0,0.875,0.87158203125,1,0.10761284828186,e69f79cd1292a740ba63fea7730eedae0f28cd92,0b252757d18c79a6a6ca319df6f813e337d41c571b34f1cd538cb138a0153cc0
2621,271,nsgaii-seed42-20260805,9,nsgaii,42,bf16,cached_decode,headline,256,256,1,2,0,9.6358300652355,26567.5087944531,1.86092739994638,137.028451516888,133.571586608887,192.0,0.875,0.87158203125,1,0.10761284828186,e69f79cd1292a740ba63fea7730eedae0f28cd92,0b252757d18c79a6a6ca319df6f813e337d41c571b34f1cd538cb138a0153cc0
2622,271,nsgaii-seed42-20260805,9,nsgaii,42,bf16,cached_decode,headline,256,256,1,3,0,10.9692810801789,23337.9013746473,1.42345056892373,179.142153276742,133.571586608887,192.0,0.875,0.87158203125,1,0.10761284828186,e69f79cd1292a740ba63fea7730eedae0f28cd92,0b252757d18c79a6a6ca319df6f813e337d41c571b34f1cd538cb138a0153cc0
2623,271,nsgaii-seed42-20260805,9,nsgaii,42,bf16,cached_decode,headline,256,256,1,4,0,12.8227389650419,19964.5333729339,1.41669989598449,179.995778021001,133.571586608887,192.0,0.875,0.87158203125,1,0.10761284828186,e69f79cd1292a740ba63fea7730eedae0f28cd92,0b252757d18c79a6a6ca319df6f813e337d41c571b34f1cd538cb138a0153cc0
2624,271,nsgaii-seed42-20260805,9,nsgaii,42,bf16,cached_decode,headline,256,256,1,5,0,15.7475529704243,16256.4939759718,1.4518865729915,175.633554813165,133.571586608887,192.0,0.875,0.87158203125,1,0.10761284828186,e69f79cd1292a740ba63fea7730eedae0f28cd92,0b252757d18c79a6a6ca319df6f813e337d41c571b34f1cd538cb138a0153cc0
2625,271,nsgaii-seed42-20260805,9,nsgaii,42,bf16,cached_decode,headline,256,256,1,6,0,6.54731492977589,39099.9978992553,1.39501423598267,182.793833512655,133.571586608887,192.0,0.875,0.87158203125,1,0.10761284828186,e69f79cd1292a740ba63fea7730eedae0f28cd92,0b252757d18c79a6a6ca319df6f813e337d41c571b34f1cd538cb138a0153cc0
2626,271,nsgaii-seed42-20260805,9,nsgaii,42,bf16,cached_decode,headline,256,256,1,7,0,6.27048790920526,40826.1691445389,1.39616789901629,182.642789724407,133.571586608887,192.0,0.875,0.87158203125,1,0.10761284828186,e69f79cd1292a740ba63fea7730eedae0f28cd92,0b252757d18c79a6a6ca319df6f813e337d41c571b34f1cd538cb138a0153cc0
2627,271,nsgaii-seed42-20260805,9,nsgaii,42,bf16,cached_decode,headline,256,256,1,8,0,14.6259319735691,17503.1581209747,1.41834100405686,179.787511797676,133.571586608887,192.0,0.875,0.87158203125,1,0.10761284828186,e69f79cd1292a740ba63fea7730eedae0f28cd92,0b252757d18c79a6a6ca319df6f813e337d41c571b34f1cd538cb138a0153cc0
2628,271,nsgaii-seed42-20260805,9,nsgaii,42,bf16,cached_decode,headline,256,256,1,9,0,7.94766505714506,32210.7182624477,1.39912068401463,182.257329845417,133.571586608887,192.0,0.875,0.87158203125,1,0.10761284828186,e69f79cd1292a740ba63fea7730eedae0f28cd92,0b252757d18c79a6a6ca319df6f813e337d41c571b34f1cd538cb138a0153cc0
2629,273,nsgaii-seed42-20260805,11,nsgaii,42,bf16,cached_decode,headline,256,256,1,0,1,,,,,,,,,,,e69f79cd1292a740ba63fea7730eedae0f28cd92,0b252757d18c79a6a6ca319df6f813e337d41c571b34f1cd538cb138a0153cc0
2630,273,nsgaii-seed42-20260805,11,nsgaii,42,bf16,cached_decode,headline,256,256,1,1,1,,,,,,,,,,,e69f79cd1292a740ba63fea7730eedae0f28cd92,0b252757d18c79a6a6ca319df6f813e337d41c571b34f1cd538cb138a0153cc0
2631,273,nsgaii-seed42-20260805,11,nsgaii,42,bf16,cached_decode,headline,256,256,1,0,0,7.14360398706049,35836.2530263021,1.62665729003493,156.763198715646,319.320610046387,384.0,4.375,4.35791015625,1,0.0765533447265625,e69f79cd1292a740ba63fea7730eedae0f28cd92,0b252757d18c79a6a6ca319df6f813e337d41c571b34f1cd538cb138a0153cc0
2632,273,nsgaii-seed42-20260805,11,nsgaii,42,bf16,cached_decode,headline,256,256,1,1,0,6.32423895876855,40479.1788654754,1.40547962498385,181.432726214675,319.324516296387,384.0,4.375,4.35791015625,1,0.0765533447265625,e69f79cd1292a740ba63fea7730eedae0f28cd92,0b252757d18c79a6a6ca319df6f813e337d41c571b34f1cd538cb138a0153cc0
2633,273,nsgaii-seed42-20260805,11,nsgaii,42,bf16,cached_decode,headline,256,256,1,2,0,6.31723704282194,40524.0452850956,1.40520489495248,181.468197923282,319.324516296387,384.0,4.375,4.35791015625,1,0.0765533447265625,e69f79cd1292a740ba63fea7730eedae0f28cd92,0b252757d18c79a6a6ca319df6f813e337d41c571b34f1cd538cb138a0153cc0
2634,273,nsgaii-seed42-20260805,11,nsgaii,42,bf16,cached_decode,headline,256,256,1,3,0,5.74139901436865,44588.4355641063,1.3998767209705,182.158897408634,319.324516296387,384.0,4.375,4.35791015625,1,0.0765533447265625,e69f79cd1292a740ba63fea7730eedae0f28cd92,0b252757d18c79a6a6ca319df6f813e337d41c571b34f1cd538cb138a0153cc0
2635,273,nsgaii-seed42-20260805,11,nsgaii,42,bf16,cached_decode,headline,256,256,1,4,0,5.46548306010664,46839.4096522925,1.40398793504573,181.625492381239,319.324516296387,384.0,4.375,4.35791015625,1,0.0765533447265625,e69f79cd1292a740ba63fea7730eedae0f28cd92,0b252757d18c79a6a6ca319df6f813e337d41c571b34f1cd538cb138a0153cc0
2636,273,nsgaii-seed42-20260805,11,nsgaii,42,bf16,cached_decode,headline,256,256,1,5,0,5.43177500367165,47130.0817554032,1.40539842995349,181.443208249805,319.324516296387,384.0,4.375,4.35791015625,1,0.0765533447265625,e69f79cd1292a740ba63fea7730eedae0f28cd92,0b252757d18c79a6a6ca319df6f813e337d41c571b34f1cd538cb138a0153cc0
2637,273,nsgaii-seed42-20260805,11,nsgaii,42,bf16,cached_decode,headline,256,256,1,6,0,5.57518599089235,45917.7506218093,1.40756287192926,181.1641988329,319.324516296387,384.0,4.375,4.35791015625,1,0.0765533447265625,e69f79cd1292a740ba63fea7730eedae0f28cd92,0b252757d18c79a6a6ca319df6f813e337d41c571b34f1cd538cb138a0153cc0
2638,273,nsgaii-seed42-20260805,11,nsgaii,42,bf16,cached_decode,headline,256,256,1,7,0,5.67246996797621,45130.2521556291,1.41495722299442,180.217462306284,319.324516296387,384.0,4.375,4.35791015625,1,0.0765533447265625,e69f79cd1292a740ba63fea7730eedae0f28cd92,0b252757d18c79a6a6ca319df6f813e337d41c571b34f1cd538cb138a0153cc0
2639,273,nsgaii-seed42-20260805,11,nsgaii,42,bf16,cached_decode,headline,256,256,1,8,0,5.50208508502692,46527.8155542641,1.42356725106947,179.127469958605,319.324516296387,384.0,4.375,4.35791015625,1,0.0765533447265625,e69f79cd1292a740ba63fea7730eedae0f28cd92,0b252757d18c79a6a6ca319df6f813e337d41c571b34f1cd538cb138a0153cc0
2640,273,nsgaii-seed42-20260805,11,nsgaii,42,bf16,cached_decode,headline,256,256,1,9,0,5.46394207049161,46852.6197198439,1.42322282597888,179.170819456618,319.324516296387,384.0,4.375,4.35791015625,1,0.0765533447265625,e69f79cd1292a740ba63fea7730eedae0f28cd92,0b252757d18c79a6a6ca319df6f813e337d41c571b34f1cd538cb138a0153cc0
2641,274,nsgaii-seed42-20260805,12,nsgaii,42,bf16,cached_decode,headline,256,256,1,0,1,,,,,,,,,,,e69f79cd1292a740ba63fea7730eedae0f28cd92,0b252757d18c79a6a6ca319df6f813e337d41c571b34f1cd538cb138a0153cc0
2642,274,nsgaii-seed42-20260805,12,nsgaii,42,bf16,cached_decode,headline,256,256,1,1,1,,,,,,,,,,,e69f79cd1292a740ba63fea7730eedae0f28cd92,0b252757d18c79a6a6ca319df6f813e337d41c571b34f1cd538cb138a0153cc0
2643,274,nsgaii-seed42-20260805,12,nsgaii,42,bf16,cached_decode,headline,256,256,1,0,0,6.43691211007535,39770.622252135,1.39766673103441,182.446926966113,133.567680358887,192.0,0.875,0.87158203125,1,0.142376899719238,e69f79cd1292a740ba63fea7730eedae0f28cd92,0b252757d18c79a6a6ca319df6f813e337d41c571b34f1cd538cb138a0153cc0
2644,274,nsgaii-seed42-20260805,12,nsgaii,42,bf16,cached_decode,headline,256,256,1,1,0,5.7803790550679,44287.7530281607,1.39173221192323,183.224903336553,133.571586608887,192.0,0.875,0.87158203125,1,0.142376899719238,e69f79cd1292a740ba63fea7730eedae0f28cd92,0b252757d18c79a6a6ca319df6f813e337d41c571b34f1cd538cb138a0153cc0
2645,274,nsgaii-seed42-20260805,12,nsgaii,42,bf16,cached_decode,headline,256,256,1,2,0,5.79244398977607,44195.5071903762,1.39658016106114,182.588874673866,133.571586608887,192.0,0.875,0.87158203125,1,0.142376899719238,e69f79cd1292a740ba63fea7730eedae0f28cd92,0b252757d18c79a6a6ca319df6f813e337d41c571b34f1cd538cb138a0153cc0
2646,274,nsgaii-seed42-20260805,12,nsgaii,42,bf16,cached_decode,headline,256,256,1,3,0,6.55079400166869,39079.2322174669,1.392599830986,183.110750357806,133.571586608887,192.0,0.875,0.87158203125,1,0.142376899719238,e69f79cd1292a740ba63fea7730eedae0f28cd92,0b252757d18c79a6a6ca319df6f813e337d41c571b34f1cd538cb138a0153cc0
2647,274,nsgaii-seed42-20260805,12,nsgaii,42,bf16,cached_decode,headline,256,256,1,4,0,6.45951298065484,39631.4707883825,1.38887872104533,183.601344117416,133.571586608887,192.0,0.875,0.87158203125,1,0.142376899719238,e69f79cd1292a740ba63fea7730eedae0f28cd92,0b252757d18c79a6a6ca319df6f813e337d41c571b34f1cd538cb138a0153cc0
2648,274,nsgaii-seed42-20260805,12,nsgaii,42,bf16,cached_decode,headline,256,256,1,5,0,5.80341496970505,44111.9584479776,1.39391652797349,182.93778349176,133.571586608887,192.0,0.875,0.87158203125,1,0.142376899719238,e69f79cd1292a740ba63fea7730eedae0f28cd92,0b252757d18c79a6a6ca319df6f813e337d41c571b34f1cd538cb138a0153cc0
2649,274,nsgaii-seed42-20260805,12,nsgaii,42,bf16,cached_decode,headline,256,256,1,6,0,5.85357996169478,43733.9203829516,1.38641104404815,183.928136676863,133.571586608887,192.0,0.875,0.87158203125,1,0.142376899719238,e69f79cd1292a740ba63fea7730eedae0f28cd92,0b252757d18c79a6a6ca319df6f813e337d41c571b34f1cd538cb138a0153cc0
2650,274,nsgaii-seed42-20260805,12,nsgaii,42,bf16,cached_decode,headline,256,256,1,7,0,5.70470106322318,44875.2699156087,1.3913645070279,183.273325366554,133.571586608887,192.0,0.875,0.87158203125,1,0.142376899719238,e69f79cd1292a740ba63fea7730eedae0f28cd92,0b252757d18c79a6a6ca319df6f813e337d41c571b34f1cd538cb138a0153cc0
2651,274,nsgaii-seed42-20260805,12,nsgaii,42,bf16,cached_decode,headline,256,256,1,8,0,5.74836193118244,44534.426166054,1.39313488500193,183.040423971328,133.571586608887,192.0,0.875,0.87158203125,1,0.142376899719238,e69f79cd1292a740ba63fea7730eedae0f28cd92,0b252757d18c79a6a6ca319df6f813e337d41c571b34f1cd538cb138a0153cc0
2652,274,nsgaii-seed42-20260805,12,nsgaii,42,bf16,cached_decode,headline,256,256,1,9,0,8.30006797332317,30843.120902479,1.39162649598438,183.23882215222,133.571586608887,192.0,0.875,0.87158203125,1,0.142376899719238,e69f79cd1292a740ba63fea7730eedae0f28cd92,0b252757d18c79a6a6ca319df6f813e337d41c571b34f1cd538cb138a0153cc0
2653,275,nsgaii-seed42-20260805,13,nsgaii,42,bf16,cached_decode,headline,256,256,1,0,1,,,,,,,,,,,e69f79cd1292a740ba63fea7730eedae0f28cd92,0b252757d18c79a6a6ca319df6f813e337d41c571b34f1cd538cb138a0153cc0
2654,275,nsgaii-seed42-20260805,13,nsgaii,42,bf16,cached_decode,headline,256,256,1,1,1,,,,,,,,,,,e69f79cd1292a740ba63fea7730eedae0f28cd92,0b252757d18c79a6a6ca319df6f813e337d41c571b34f1cd538cb138a0153cc0
2655,275,nsgaii-seed42-20260805,13,nsgaii,42,bf16,cached_decode,headline,256,256,1,0,0,8.23819090146571,31074.7836584429,1.89689072896726,134.4305162685,249.882385253906,320.0,4.0,3.984375,1,0.0983057022094727,e69f79cd1292a740ba63fea7730eedae0f28cd92,0b252757d18c79a6a6ca319df6f813e337d41c571b34f1cd538cb138a0153cc0
2656,275,nsgaii-seed42-20260805,13,nsgaii,42,bf16,cached_decode,headline,256,256,1,1,0,6.47669401951134,39526.3384728054,1.5246816300787,167.248030650725,249.886291503906,320.0,4.0,3.984375,1,0.0983057022094727,e69f79cd1292a740ba63fea7730eedae0f28cd92,0b252757d18c79a6a6ca319df6f813e337d41c571b34f1cd538cb138a0153cc0
2657,275,nsgaii-seed42-20260805,13,nsgaii,42,bf16,cached_decode,headline,256,256,1,2,0,6.26124104019254,40886.4629802094,1.53444226796273,166.18416041065,249.886291503906,320.0,4.0,3.984375,1,0.0983057022094727,e69f79cd1292a740ba63fea7730eedae0f28cd92,0b252757d18c79a6a6ca319df6f813e337d41c571b34f1cd538cb138a0153cc0
2658,275,nsgaii-seed42-20260805,13,nsgaii,42,bf16,cached_decode,headline,256,256,1,3,0,6.32410694379359,40480.0238634856,1.53179739392363,166.471101864738,249.886291503906,320.0,4.0,3.984375,1,0.0983057022094727,e69f79cd1292a740ba63fea7730eedae0f28cd92,0b252757d18c79a6a6ca319df6f813e337d41c571b34f1cd538cb138a0153cc0
2659,275,nsgaii-seed42-20260805,13,nsgaii,42,bf16,cached_decode,headline,256,256,1,4,0,6.42626790795475,39836.4966519853,1.53687096806243,165.921541430042,249.886291503906,320.0,4.0,3.984375,1,0.0983057022094727,e69f79cd1292a740ba63fea7730eedae0f28cd92,0b252757d18c79a6a6ca319df6f813e337d41c571b34f1cd538cb138a0153cc0
2660,275,nsgaii-seed42-20260805,13,nsgaii,42,bf16,cached_decode,headline,256,256,1,5,0,6.3189979409799,40512.7525584067,1.54088684497401,165.489114811867,249.886291503906,320.0,4.0,3.984375,1,0.0983057022094727,e69f79cd1292a740ba63fea7730eedae0f28cd92,0b252757d18c79a6a6ca319df6f813e337d41c571b34f1cd538cb138a0153cc0
2661,275,nsgaii-seed42-20260805,13,nsgaii,42,bf16,cached_decode,headline,256,256,1,6,0,6.20952702593058,41226.9725102992,1.53238399408292,166.407376339511,249.886291503906,320.0,4.0,3.984375,1,0.0983057022094727,e69f79cd1292a740ba63fea7730eedae0f28cd92,0b252757d18c79a6a6ca319df6f813e337d41c571b34f1cd538cb138a0153cc0
2662,275,nsgaii-seed42-20260805,13,nsgaii,42,bf16,cached_decode,headline,256,256,1,7,0,6.45832810550928,39638.741763773,1.54516449407674,165.030973063076,249.886291503906,320.0,4.0,3.984375,1,0.0983057022094727,e69f79cd1292a740ba63fea7730eedae0f28cd92,0b252757d18c79a6a6ca319df6f813e337d41c571b34f1cd538cb138a0153cc0
2663,275,nsgaii-seed42-20260805,13,nsgaii,42,bf16,cached_decode,headline,256,256,1,8,0,9.49360895901918,26965.5092289,1.5414459600579,165.429088406331,249.886291503906,320.0,4.0,3.984375,1,0.0983057022094727,e69f79cd1292a740ba63fea7730eedae0f28cd92,0b252757d18c79a6a6ca319df6f813e337d41c571b34f1cd538cb138a0153cc0
2664,275,nsgaii-seed42-20260805,13,nsgaii,42,bf16,cached_decode,headline,256,256,1,9,0,6.16619095671922,41516.7162024134,1.52784770308062,166.901451948279,249.886291503906,320.0,4.0,3.984375,1,0.0983057022094727,e69f79cd1292a740ba63fea7730eedae0f28cd92,0b252757d18c79a6a6ca319df6f813e337d41c571b34f1cd538cb138a0153cc0
2665,276,nsgaii-seed42-20260805,14,nsgaii,42,bf16,cached_decode,headline,256,256,1,0,1,,,,,,,,,,,e69f79cd1292a740ba63fea7730eedae0f28cd92,0b252757d18c79a6a6ca319df6f813e337d41c571b34f1cd538cb138a0153cc0
2666,276,nsgaii-seed42-20260805,14,nsgaii,42,bf16,cached_decode,headline,256,256,1,1,1,,,,,,,,,,,e69f79cd1292a740ba63fea7730eedae0f28cd92,0b252757d18c79a6a6ca319df6f813e337d41c571b34f1cd538cb138a0153cc0
2667,276,nsgaii-seed42-20260805,14,nsgaii,42,bf16,cached_decode,headline,256,256,1,0,0,7.12041091173887,35952.9812497131,1.50080595095642,169.908707942886,270.886039733887,288.0,3.9375,3.922119140625,1,0.154837965965271,e69f79cd1292a740ba63fea7730eedae0f28cd92,0b252757d18c79a6a6ca319df6f813e337d41c571b34f1cd538cb138a0153cc0
2668,276,nsgaii-seed42-20260805,14,nsgaii,42,bf16,cached_decode,headline,256,256,1,1,0,5.52498095203191,46335.0013733263,1.34964246000163,188.938928314164,270.889945983887,288.0,3.9375,3.922119140625,1,0.154837965965271,e69f79cd1292a740ba63fea7730eedae0f28cd92,0b252757d18c79a6a6ca319df6f813e337d41c571b34f1cd538cb138a0153cc0
2669,276,nsgaii-seed42-20260805,14,nsgaii,42,bf16,cached_decode,headline,256,256,1,2,0,5.856026080437,43715.6523013463,1.34610176307615,189.435900757805,270.889945983887,320.0,3.9375,3.922119140625,1,0.154837965965271,e69f79cd1292a740ba63fea7730eedae0f28cd92,0b252757d18c79a6a6ca319df6f813e337d41c571b34f1cd538cb138a0153cc0
2670,276,nsgaii-seed42-20260805,14,nsgaii,42,bf16,cached_decode,headline,256,256,1,3,0,5.82527299411595,43946.4382628219,1.34721278003417,189.279677107526,270.889945983887,320.0,3.9375,3.922119140625,1,0.154837965965271,e69f79cd1292a740ba63fea7730eedae0f28cd92,0b252757d18c79a6a6ca319df6f813e337d41c571b34f1cd538cb138a0153cc0
2671,276,nsgaii-seed42-20260805,14,nsgaii,42,bf16,cached_decode,headline,256,256,1,4,0,5.95448503736407,42992.802634252,1.34803253796417,189.164573419798,270.889945983887,320.0,3.9375,3.922119140625,1,0.154837965965271,e69f79cd1292a740ba63fea7730eedae0f28cd92,0b252757d18c79a6a6ca319df6f813e337d41c571b34f1cd538cb138a0153cc0
2672,276,nsgaii-seed42-20260805,14,nsgaii,42,bf16,cached_decode,headline,256,256,1,5,0,5.58592507150024,45829.4725982146,1.34840561507735,189.112235330888,270.889945983887,320.0,3.9375,3.922119140625,1,0.154837965965271,e69f79cd1292a740ba63fea7730eedae0f28cd92,0b252757d18c79a6a6ca319df6f813e337d41c571b34f1cd538cb138a0153cc0
2673,276,nsgaii-seed42-20260805,14,nsgaii,42,bf16,cached_decode,headline,256,256,1,6,0,5.35400991793722,47814.6293943794,1.34937684598844,188.97611942734,270.889945983887,320.0,3.9375,3.922119140625,1,0.154837965965271,e69f79cd1292a740ba63fea7730eedae0f28cd92,0b252757d18c79a6a6ca319df6f813e337d41c571b34f1cd538cb138a0153cc0
2674,276,nsgaii-seed42-20260805,14,nsgaii,42,bf16,cached_decode,headline,256,256,1,7,0,5.5176269961521,46396.7571890108,1.36497808096465,186.816186689085,270.889945983887,320.0,3.9375,3.922119140625,1,0.154837965965271,e69f79cd1292a740ba63fea7730eedae0f28cd92,0b252757d18c79a6a6ca319df6f813e337d41c571b34f1cd538cb138a0153cc0
2675,276,nsgaii-seed42-20260805,14,nsgaii,42,bf16,cached_decode,headline,256,256,1,8,0,6.04735303204507,42332.570736891,1.36219303205144,187.198138589782,270.889945983887,320.0,3.9375,3.922119140625,1,0.154837965965271,e69f79cd1292a740ba63fea7730eedae0f28cd92,0b252757d18c79a6a6ca319df6f813e337d41c571b34f1cd538cb138a0153cc0
2676,276,nsgaii-seed42-20260805,14,nsgaii,42,bf16,cached_decode,headline,256,256,1,9,0,6.6976819653064,38222.1791548277,1.35969283711165,187.542357391312,270.889945983887,320.0,3.9375,3.922119140625,1,0.154837965965271,e69f79cd1292a740ba63fea7730eedae0f28cd92,0b252757d18c79a6a6ca319df6f813e337d41c571b34f1cd538cb138a0153cc0
2677,277,nsgaii-seed42-20260805,15,nsgaii,42,bf16,cached_decode,headline,256,256,1,0,1,,,,,,,,,,,e69f79cd1292a740ba63fea7730eedae0f28cd92,0b252757d18c79a6a6ca319df6f813e337d41c571b34f1cd538cb138a0153cc0
2678,277,nsgaii-seed42-20260805,15,nsgaii,42,bf16,cached_decode,headline,256,256,1,1,1,,,,,,,,,,,e69f79cd1292a740ba63fea7730eedae0f28cd92,0b252757d18c79a6a6ca319df6f813e337d41c571b34f1cd538cb138a0153cc0
2679,277,nsgaii-seed42-20260805,15,nsgaii,42,bf16,cached_decode,headline,256,256,1,0,0,7.18097994104028,35649.7305523617,1.50680982705671,169.231707559339,159.194145202637,192.0,2.625,2.61474609375,1,0.116261005401611,e69f79cd1292a740ba63fea7730eedae0f28cd92,0b252757d18c79a6a6ca319df6f813e337d41c571b34f1cd538cb138a0153cc0
2680,277,nsgaii-seed42-20260805,15,nsgaii,42,bf16,cached_decode,headline,256,256,1,1,0,14.7337799426168,17375.0389239581,1.42412436194718,179.057396119074,159.198051452637,192.0,2.625,2.61474609375,1,0.116261005401611,e69f79cd1292a740ba63fea7730eedae0f28cd92,0b252757d18c79a6a6ca319df6f813e337d41c571b34f1cd538cb138a0153cc0
2681,277,nsgaii-seed42-20260805,15,nsgaii,42,bf16,cached_decode,headline,256,256,1,2,0,9.22763196285814,27742.7622851039,1.39529643300921,182.756863679531,159.198051452637,192.0,2.625,2.61474609375,1,0.116261005401611,e69f79cd1292a740ba63fea7730eedae0f28cd92,0b252757d18c79a6a6ca319df6f813e337d41c571b34f1cd538cb138a0153cc0
2682,277,nsgaii-seed42-20260805,15,nsgaii,42,bf16,cached_decode,headline,256,256,1,3,0,6.56157999765128,39014.9933539842,1.37815856805537,185.029506698793,159.198051452637,192.0,2.625,2.61474609375,1,0.116261005401611,e69f79cd1292a740ba63fea7730eedae0f28cd92,0b252757d18c79a6a6ca319df6f813e337d41c571b34f1cd538cb138a0153cc0
2683,277,nsgaii-seed42-20260805,15,nsgaii,42,bf16,cached_decode,headline,256,256,1,4,0,9.32579801883548,27450.7339192798,1.4078271050239,181.130196378533,159.198051452637,192.0,2.625,2.61474609375,1,0.116261005401611,e69f79cd1292a740ba63fea7730eedae0f28cd92,0b252757d18c79a6a6ca319df6f813e337d41c571b34f1cd538cb138a0153cc0
2684,277,nsgaii-seed42-20260805,15,nsgaii,42,bf16,cached_decode,headline,256,256,1,5,0,9.81336599215865,26086.8697044986,1.44114126800559,176.943097572174,159.198051452637,192.0,2.625,2.61474609375,1,0.116261005401611,e69f79cd1292a740ba63fea7730eedae0f28cd92,0b252757d18c79a6a6ca319df6f813e337d41c571b34f1cd538cb138a0153cc0
2685,277,nsgaii-seed42-20260805,15,nsgaii,42,bf16,cached_decode,headline,256,256,1,6,0,7.51774501986802,34052.7644025488,1.38551035802811,184.047703809967,159.198051452637,192.0,2.625,2.61474609375,1,0.116261005401611,e69f79cd1292a740ba63fea7730eedae0f28cd92,0b252757d18c79a6a6ca319df6f813e337d41c571b34f1cd538cb138a0153cc0
2686,277,nsgaii-seed42-20260805,15,nsgaii,42,bf16,cached_decode,headline,256,256,1,7,0,5.50189102068543,46529.4566972552,1.37521236797329,185.425906528026,159.198051452637,192.0,2.625,2.61474609375,1,0.116261005401611,e69f79cd1292a740ba63fea7730eedae0f28cd92,0b252757d18c79a6a6ca319df6f813e337d41c571b34f1cd538cb138a0153cc0
2687,277,nsgaii-seed42-20260805,15,nsgaii,42,bf16,cached_decode,headline,256,256,1,8,0,6.40691700391471,39956.8153986669,1.38406845706049,184.239441842041,159.198051452637,192.0,2.625,2.61474609375,1,0.116261005401611,e69f79cd1292a740ba63fea7730eedae0f28cd92,0b252757d18c79a6a6ca319df6f813e337d41c571b34f1cd538cb138a0153cc0
2688,277,nsgaii-seed42-20260805,15,nsgaii,42,bf16,cached_decode,headline,256,256,1,9,0,5.65919000655413,45236.1556518718,1.39103914098814,183.316193258845,159.198051452637,192.0,2.625,2.61474609375,1,0.116261005401611,e69f79cd1292a740ba63fea7730eedae0f28cd92,0b252757d18c79a6a6ca319df6f813e337d41c571b34f1cd538cb138a0153cc0
2689,278,nsgaii-seed42-20260805,16,nsgaii,42,bf16,cached_decode,headline,256,256,1,0,1,,,,,,,,,,,e69f79cd1292a740ba63fea7730eedae0f28cd92,0b252757d18c79a6a6ca319df6f813e337d41c571b34f1cd538cb138a0153cc0
2690,278,nsgaii-seed42-20260805,16,nsgaii,42,bf16,cached_decode,headline,256,256,1,1,1,,,,,,,,,,,e69f79cd1292a740ba63fea7730eedae0f28cd92,0b252757d18c79a6a6ca319df6f813e337d41c571b34f1cd538cb138a0153cc0
2691,278,nsgaii-seed42-20260805,16,nsgaii,42,bf16,cached_decode,headline,256,256,1,0,0,7.52139103133231,34036.2572473051,1.69503924902529,150.438994345786,226.537895202637,288.0,1.3125,1.307373046875,1,0.109118282794952,e69f79cd1292a740ba63fea7730eedae0f28cd92,0b252757d18c79a6a6ca319df6f813e337d41c571b34f1cd538cb138a0153cc0
2692,278,nsgaii-seed42-20260805,16,nsgaii,42,bf16,cached_decode,headline,256,256,1,1,0,8.95059097092599,28601.4633929267,1.71605127502698,148.596958442276,226.541801452637,288.0,1.3125,1.307373046875,1,0.109118282794952,e69f79cd1292a740ba63fea7730eedae0f28cd92,0b252757d18c79a6a6ca319df6f813e337d41c571b34f1cd538cb138a0153cc0
2693,278,nsgaii-seed42-20260805,16,nsgaii,42,bf16,cached_decode,headline,256,256,1,2,0,6.96788297500461,36739.9970576903,1.48653276194818,171.540114370442,226.541801452637,288.0,1.3125,1.307373046875,1,0.109118282794952,e69f79cd1292a740ba63fea7730eedae0f28cd92,0b252757d18c79a6a6ca319df6f813e337d41c571b34f1cd538cb138a0153cc0
2694,278,nsgaii-seed42-20260805,16,nsgaii,42,bf16,cached_decode,headline,256,256,1,3,0,5.7619740255177,44429.2179843693,1.43003831198439,178.316900927046,226.541801452637,288.0,1.3125,1.307373046875,1,0.109118282794952,e69f79cd1292a740ba63fea7730eedae0f28cd92,0b252757d18c79a6a6ca319df6f813e337d41c571b34f1cd538cb138a0153cc0
2695,278,nsgaii-seed42-20260805,16,nsgaii,42,bf16,cached_decode,headline,256,256,1,4,0,5.77560800593346,44324.3377557831,1.41937849693932,179.656096347712,226.541801452637,288.0,1.3125,1.307373046875,1,0.109118282794952,e69f79cd1292a740ba63fea7730eedae0f28cd92,0b252757d18c79a6a6ca319df6f813e337d41c571b34f1cd538cb138a0153cc0
2696,278,nsgaii-seed42-20260805,16,nsgaii,42,bf16,cached_decode,headline,256,256,1,5,0,5.91661094222218,43268.0131412952,1.4214321449399,179.396533916701,226.541801452637,288.0,1.3125,1.307373046875,1,0.109118282794952,e69f79cd1292a740ba63fea7730eedae0f28cd92,0b252757d18c79a6a6ca319df6f813e337d41c571b34f1cd538cb138a0153cc0
2697,278,nsgaii-seed42-20260805,16,nsgaii,42,bf16,cached_decode,headline,256,256,1,6,0,5.76086703222245,44437.7553878794,1.42978348908946,178.348681423363,226.541801452637,288.0,1.3125,1.307373046875,1,0.109118282794952,e69f79cd1292a740ba63fea7730eedae0f28cd92,0b252757d18c79a6a6ca319df6f813e337d41c571b34f1cd538cb138a0153cc0
2698,278,nsgaii-seed42-20260805,16,nsgaii,42,bf16,cached_decode,headline,256,256,1,7,0,6.8745210301131,37238.9580130193,1.42127970594447,179.415775046578,226.541801452637,288.0,1.3125,1.307373046875,1,0.109118282794952,e69f79cd1292a740ba63fea7730eedae0f28cd92,0b252757d18c79a6a6ca319df6f813e337d41c571b34f1cd538cb138a0153cc0
2699,278,nsgaii-seed42-20260805,16,nsgaii,42,bf16,cached_decode,headline,256,256,1,8,0,6.56360294669867,39002.9686559212,1.4186688530026,179.745963591359,226.541801452637,288.0,1.3125,1.307373046875,1,0.109118282794952,e69f79cd1292a740ba63fea7730eedae0f28cd92,0b252757d18c79a6a6ca319df6f813e337d41c571b34f1cd538cb138a0153cc0
2700,278,nsgaii-seed42-20260805,16,nsgaii,42,bf16,cached_decode,headline,256,256,1,9,0,5.8440089924261,43805.5451885476,1.41617567790672,180.062406082924,226.541801452637,288.0,1.3125,1.307373046875,1,0.109118282794952,e69f79cd1292a740ba63fea7730eedae0f28cd92,0b252757d18c79a6a6ca319df6f813e337d41c571b34f1cd538cb138a0153cc0
2701,279,nsgaii-seed42-20260805,17,nsgaii,42,bf16,cached_decode,headline,256,256,1,0,1,,,,,,,,,,,e69f79cd1292a740ba63fea7730eedae0f28cd92,0b252757d18c79a6a6ca319df6f813e337d41c571b34f1cd538cb138a0153cc0
2702,279,nsgaii-seed42-20260805,17,nsgaii,42,bf16,cached_decode,headline,256,256,1,1,1,,,,,,,,,,,e69f79cd1292a740ba63fea7730eedae0f28cd92,0b252757d18c79a6a6ca319df6f813e337d41c571b34f1cd538cb138a0153cc0
2703,279,nsgaii-seed42-20260805,17,nsgaii,42,bf16,cached_decode,headline,256,256,1,0,0,7.13954900857061,35856.6065857503,1.64777896902524,154.753765397824,270.886039733887,352.0,3.9375,3.922119140625,1,0.124536275863647,e69f79cd1292a740ba63fea7730eedae0f28cd92,0b252757d18c79a6a6ca319df6f813e337d41c571b34f1cd538cb138a0153cc0
2704,279,nsgaii-seed42-20260805,17,nsgaii,42,bf16,cached_decode,headline,256,256,1,1,0,7.05651601310819,36278.5260494632,1.38531899801455,184.073127103192,270.889945983887,352.0,3.9375,3.922119140625,1,0.124536275863647,e69f79cd1292a740ba63fea7730eedae0f28cd92,0b252757d18c79a6a6ca319df6f813e337d41c571b34f1cd538cb138a0153cc0
2705,279,nsgaii-seed42-20260805,17,nsgaii,42,bf16,cached_decode,headline,256,256,1,2,0,5.5780130205676,45894.4787428894,1.37363519100472,185.63880837494,270.889945983887,352.0,3.9375,3.922119140625,1,0.124536275863647,e69f79cd1292a740ba63fea7730eedae0f28cd92,0b252757d18c79a6a6ca319df6f813e337d41c571b34f1cd538cb138a0153cc0
2706,279,nsgaii-seed42-20260805,17,nsgaii,42,bf16,cached_decode,headline,256,256,1,3,0,5.71884703822434,44764.2677429411,1.36136790900491,187.311599100637,270.889945983887,352.0,3.9375,3.922119140625,1,0.124536275863647,e69f79cd1292a740ba63fea7730eedae0f28cd92,0b252757d18c79a6a6ca319df6f813e337d41c571b34f1cd538cb138a0153cc0
2707,279,nsgaii-seed42-20260805,17,nsgaii,42,bf16,cached_decode,headline,256,256,1,4,0,5.72391005698591,44724.6720251233,1.36327180801891,187.050006095676,270.889945983887,352.0,3.9375,3.922119140625,1,0.124536275863647,e69f79cd1292a740ba63fea7730eedae0f28cd92,0b252757d18c79a6a6ca319df6f813e337d41c571b34f1cd538cb138a0153cc0
2708,279,nsgaii-seed42-20260805,17,nsgaii,42,bf16,cached_decode,headline,256,256,1,5,0,6.17864599917084,41433.0259468425,1.36324221803807,187.054066126992,270.889945983887,352.0,3.9375,3.922119140625,1,0.124536275863647,e69f79cd1292a740ba63fea7730eedae0f28cd92,0b252757d18c79a6a6ca319df6f813e337d41c571b34f1cd538cb138a0153cc0
2709,279,nsgaii-seed42-20260805,17,nsgaii,42,bf16,cached_decode,headline,256,256,1,6,0,6.32067595142871,40501.9972495401,1.36443409300409,186.8906686717,270.889945983887,352.0,3.9375,3.922119140625,1,0.124536275863647,e69f79cd1292a740ba63fea7730eedae0f28cd92,0b252757d18c79a6a6ca319df6f813e337d41c571b34f1cd538cb138a0153cc0
2710,279,nsgaii-seed42-20260805,17,nsgaii,42,bf16,cached_decode,headline,256,256,1,7,0,6.37052801903337,40185.052045159,1.35871132393368,187.677835245927,270.889945983887,352.0,3.9375,3.922119140625,1,0.124536275863647,e69f79cd1292a740ba63fea7730eedae0f28cd92,0b252757d18c79a6a6ca319df6f813e337d41c571b34f1cd538cb138a0153cc0
2711,279,nsgaii-seed42-20260805,17,nsgaii,42,bf16,cached_decode,headline,256,256,1,8,0,6.06408400926739,42215.7739913843,1.35745958902407,187.850895939619,270.889945983887,352.0,3.9375,3.922119140625,1,0.124536275863647,e69f79cd1292a740ba63fea7730eedae0f28cd92,0b252757d18c79a6a6ca319df6f813e337d41c571b34f1cd538cb138a0153cc0
2712,279,nsgaii-seed42-20260805,17,nsgaii,42,bf16,cached_decode,headline,256,256,1,9,0,7.18873692676425,35611.2628140406,1.38779157202225,183.74517120638,270.889945983887,352.0,3.9375,3.922119140625,1,0.124536275863647,e69f79cd1292a740ba63fea7730eedae0f28cd92,0b252757d18c79a6a6ca319df6f813e337d41c571b34f1cd538cb138a0153cc0
2713,280,nsgaii-seed42-20260805,18,nsgaii,42,bf16,cached_decode,headline,256,256,1,0,1,,,,,,,,,,,e69f79cd1292a740ba63fea7730eedae0f28cd92,0b252757d18c79a6a6ca319df6f813e337d41c571b34f1cd538cb138a0153cc0
2714,280,nsgaii-seed42-20260805,18,nsgaii,42,bf16,cached_decode,headline,256,256,1,1,1,,,,,,,,,,,e69f79cd1292a740ba63fea7730eedae0f28cd92,0b252757d18c79a6a6ca319df6f813e337d41c571b34f1cd538cb138a0153cc0
2715,280,nsgaii-seed42-20260805,18,nsgaii,42,bf16,cached_decode,headline,256,256,1,0,0,9.02927096467465,28352.2336411824,2.06698303599842,123.36821132972,361.509048461914,448.0,3.125,3.11279296875,1,0.0884809494018555,e69f79cd1292a740ba63fea7730eedae0f28cd92,0b252757d18c79a6a6ca319df6f813e337d41c571b34f1cd538cb138a0153cc0
2716,280,nsgaii-seed42-20260805,18,nsgaii,42,bf16,cached_decode,headline,256,256,1,1,0,8.27885698527098,30922.1430513237,2.07026815391146,123.172449674317,361.512954711914,448.0,3.125,3.11279296875,1,0.0884809494018555,e69f79cd1292a740ba63fea7730eedae0f28cd92,0b252757d18c79a6a6ca319df6f813e337d41c571b34f1cd538cb138a0153cc0
2717,280,nsgaii-seed42-20260805,18,nsgaii,42,bf16,cached_decode,headline,256,256,1,2,0,8.09978193137795,31605.7891643076,2.07424613309558,122.936230147114,361.512954711914,448.0,3.125,3.11279296875,1,0.0884809494018555,e69f79cd1292a740ba63fea7730eedae0f28cd92,0b252757d18c79a6a6ca319df6f813e337d41c571b34f1cd538cb138a0153cc0
2718,280,nsgaii-seed42-20260805,18,nsgaii,42,bf16,cached_decode,headline,256,256,1,3,0,8.31641000695527,30782.5131019153,2.14864878403023,118.679237805304,361.512954711914,448.0,3.125,3.11279296875,1,0.0884809494018555,e69f79cd1292a740ba63fea7730eedae0f28cd92,0b252757d18c79a6a6ca319df6f813e337d41c571b34f1cd538cb138a0153cc0
2719,280,nsgaii-seed42-20260805,18,nsgaii,42,bf16,cached_decode,headline,256,256,1,4,0,8.38405196554959,30534.1618887758,2.05675286694895,123.981837632381,361.512954711914,448.0,3.125,3.11279296875,1,0.0884809494018555,e69f79cd1292a740ba63fea7730eedae0f28cd92,0b252757d18c79a6a6ca319df6f813e337d41c571b34f1cd538cb138a0153cc0
2720,280,nsgaii-seed42-20260805,18,nsgaii,42,bf16,cached_decode,headline,256,256,1,5,0,9.76483093108982,26216.5317358371,2.07387419801671,122.958277914765,361.512954711914,448.0,3.125,3.11279296875,1,0.0884809494018555,e69f79cd1292a740ba63fea7730eedae0f28cd92,0b252757d18c79a6a6ca319df6f813e337d41c571b34f1cd538cb138a0153cc0
2721,280,nsgaii-seed42-20260805,18,nsgaii,42,bf16,cached_decode,headline,256,256,1,6,0,24.5231030276045,10439.1356881644,2.12010359799024,120.277141287684,361.512954711914,448.0,3.125,3.11279296875,1,0.0884809494018555,e69f79cd1292a740ba63fea7730eedae0f28cd92,0b252757d18c79a6a6ca319df6f813e337d41c571b34f1cd538cb138a0153cc0
2722,280,nsgaii-seed42-20260805,18,nsgaii,42,bf16,cached_decode,headline,256,256,1,7,0,8.21610097773373,31158.3317553886,2.06581034208648,123.438243484854,361.512954711914,448.0,3.125,3.11279296875,1,0.0884809494018555,e69f79cd1292a740ba63fea7730eedae0f28cd92,0b252757d18c79a6a6ca319df6f813e337d41c571b34f1cd538cb138a0153cc0
2723,280,nsgaii-seed42-20260805,18,nsgaii,42,bf16,cached_decode,headline,256,256,1,8,0,8.12361796852201,31513.0525576126,2.06275282404386,123.621209980987,361.512954711914,448.0,3.125,3.11279296875,1,0.0884809494018555,e69f79cd1292a740ba63fea7730eedae0f28cd92,0b252757d18c79a6a6ca319df6f813e337d41c571b34f1cd538cb138a0153cc0
2724,280,nsgaii-seed42-20260805,18,nsgaii,42,bf16,cached_decode,headline,256,256,1,9,0,8.01935093477368,31922.7830384536,2.06117519002873,123.715830286335,361.512954711914,448.0,3.125,3.11279296875,1,0.0884809494018555,e69f79cd1292a740ba63fea7730eedae0f28cd92,0b252757d18c79a6a6ca319df6f813e337d41c571b34f1cd538cb138a0153cc0
2725,281,nsgaii-seed42-20260805,19,nsgaii,42,bf16,cached_decode,headline,256,256,1,0,1,,,,,,,,,,,e69f79cd1292a740ba63fea7730eedae0f28cd92,0b252757d18c79a6a6ca319df6f813e337d41c571b34f1cd538cb138a0153cc0
2726,281,nsgaii-seed42-20260805,19,nsgaii,42,bf16,cached_decode,headline,256,256,1,1,1,,,,,,,,,,,e69f79cd1292a740ba63fea7730eedae0f28cd92,0b252757d18c79a6a6ca319df6f813e337d41c571b34f1cd538cb138a0153cc0
2727,281,nsgaii-seed42-20260805,19,nsgaii,42,bf16,cached_decode,headline,256,256,1,0,0,9.50413197278976,26935.6529068541,1.74760106997564,145.914307550495,226.537895202637,288.0,1.3125,1.307373046875,1,0.094853401184082,e69f79cd1292a740ba63fea7730eedae0f28cd92,0b252757d18c79a6a6ca319df6f813e337d41c571b34f1cd538cb138a0153cc0
2728,281,nsgaii-seed42-20260805,19,nsgaii,42,bf16,cached_decode,headline,256,256,1,1,0,5.76080696191639,44438.218758651,1.42864159191959,178.491233520208,226.541801452637,288.0,1.3125,1.307373046875,1,0.094853401184082,e69f79cd1292a740ba63fea7730eedae0f28cd92,0b252757d18c79a6a6ca319df6f813e337d41c571b34f1cd538cb138a0153cc0
2729,281,nsgaii-seed42-20260805,19,nsgaii,42,bf16,cached_decode,headline,256,256,1,2,0,16.2223170045763,15780.7297149835,1.45743951492477,174.964379234058,226.541801452637,288.0,1.3125,1.307373046875,1,0.094853401184082,e69f79cd1292a740ba63fea7730eedae0f28cd92,0b252757d18c79a6a6ca319df6f813e337d41c571b34f1cd538cb138a0153cc0
2730,281,nsgaii-seed42-20260805,19,nsgaii,42,bf16,cached_decode,headline,256,256,1,3,0,5.94947102945298,43029.0354777201,1.41675716196187,179.988502508705,226.541801452637,288.0,1.3125,1.307373046875,1,0.094853401184082,e69f79cd1292a740ba63fea7730eedae0f28cd92,0b252757d18c79a6a6ca319df6f813e337d41c571b34f1cd538cb138a0153cc0
2731,281,nsgaii-seed42-20260805,19,nsgaii,42,bf16,cached_decode,headline,256,256,1,4,0,6.95651094429195,36800.0571047842,1.42346028005704,179.140931132818,226.541801452637,288.0,1.3125,1.307373046875,1,0.094853401184082,e69f79cd1292a740ba63fea7730eedae0f28cd92,0b252757d18c79a6a6ca319df6f813e337d41c571b34f1cd538cb138a0153cc0
2732,281,nsgaii-seed42-20260805,19,nsgaii,42,bf16,cached_decode,headline,256,256,1,5,0,5.81190909724683,44047.4886507207,1.41837092698552,179.783718876666,226.541801452637,288.0,1.3125,1.307373046875,1,0.094853401184082,e69f79cd1292a740ba63fea7730eedae0f28cd92,0b252757d18c79a6a6ca319df6f813e337d41c571b34f1cd538cb138a0153cc0
2733,281,nsgaii-seed42-20260805,19,nsgaii,42,bf16,cached_decode,headline,256,256,1,6,0,6.93271099589765,36926.3914436192,1.43267359992024,177.98890132002,226.541801452637,288.0,1.3125,1.307373046875,1,0.094853401184082,e69f79cd1292a740ba63fea7730eedae0f28cd92,0b252757d18c79a6a6ca319df6f813e337d41c571b34f1cd538cb138a0153cc0
2734,281,nsgaii-seed42-20260805,19,nsgaii,42,bf16,cached_decode,headline,256,256,1,7,0,5.77764504123479,44308.7102397152,1.4156632629456,180.127581660498,226.541801452637,288.0,1.3125,1.307373046875,1,0.094853401184082,e69f79cd1292a740ba63fea7730eedae0f28cd92,0b252757d18c79a6a6ca319df6f813e337d41c571b34f1cd538cb138a0153cc0
2735,281,nsgaii-seed42-20260805,19,nsgaii,42,bf16,cached_decode,headline,256,256,1,8,0,5.77155395876616,44355.4719974805,1.42823475599289,178.542077155045,226.541801452637,288.0,1.3125,1.307373046875,1,0.094853401184082,e69f79cd1292a740ba63fea7730eedae0f28cd92,0b252757d18c79a6a6ca319df6f813e337d41c571b34f1cd538cb138a0153cc0
2736,281,nsgaii-seed42-20260805,19,nsgaii,42,bf16,cached_decode,headline,256,256,1,9,0,6.81922794319689,37540.9067027001,1.44696394097991,176.231067532553,226.541801452637,288.0,1.3125,1.307373046875,1,0.094853401184082,e69f79cd1292a740ba63fea7730eedae0f28cd92,0b252757d18c79a6a6ca319df6f813e337d41c571b34f1cd538cb138a0153cc0
2737,282,nsgaii-seed42-20260805,20,nsgaii,42,bf16,cached_decode,headline,256,256,1,0,1,,,,,,,,,,,e69f79cd1292a740ba63fea7730eedae0f28cd92,0b252757d18c79a6a6ca319df6f813e337d41c571b34f1cd538cb138a0153cc0
2738,282,nsgaii-seed42-20260805,20,nsgaii,42,bf16,cached_decode,headline,256,256,1,1,1,,,,,,,,,,,e69f79cd1292a740ba63fea7730eedae0f28cd92,0b252757d18c79a6a6ca319df6f813e337d41c571b34f1cd538cb138a0153cc0
2739,282,nsgaii-seed42-20260805,20,nsgaii,42,bf16,cached_decode,headline,256,256,1,0,0,6.44417607691139,39725.7922416511,1.43162364594173,178.119438529014,182.38053894043,224.0,1.5,1.494140625,1,0.0893628597259521,e69f79cd1292a740ba63fea7730eedae0f28cd92,0b252757d18c79a6a6ca319df6f813e337d41c571b34f1cd538cb138a0153cc0
2740,282,nsgaii-seed42-20260805,20,nsgaii,42,bf16,cached_decode,headline,256,256,1,1,0,5.89559809304774,43422.2272209978,1.42882989801001,178.467710085819,182.38444519043,224.0,1.5,1.494140625,1,0.0893628597259521,e69f79cd1292a740ba63fea7730eedae0f28cd92,0b252757d18c79a6a6ca319df6f813e337d41c571b34f1cd538cb138a0153cc0
2741,282,nsgaii-seed42-20260805,20,nsgaii,42,bf16,cached_decode,headline,256,256,1,2,0,6.04512298014015,42348.1872645153,1.19537851901259,213.3215512444,182.38444519043,224.0,1.5,1.494140625,1,0.0893628597259521,e69f79cd1292a740ba63fea7730eedae0f28cd92,0b252757d18c79a6a6ca319df6f813e337d41c571b34f1cd538cb138a0153cc0
2742,282,nsgaii-seed42-20260805,20,nsgaii,42,bf16,cached_decode,headline,256,256,1,3,0,4.83564392197877,52940.2090249944,1.18067514896393,215.978120843628,182.38444519043,224.0,1.5,1.494140625,1,0.0893628597259521,e69f79cd1292a740ba63fea7730eedae0f28cd92,0b252757d18c79a6a6ca319df6f813e337d41c571b34f1cd538cb138a0153cc0
2743,282,nsgaii-seed42-20260805,20,nsgaii,42,bf16,cached_decode,headline,256,256,1,4,0,4.84231195878237,52867.3084632021,1.19368546304759,213.624114470626,182.38444519043,224.0,1.5,1.494140625,1,0.0893628597259521,e69f79cd1292a740ba63fea7730eedae0f28cd92,0b252757d18c79a6a6ca319df6f813e337d41c571b34f1cd538cb138a0153cc0
2744,282,nsgaii-seed42-20260805,20,nsgaii,42,bf16,cached_decode,headline,256,256,1,5,0,4.99615306034684,51239.4229936238,1.18547623790801,215.10342581813,182.38444519043,224.0,1.5,1.494140625,1,0.0893628597259521,e69f79cd1292a740ba63fea7730eedae0f28cd92,0b252757d18c79a6a6ca319df6f813e337d41c571b34f1cd538cb138a0153cc0
2745,282,nsgaii-seed42-20260805,20,nsgaii,42,bf16,cached_decode,headline,256,256,1,6,0,4.85173193737864,52764.6628676511,1.18787939299364,214.66825799323,182.38444519043,224.0,1.5,1.494140625,1,0.0893628597259521,e69f79cd1292a740ba63fea7730eedae0f28cd92,0b252757d18c79a6a6ca319df6f813e337d41c571b34f1cd538cb138a0153cc0
2746,282,nsgaii-seed42-20260805,20,nsgaii,42,bf16,cached_decode,headline,256,256,1,7,0,4.88747307099402,52378.8052192653,1.1863872660324,214.93824765398,182.38444519043,224.0,1.5,1.494140625,1,0.0893628597259521,e69f79cd1292a740ba63fea7730eedae0f28cd92,0b252757d18c79a6a6ca319df6f813e337d41c571b34f1cd538cb138a0153cc0
2747,282,nsgaii-seed42-20260805,20,nsgaii,42,bf16,cached_decode,headline,256,256,1,8,0,4.96485899202526,51562.3908778068,1.18282640993129,215.585311470017,182.38444519043,224.0,1.5,1.494140625,1,0.0893628597259521,e69f79cd1292a740ba63fea7730eedae0f28cd92,0b252757d18c79a6a6ca319df6f813e337d41c571b34f1cd538cb138a0153cc0
2748,282,nsgaii-seed42-20260805,20,nsgaii,42,bf16,cached_decode,headline,256,256,1,9,0,5.86655992083251,43637.1576280894,1.31971959094517,193.222864727932,182.38444519043,224.0,1.5,1.494140625,1,0.0893628597259521,e69f79cd1292a740ba63fea7730eedae0f28cd92,0b252757d18c79a6a6ca319df6f813e337d41c571b34f1cd538cb138a0153cc0
2749,283,nsgaii-seed42-20260805,21,nsgaii,42,bf16,cached_decode,headline,256,256,1,0,1,,,,,,,,,,,e69f79cd1292a740ba63fea7730eedae0f28cd92,0b252757d18c79a6a6ca319df6f813e337d41c571b34f1cd538cb138a0153cc0
2750,283,nsgaii-seed42-20260805,21,nsgaii,42,bf16,cached_decode,headline,256,256,1,1,1,,,,,,,,,,,e69f79cd1292a740ba63fea7730eedae0f28cd92,0b252757d18c79a6a6ca319df6f813e337d41c571b34f1cd538cb138a0153cc0
2751,283,nsgaii-seed42-20260805,21,nsgaii,42,bf16,cached_decode,headline,256,256,1,0,0,8.44384601805359,30317.9379932619,1.67585444205906,152.161186318002,279.568420410156,352.0,1.0,0.99609375,1,0.0932936668395996,e69f79cd1292a740ba63fea7730eedae0f28cd92,0b252757d18c79a6a6ca319df6f813e337d41c571b34f1cd538cb138a0153cc0
2752,283,nsgaii-seed42-20260805,21,nsgaii,42,bf16,cached_decode,headline,256,256,1,1,0,6.29799405578524,40647.863070757,1.60030050005298,159.345072998201,279.572326660156,352.0,1.0,0.99609375,1,0.0932936668395996,e69f79cd1292a740ba63fea7730eedae0f28cd92,0b252757d18c79a6a6ca319df6f813e337d41c571b34f1cd538cb138a0153cc0
2753,283,nsgaii-seed42-20260805,21,nsgaii,42,bf16,cached_decode,headline,256,256,1,2,0,6.494231056422,39419.6014548709,1.61916719493456,157.488368587103,279.572326660156,352.0,1.0,0.99609375,1,0.0932936668395996,e69f79cd1292a740ba63fea7730eedae0f28cd92,0b252757d18c79a6a6ca319df6f813e337d41c571b34f1cd538cb138a0153cc0
2754,283,nsgaii-seed42-20260805,21,nsgaii,42,bf16,cached_decode,headline,256,256,1,3,0,6.69034500606358,38264.0954641327,1.60335654194932,159.041356883714,279.572326660156,352.0,1.0,0.99609375,1,0.0932936668395996,e69f79cd1292a740ba63fea7730eedae0f28cd92,0b252757d18c79a6a6ca319df6f813e337d41c571b34f1cd538cb138a0153cc0
2755,283,nsgaii-seed42-20260805,21,nsgaii,42,bf16,cached_decode,headline,256,256,1,4,0,6.39110000338405,40055.7024400259,1.60295854101423,159.080845496263,279.572326660156,352.0,1.0,0.99609375,1,0.0932936668395996,e69f79cd1292a740ba63fea7730eedae0f28cd92,0b252757d18c79a6a6ca319df6f813e337d41c571b34f1cd538cb138a0153cc0
2756,283,nsgaii-seed42-20260805,21,nsgaii,42,bf16,cached_decode,headline,256,256,1,5,0,6.43639697227627,39773.8052986288,1.60575821308885,158.80348480951,279.572326660156,352.0,1.0,0.99609375,1,0.0932936668395996,e69f79cd1292a740ba63fea7730eedae0f28cd92,0b252757d18c79a6a6ca319df6f813e337d41c571b34f1cd538cb138a0153cc0
2757,283,nsgaii-seed42-20260805,21,nsgaii,42,bf16,cached_decode,headline,256,256,1,6,0,6.60986208822578,38730.0062517213,1.60883255500812,158.50002488215,279.572326660156,352.0,1.0,0.99609375,1,0.0932936668395996,e69f79cd1292a740ba63fea7730eedae0f28cd92,0b252757d18c79a6a6ca319df6f813e337d41c571b34f1cd538cb138a0153cc0
2758,283,nsgaii-seed42-20260805,21,nsgaii,42,bf16,cached_decode,headline,256,256,1,7,0,6.50595501065254,39348.5659800656,1.60400604002643,158.976957465695,279.572326660156,352.0,1.0,0.99609375,1,0.0932936668395996,e69f79cd1292a740ba63fea7730eedae0f28cd92,0b252757d18c79a6a6ca319df6f813e337d41c571b34f1cd538cb138a0153cc0
2759,283,nsgaii-seed42-20260805,21,nsgaii,42,bf16,cached_decode,headline,256,256,1,8,0,6.28430501092225,40736.405943866,1.61523181409575,157.872076177967,279.572326660156,352.0,1.0,0.99609375,1,0.0932936668395996,e69f79cd1292a740ba63fea7730eedae0f28cd92,0b252757d18c79a6a6ca319df6f813e337d41c571b34f1cd538cb138a0153cc0
2760,283,nsgaii-seed42-20260805,21,nsgaii,42,bf16,cached_decode,headline,256,256,1,9,0,7.10822409018874,36014.6214795548,1.61539654096123,157.855977485419,279.572326660156,352.0,1.0,0.99609375,1,0.0932936668395996,e69f79cd1292a740ba63fea7730eedae0f28cd92,0b252757d18c79a6a6ca319df6f813e337d41c571b34f1cd538cb138a0153cc0
2761,284,nsgaii-seed42-20260805,22,nsgaii,42,bf16,cached_decode,headline,256,256,1,0,1,,,,,,,,,,,e69f79cd1292a740ba63fea7730eedae0f28cd92,0b252757d18c79a6a6ca319df6f813e337d41c571b34f1cd538cb138a0153cc0
2762,284,nsgaii-seed42-20260805,22,nsgaii,42,bf16,cached_decode,headline,256,256,1,1,1,,,,,,,,,,,e69f79cd1292a740ba63fea7730eedae0f28cd92,0b252757d18c79a6a6ca319df6f813e337d41c571b34f1cd538cb138a0153cc0
2763,284,nsgaii-seed42-20260805,22,nsgaii,42,bf16,cached_decode,headline,256,256,1,0,0,17.5158359343186,14615.3458481774,1.72025600995403,148.233750397893,257.567680358887,320.0,0.875,0.87158203125,1,0.0928566455841064,e69f79cd1292a740ba63fea7730eedae0f28cd92,0b252757d18c79a6a6ca319df6f813e337d41c571b34f1cd538cb138a0153cc0
2764,284,nsgaii-seed42-20260805,22,nsgaii,42,bf16,cached_decode,headline,256,256,1,1,0,8.57094000093639,29868.3691604458,1.69549799105152,150.398290853682,257.571586608887,320.0,0.875,0.87158203125,1,0.0928566455841064,e69f79cd1292a740ba63fea7730eedae0f28cd92,0b252757d18c79a6a6ca319df6f813e337d41c571b34f1cd538cb138a0153cc0
2765,284,nsgaii-seed42-20260805,22,nsgaii,42,bf16,cached_decode,headline,256,256,1,2,0,6.66094699408859,38432.9736037823,1.57614787097555,161.786850520674,257.571586608887,320.0,0.875,0.87158203125,1,0.0928566455841064,e69f79cd1292a740ba63fea7730eedae0f28cd92,0b252757d18c79a6a6ca319df6f813e337d41c571b34f1cd538cb138a0153cc0
2766,284,nsgaii-seed42-20260805,22,nsgaii,42,bf16,cached_decode,headline,256,256,1,3,0,5.56513306219131,46000.6970433872,1.40510238602292,181.481436894977,257.571586608887,320.0,0.875,0.87158203125,1,0.0928566455841064,e69f79cd1292a740ba63fea7730eedae0f28cd92,0b252757d18c79a6a6ca319df6f813e337d41c571b34f1cd538cb138a0153cc0
2767,284,nsgaii-seed42-20260805,22,nsgaii,42,bf16,cached_decode,headline,256,256,1,4,0,12.3540560016409,20721.9394153627,1.4265656049829,178.750980052584,257.571586608887,320.0,0.875,0.87158203125,1,0.0928566455841064,e69f79cd1292a740ba63fea7730eedae0f28cd92,0b252757d18c79a6a6ca319df6f813e337d41c571b34f1cd538cb138a0153cc0
2768,284,nsgaii-seed42-20260805,22,nsgaii,42,bf16,cached_decode,headline,256,256,1,5,0,12.3010950628668,20811.1553233,1.42422146594618,179.045187912957,257.571586608887,320.0,0.875,0.87158203125,1,0.0928566455841064,e69f79cd1292a740ba63fea7730eedae0f28cd92,0b252757d18c79a6a6ca319df6f813e337d41c571b34f1cd538cb138a0153cc0
2769,284,nsgaii-seed42-20260805,22,nsgaii,42,bf16,cached_decode,headline,256,256,1,6,0,8.56350793037564,29894.2912275403,1.42256510199513,179.253659212057,257.571586608887,320.0,0.875,0.87158203125,1,0.0928566455841064,e69f79cd1292a740ba63fea7730eedae0f28cd92,0b252757d18c79a6a6ca319df6f813e337d41c571b34f1cd538cb138a0153cc0
2770,284,nsgaii-seed42-20260805,22,nsgaii,42,bf16,cached_decode,headline,256,256,1,7,0,7.89830298162997,32412.025797872,1.43765800492838,177.371808264444,257.571586608887,320.0,0.875,0.87158203125,1,0.0928566455841064,e69f79cd1292a740ba63fea7730eedae0f28cd92,0b252757d18c79a6a6ca319df6f813e337d41c571b34f1cd538cb138a0153cc0
2771,284,nsgaii-seed42-20260805,22,nsgaii,42,bf16,cached_decode,headline,256,256,1,8,0,8.60003207344562,29767.3308440852,1.4134112970205,180.414576095115,257.571586608887,320.0,0.875,0.87158203125,1,0.0928566455841064,e69f79cd1292a740ba63fea7730eedae0f28cd92,0b252757d18c79a6a6ca319df6f813e337d41c571b34f1cd538cb138a0153cc0
2772,284,nsgaii-seed42-20260805,22,nsgaii,42,bf16,cached_decode,headline,256,256,1,9,0,6.74495403654873,37954.2986672435,1.45328288793098,175.464806004177,257.571586608887,320.0,0.875,0.87158203125,1,0.0928566455841064,e69f79cd1292a740ba63fea7730eedae0f28cd92,0b252757d18c79a6a6ca319df6f813e337d41c571b34f1cd538cb138a0153cc0
2773,285,nsgaii-seed42-20260805,23,nsgaii,42,bf16,cached_decode,headline,256,256,1,0,1,,,,,,,,,,,e69f79cd1292a740ba63fea7730eedae0f28cd92,0b252757d18c79a6a6ca319df6f813e337d41c571b34f1cd538cb138a0153cc0
2774,285,nsgaii-seed42-20260805,23,nsgaii,42,bf16,cached_decode,headline,256,256,1,1,1,,,,,,,,,,,e69f79cd1292a740ba63fea7730eedae0f28cd92,0b252757d18c79a6a6ca319df6f813e337d41c571b34f1cd538cb138a0153cc0
2775,285,nsgaii-seed42-20260805,23,nsgaii,42,bf16,cached_decode,headline,256,256,1,0,0,8.0928549868986,31632.8416133039,1.86737021594308,136.555674832383,249.882385253906,320.0,4.0,3.984375,1,0.0913276672363281,e69f79cd1292a740ba63fea7730eedae0f28cd92,0b252757d18c79a6a6ca319df6f813e337d41c571b34f1cd538cb138a0153cc0
2776,285,nsgaii-seed42-20260805,23,nsgaii,42,bf16,cached_decode,headline,256,256,1,1,0,6.26115698833019,40887.0118537427,1.55643408989999,163.836041406922,249.886291503906,320.0,4.0,3.984375,1,0.0913276672363281,e69f79cd1292a740ba63fea7730eedae0f28cd92,0b252757d18c79a6a6ca319df6f813e337d41c571b34f1cd538cb138a0153cc0
2777,285,nsgaii-seed42-20260805,23,nsgaii,42,bf16,cached_decode,headline,256,256,1,2,0,6.36290898546576,40233.1701718127,1.5705756660318,162.360849919622,249.886291503906,320.0,4.0,3.984375,1,0.0913276672363281,e69f79cd1292a740ba63fea7730eedae0f28cd92,0b252757d18c79a6a6ca319df6f813e337d41c571b34f1cd538cb138a0153cc0
2778,285,nsgaii-seed42-20260805,23,nsgaii,42,bf16,cached_decode,headline,256,256,1,3,0,6.36804406531155,40200.7268439772,1.9309369350085,132.060242557263,249.886291503906,320.0,4.0,3.984375,1,0.0913276672363281,e69f79cd1292a740ba63fea7730eedae0f28cd92,0b252757d18c79a6a6ca319df6f813e337d41c571b34f1cd538cb138a0153cc0
2779,285,nsgaii-seed42-20260805,23,nsgaii,42,bf16,cached_decode,headline,256,256,1,4,0,9.57959692459553,26723.4625856462,1.89828784903511,134.331576809921,249.886291503906,320.0,4.0,3.984375,1,0.0913276672363281,e69f79cd1292a740ba63fea7730eedae0f28cd92,0b252757d18c79a6a6ca319df6f813e337d41c571b34f1cd538cb138a0153cc0
2780,285,nsgaii-seed42-20260805,23,nsgaii,42,bf16,cached_decode,headline,256,256,1,5,0,7.46039894875139,34314.5188023551,1.70493069395889,149.566196974192,249.886291503906,320.0,4.0,3.984375,1,0.0913276672363281,e69f79cd1292a740ba63fea7730eedae0f28cd92,0b252757d18c79a6a6ca319df6f813e337d41c571b34f1cd538cb138a0153cc0
2781,285,nsgaii-seed42-20260805,23,nsgaii,42,bf16,cached_decode,headline,256,256,1,6,0,9.83396102674305,26032.2365833888,1.5984423449263,159.530308246281,249.886291503906,320.0,4.0,3.984375,1,0.0913276672363281,e69f79cd1292a740ba63fea7730eedae0f28cd92,0b252757d18c79a6a6ca319df6f813e337d41c571b34f1cd538cb138a0153cc0
2782,285,nsgaii-seed42-20260805,23,nsgaii,42,bf16,cached_decode,headline,256,256,1,7,0,6.60609407350421,38752.0972531662,1.61845303606242,157.557861932402,249.886291503906,320.0,4.0,3.984375,1,0.0913276672363281,e69f79cd1292a740ba63fea7730eedae0f28cd92,0b252757d18c79a6a6ca319df6f813e337d41c571b34f1cd538cb138a0153cc0
2783,285,nsgaii-seed42-20260805,23,nsgaii,42,bf16,cached_decode,headline,256,256,1,8,0,17.7772350143641,14400.4396517878,1.64245904795825,155.255012486912,249.886291503906,320.0,4.0,3.984375,1,0.0913276672363281,e69f79cd1292a740ba63fea7730eedae0f28cd92,0b252757d18c79a6a6ca319df6f813e337d41c571b34f1cd538cb138a0153cc0
2784,285,nsgaii-seed42-20260805,23,nsgaii,42,bf16,cached_decode,headline,256,256,1,9,0,25.8407449582592,9906.83513240503,1.6614171579713,153.483427552519,249.886291503906,320.0,4.0,3.984375,1,0.0913276672363281,e69f79cd1292a740ba63fea7730eedae0f28cd92,0b252757d18c79a6a6ca319df6f813e337d41c571b34f1cd538cb138a0153cc0
2785,286,nsgaii-seed42-20260805,24,nsgaii,42,bf16,cached_decode,headline,256,256,1,0,1,,,,,,,,,,,e69f79cd1292a740ba63fea7730eedae0f28cd92,0b252757d18c79a6a6ca319df6f813e337d41c571b34f1cd538cb138a0153cc0
2786,286,nsgaii-seed42-20260805,24,nsgaii,42,bf16,cached_decode,headline,256,256,1,1,1,,,,,,,,,,,e69f79cd1292a740ba63fea7730eedae0f28cd92,0b252757d18c79a6a6ca319df6f813e337d41c571b34f1cd538cb138a0153cc0
2787,286,nsgaii-seed42-20260805,24,nsgaii,42,bf16,cached_decode,headline,256,256,1,0,0,6.44673500210047,39710.0237432732,1.42700819706079,178.695539748983,257.567680358887,288.0,0.875,0.87158203125,1,0.120178937911987,e69f79cd1292a740ba63fea7730eedae0f28cd92,0b252757d18c79a6a6ca319df6f813e337d41c571b34f1cd538cb138a0153cc0
2788,286,nsgaii-seed42-20260805,24,nsgaii,42,bf16,cached_decode,headline,256,256,1,1,0,7.72678200155497,33131.5158041836,1.44864398206118,176.026686444503,257.571586608887,288.0,0.875,0.87158203125,1,0.120178937911987,e69f79cd1292a740ba63fea7730eedae0f28cd92,0b252757d18c79a6a6ca319df6f813e337d41c571b34f1cd538cb138a0153cc0
2789,286,nsgaii-seed42-20260805,24,nsgaii,42,bf16,cached_decode,headline,256,256,1,2,0,5.60639100149274,45662.173746326,1.60041331802495,159.333840282392,257.571586608887,288.0,0.875,0.87158203125,1,0.120178937911987,e69f79cd1292a740ba63fea7730eedae0f28cd92,0b252757d18c79a6a6ca319df6f813e337d41c571b34f1cd538cb138a0153cc0
2790,286,nsgaii-seed42-20260805,24,nsgaii,42,bf16,cached_decode,headline,256,256,1,3,0,7.10646598599851,36023.5313170264,1.69283120695036,150.635219242788,257.571586608887,288.0,0.875,0.87158203125,1,0.120178937911987,e69f79cd1292a740ba63fea7730eedae0f28cd92,0b252757d18c79a6a6ca319df6f813e337d41c571b34f1cd538cb138a0153cc0
2791,286,nsgaii-seed42-20260805,24,nsgaii,42,bf16,cached_decode,headline,256,256,1,4,0,7.15392793063074,35784.5371776661,1.77899520308711,143.339340970395,257.571586608887,288.0,0.875,0.87158203125,1,0.120178937911987,e69f79cd1292a740ba63fea7730eedae0f28cd92,0b252757d18c79a6a6ca319df6f813e337d41c571b34f1cd538cb138a0153cc0
2792,286,nsgaii-seed42-20260805,24,nsgaii,42,bf16,cached_decode,headline,256,256,1,5,0,7.09600700065494,36076.6273167955,1.53806261508726,165.792990154392,257.571586608887,288.0,0.875,0.87158203125,1,0.120178937911987,e69f79cd1292a740ba63fea7730eedae0f28cd92,0b252757d18c79a6a6ca319df6f813e337d41c571b34f1cd538cb138a0153cc0
2793,286,nsgaii-seed42-20260805,24,nsgaii,42,bf16,cached_decode,headline,256,256,1,6,0,5.91954705305398,43246.5520935299,1.43660416302737,177.501921936963,257.571586608887,288.0,0.875,0.87158203125,1,0.120178937911987,e69f79cd1292a740ba63fea7730eedae0f28cd92,0b252757d18c79a6a6ca319df6f813e337d41c571b34f1cd538cb138a0153cc0
2794,286,nsgaii-seed42-20260805,24,nsgaii,42,bf16,cached_decode,headline,256,256,1,7,0,5.73758804239333,44618.0517158939,1.4262538329931,178.790054127226,257.571586608887,288.0,0.875,0.87158203125,1,0.120178937911987,e69f79cd1292a740ba63fea7730eedae0f28cd92,0b252757d18c79a6a6ca319df6f813e337d41c571b34f1cd538cb138a0153cc0
2795,286,nsgaii-seed42-20260805,24,nsgaii,42,bf16,cached_decode,headline,256,256,1,8,0,5.92129200231284,43233.8077399336,1.40672887989786,181.27160367854,257.571586608887,288.0,0.875,0.87158203125,1,0.120178937911987,e69f79cd1292a740ba63fea7730eedae0f28cd92,0b252757d18c79a6a6ca319df6f813e337d41c571b34f1cd538cb138a0153cc0
2796,286,nsgaii-seed42-20260805,24,nsgaii,42,bf16,cached_decode,headline,256,256,1,9,0,6.2012419803068,41282.0529843821,1.50905403995421,168.980032025717,257.571586608887,288.0,0.875,0.87158203125,1,0.120178937911987,e69f79cd1292a740ba63fea7730eedae0f28cd92,0b252757d18c79a6a6ca319df6f813e337d41c571b34f1cd538cb138a0153cc0
2797,287,nsgaii-seed42-20260805,25,nsgaii,42,bf16,cached_decode,headline,256,256,1,0,1,,,,,,,,,,,e69f79cd1292a740ba63fea7730eedae0f28cd92,0b252757d18c79a6a6ca319df6f813e337d41c571b34f1cd538cb138a0153cc0
2798,287,nsgaii-seed42-20260805,25,nsgaii,42,bf16,cached_decode,headline,256,256,1,1,1,,,,,,,,,,,e69f79cd1292a740ba63fea7730eedae0f28cd92,0b252757d18c79a6a6ca319df6f813e337d41c571b34f1cd538cb138a0153cc0
2799,287,nsgaii-seed42-20260805,25,nsgaii,42,bf16,cached_decode,headline,256,256,1,0,0,7.64967396389693,33465.4785561066,1.49444431392476,170.631985162639,257.567680358887,288.0,0.875,0.87158203125,1,0.116507411003113,e69f79cd1292a740ba63fea7730eedae0f28cd92,0b252757d18c79a6a6ca319df6f813e337d41c571b34f1cd538cb138a0153cc0
2800,287,nsgaii-seed42-20260805,25,nsgaii,42,bf16,cached_decode,headline,256,256,1,1,0,5.69914001971483,44919.0578077444,1.49377283197828,170.708687787748,257.571586608887,288.0,0.875,0.87158203125,1,0.116507411003113,e69f79cd1292a740ba63fea7730eedae0f28cd92,0b252757d18c79a6a6ca319df6f813e337d41c571b34f1cd538cb138a0153cc0
2801,287,nsgaii-seed42-20260805,25,nsgaii,42,bf16,cached_decode,headline,256,256,1,2,0,5.83884806837887,43844.2646566547,1.44784700206947,176.123581867088,257.571586608887,288.0,0.875,0.87158203125,1,0.116507411003113,e69f79cd1292a740ba63fea7730eedae0f28cd92,0b252757d18c79a6a6ca319df6f813e337d41c571b34f1cd538cb138a0153cc0
2802,287,nsgaii-seed42-20260805,25,nsgaii,42,bf16,cached_decode,headline,256,256,1,3,0,5.78032794874161,44288.1445949328,1.41562733903993,180.132152698421,257.571586608887,288.0,0.875,0.87158203125,1,0.116507411003113,e69f79cd1292a740ba63fea7730eedae0f28cd92,0b252757d18c79a6a6ca319df6f813e337d41c571b34f1cd538cb138a0153cc0
2803,287,nsgaii-seed42-20260805,25,nsgaii,42,bf16,cached_decode,headline,256,256,1,4,0,5.62312197871506,45526.3110010817,1.49511670996435,170.555247159321,257.571586608887,288.0,0.875,0.87158203125,1,0.116507411003113,e69f79cd1292a740ba63fea7730eedae0f28cd92,0b252757d18c79a6a6ca319df6f813e337d41c571b34f1cd538cb138a0153cc0
2804,287,nsgaii-seed42-20260805,25,nsgaii,42,bf16,cached_decode,headline,256,256,1,5,0,5.88495493866503,43500.7578933259,1.42466758401133,178.989121997158,257.571586608887,288.0,0.875,0.87158203125,1,0.116507411003113,e69f79cd1292a740ba63fea7730eedae0f28cd92,0b252757d18c79a6a6ca319df6f813e337d41c571b34f1cd538cb138a0153cc0
2805,287,nsgaii-seed42-20260805,25,nsgaii,42,bf16,cached_decode,headline,256,256,1,6,0,6.35852792765945,40260.8910289449,1.42067688598763,179.491904538679,257.571586608887,288.0,0.875,0.87158203125,1,0.116507411003113,e69f79cd1292a740ba63fea7730eedae0f28cd92,0b252757d18c79a6a6ca319df6f813e337d41c571b34f1cd538cb138a0153cc0
2806,287,nsgaii-seed42-20260805,25,nsgaii,42,bf16,cached_decode,headline,256,256,1,7,0,5.57942199520767,45882.8889838206,1.45151802897453,175.67814860705,257.571586608887,288.0,0.875,0.87158203125,1,0.116507411003113,e69f79cd1292a740ba63fea7730eedae0f28cd92,0b252757d18c79a6a6ca319df6f813e337d41c571b34f1cd538cb138a0153cc0
2807,287,nsgaii-seed42-20260805,25,nsgaii,42,bf16,cached_decode,headline,256,256,1,8,0,7.10730499122292,36019.2788006346,1.59001012006775,160.376337723646,257.571586608887,288.0,0.875,0.87158203125,1,0.116507411003113,e69f79cd1292a740ba63fea7730eedae0f28cd92,0b252757d18c79a6a6ca319df6f813e337d41c571b34f1cd538cb138a0153cc0
2808,287,nsgaii-seed42-20260805,25,nsgaii,42,bf16,cached_decode,headline,256,256,1,9,0,5.74084999971092,44592.699689574,1.73032422689721,147.37122444229,257.571586608887,288.0,0.875,0.87158203125,1,0.116507411003113,e69f79cd1292a740ba63fea7730eedae0f28cd92,0b252757d18c79a6a6ca319df6f813e337d41c571b34f1cd538cb138a0153cc0
